session_id,title,workflow_type,status,current_step,total_steps,case_id,created_at,updated_at,extracted_data,config
SUB-1752400055185-9rg95fvh,Submission Processing - UW-2025-001,submission,pending_approval,2,6,UW-2025-001,2025-07-13T09:47:35.185Z,2025-07-13T11:45:23.551Z,"{""client_name"":""Lee Warner Jones"",""property_type"":""House - Detached"",""premium_target"":""£8,021""}","{""workflowType"":""submission"",""totalSteps"":6}"
SUB-1752401813113-pvijphhn,Submission Processing - UW-2025-001,submission,pending_approval,1,6,UW-2025-001,2025-07-13T10:16:53.113Z,2025-07-13T10:17:10.265Z,{},{}
SUB-1752402235734-2uomqj08,Submission Processing - UW-2025-001,submission,pending_approval,1,6,UW-2025-001,2025-07-13T10:23:55.734Z,2025-07-13T10:24:21.443Z,{},{}
SUB-1752407134053-nbd5vdoo,Submission Processing - UW-2025-001,submission,running,0,6,UW-2025-001,2025-07-13T11:45:34.053Z,2025-07-13T11:45:34.053Z,{},{}
SUB-1752407533989-4wlc6hii,Submission Processing - UW-2025-001,submission,pending_data_extraction,0,6,UW-2025-001,2025-07-13T11:52:13.989Z,2025-07-13T11:52:20.025Z,{},{}
SUB-1752407809927-dip1ckcc,Submission Processing - UW-2025-001,submission,pending_data_extraction,0,6,UW-2025-001,2025-07-13T11:56:49.927Z,2025-07-13T11:56:55.969Z,{},{}
SUB-1752411289158-0siw0h6k,Submission Processing - UW-2025-001,submission,pending_data_extraction,0,6,UW-2025-001,2025-07-13T12:54:49.158Z,2025-07-13T12:54:55.188Z,{},{}
SUB-1752411311758-0b8azl7l,Submission Processing - UW-2025-001,submission,pending_data_extraction,0,6,UW-2025-001,2025-07-13T12:55:11.758Z,2025-07-13T12:55:17.788Z,{},{}
SUB-1752412594775-imhjwrsu,Submission Processing - UW-2025-001,submission,pending_data_extraction,0,6,UW-2025-001,2025-07-13T13:16:34.775Z,2025-07-13T13:16:40.843Z,{},{}
SUB-1752412676141-uovo0035,Test Flow End-to-End - UW-2025-001,submission,pending_approval,1,6,UW-2025-001,2025-07-13T13:17:56.141Z,2025-07-13T13:18:22.583Z,{},{}
SUB-1752412784471-1epbd5co,Submission Processing - UW-2025-001,submission,pending_approval,1,6,UW-2025-001,2025-07-13T13:19:44.471Z,2025-07-13T13:20:05.505Z,{},{}
SUB-1752417409149-gov3b851,Submission Processing - UW-2025-001,submission,pending_approval,1,6,UW-2025-001,2025-07-13T14:36:49.149Z,2025-07-13T14:37:39.292Z,{},{}
SUB-1752418845471-o84w11hk,Submission Processing - UW-2025-001,submission,pending_approval,1,6,UW-2025-001,2025-07-13T15:00:45.471Z,2025-07-13T15:03:01.383Z,{},{}
SUB-1752420103918-tx3fryd5,Submission Processing - UW-2025-001,submission,pending_data_extraction,0,6,UW-2025-001,2025-07-13T15:21:43.918Z,2025-07-13T15:21:49.970Z,{},{}
SUB-1752420110832-1ushejaj,Submission Processing - UW-2025-001,submission,pending_approval,1,6,UW-2025-001,2025-07-13T15:21:50.832Z,2025-07-13T15:26:44.177Z,{},{}
SUB-1752420492970-cjzb1jny,Submission Processing - UW-2025-001,submission,pending_approval,1,6,UW-2025-001,2025-07-13T15:28:12.970Z,2025-07-13T15:28:55.757Z,{},{}
UND-1752421025685-nom6uszo,Test Timeline Events,underwriting,pending_approval,1,6,SLP-2025-001,2025-07-13T15:37:05.685Z,2025-07-13T15:43:49.218Z,{},{}
UND-1752421546254-87kqbp6g,Test Timeline Events,underwriting,pending_approval,1,6,SLP-2025-001,2025-07-13T15:45:46.254Z,2025-07-13T16:00:01.713Z,{},{}
SUB-1752422659050-qwj97bnu,Submission Processing - UW-2025-001,submission,pending_approval,1,6,UW-2025-001,2025-07-13T16:04:19.050Z,2025-07-13T16:04:42.194Z,{},{}
SLI-1752426170739-a0pmpzll,Test Slip Workflow - Updated Agent Sequence,slip,running,1,6,SLP-2025-TEST,2025-07-13T17:02:50.739Z,2025-07-13T17:03:19.521Z,"{""slip_reference"":""SLP-2025-TEST"",""lloyd_syndicate"":""Syndicate 623"",""approved"":true}",{}
SLI-1752426316773-ge1jrd46,SLP-2025-001 Updated Workflow,slip,pending_data_extraction,0,6,SLP-2025-001,2025-07-13T17:05:16.773Z,2025-07-13T17:05:28.881Z,{},{}
UND-1752426334065-csl4tloi,Test Timeline Events,underwriting,pending_data_extraction,0,6,SLP-2025-001,2025-07-13T17:05:34.065Z,2025-07-13T17:06:09.244Z,{},{}
SUB-1752426807835-ijepwmi1,Test New Submission Workflow,submission,pending_data_extraction,0,6,UW-2025-001,2025-07-13T17:13:27.835Z,2025-07-13T17:13:39.969Z,{},{}
SUB-1752426988615-xdaa70qk,Submission Processing - UW-2025-001,submission,pending_data_extraction,0,6,UW-2025-001,2025-07-13T17:16:28.615Z,2025-07-13T17:16:40.668Z,{},{}
SUB-1752427162994-545in2ai,Test Step Tracking - UW-2025-001,submission,completed,13,6,UW-2025-001,2025-07-13T17:19:22.994Z,2025-07-14T03:11:45.580Z,{},{}
SLI-1752462212385-x26pr8om,Lloyd's Slip Processing - SLP-2025-001,slip,completed,11,11,SLP-2025-001,2025-07-14T03:03:32.385Z,2025-07-14T03:07:58.472Z,"{""slipId"":""SLP-2025-001"",""token"":""slip_token_001"",""slipReference"":""LMX/2025/001"",""lloydSyndicate"":""Syndicate 623"",""leadUnderwriter"":""James Wilson"",""underwriterEmail"":""cargo@marine.com"",""riskCategory"":""Marine Cargo"",""policyInceptionDate"":""01/04/2025"",""policyExpiryDate"":""31/03/2026"",""coverageTerritory"":""Worldwide"",""currency"":""USD"",""policyLimits"":""$50,000,000"",""deductible"":""$25,000"",""premiumAmount"":""$485,000"",""brokerageRate"":""15%"",""totalSumInsured"":""$50,000,000"",""riskLocation"":""International Shipping Routes"",""businessDescription"":""Marine cargo insurance for international shipping operations"",""yearsTrading"":""25"",""annualTurnover"":""$125,000,000"",""numberOfEmployees"":""450"",""previousClaims"":""2 claims in last 5 years - weather related"",""riskImprovements"":""Enhanced GPS tracking, improved packaging protocols"",""securityMeasures"":""24/7 monitoring, secure warehousing facilities"",""complianceCertifications"":""ISO 9001, IMO compliance"",""financialRating"":""A+ (Standard & Poor's)"",""reinsuranceArrangements"":""75% quota share with Munich Re"",""exclusions"":""War risks, nuclear perils, cyber attacks"",""warranties"":""Proper packaging, approved routes only"",""conditions"":""Monthly reporting, claims handling procedures"",""emailSubject"":""Marine Cargo Slip - International Shipping Routes""}",{}
SUB-1752462529770-lusyublp,Test Progress Animation,submission,pending_data_extraction,1,13,UW-2025-999,2025-07-14T03:08:49.771Z,2025-07-14T03:09:01.848Z,{},{}
SUB-1752462887008-qgk3ec11,Test Step Tracking - UW-2025-001,submission,completed,13,13,UW-2025-001,2025-07-14T03:14:47.008Z,2025-07-14T03:16:25.660Z,{},{}
SUB-1752463331370-823rt67c,Test Step Tracking - UW-2025-001,submission,completed,13,13,UW-2025-001,2025-07-14T03:22:11.371Z,2025-07-14T03:25:05.464Z,{},{}
SUB-1752463510133-4kg94e6g,Test Progress Animation,submission,completed,7,7,UW-2025-002,2025-07-14T03:25:10.134Z,2025-07-14T03:26:51.953Z,{},{}
SUB-1752463760849-vm1o092o,Test Email Draft Fix,submission,running,0,7,UW-2025-009,2025-07-14T03:29:20.849Z,2025-07-14T03:29:20.849Z,{},{}
SUB-1752463829146-exznbf38,Test Step Tracking - UW-2025-001,submission,pending_approval,6,7,UW-2025-001,2025-07-14T03:30:29.146Z,2025-07-14T03:31:16.957Z,{},{}
SUB-1752469176466-5m79z1ej,Email Test Workflow,submission,pending_data_extraction,1,7,UW-2025-EMAIL-TEST,2025-07-14T04:59:36.466Z,2025-07-14T04:59:43.577Z,{},{}
SLI-1752473254478-n0xpkfqb,Slip Processing - SLP-2025-011,slip,pending_data_extraction,1,6,SLP-2025-011,2025-07-14T06:07:34.478Z,2025-07-14T06:07:41.614Z,{},{}
SLI-1752818046026-ijnuf66k,Lloyd's Slip Processing - SLP-2025-001,slip,completed,6,6,SLP-2025-001,2025-07-18T05:54:06.027Z,2025-07-18T05:55:26.674Z,"{""slipId"":""SLP-2025-001"",""token"":""slip_token_001"",""slipReference"":""LMX/2025/001"",""lloydSyndicate"":""Syndicate 623"",""leadUnderwriter"":""James Wilson"",""underwriterEmail"":""cargo@marine.com"",""riskCategory"":""Marine Cargo"",""policyInceptionDate"":""01/04/2025"",""policyExpiryDate"":""31/03/2026"",""coverageTerritory"":""Worldwide"",""currency"":""USD"",""policyLimits"":""$50,000,000"",""deductible"":""$25,000"",""premiumAmount"":""$485,000"",""brokerageRate"":""15%"",""totalSumInsured"":""$50,000,000"",""riskLocation"":""International Shipping Routes"",""businessDescription"":""Marine cargo insurance for international shipping operations"",""yearsTrading"":""25"",""annualTurnover"":""$125,000,000"",""numberOfEmployees"":""450"",""previousClaims"":""2 claims in last 5 years - weather related"",""riskImprovements"":""Enhanced GPS tracking, improved packaging protocols"",""securityMeasures"":""24/7 monitoring, secure warehousing facilities"",""complianceCertifications"":""ISO 9001, IMO compliance"",""financialRating"":""A+ (Standard & Poor's)"",""reinsuranceArrangements"":""75% quota share with Munich Re"",""exclusions"":""War risks, nuclear perils, cyber attacks"",""warranties"":""Proper packaging, approved routes only"",""conditions"":""Monthly reporting, claims handling procedures"",""emailSubject"":""Marine Cargo Slip - International Shipping Routes""}",{}
SLI-1752818512514-duom9prm,Lloyd's Slip Processing - SLP-2025-001,slip,completed,6,6,SLP-2025-001,2025-07-18T06:01:52.514Z,2025-07-21T12:23:09.169Z,"{""slipId"":""SLP-2025-001"",""token"":""slip_token_001"",""slipReference"":""LMX/2025/001"",""lloydSyndicate"":""Syndicate 623"",""leadUnderwriter"":""James Wilson"",""underwriterEmail"":""cargo@marine.com"",""riskCategory"":""Marine Cargo"",""policyInceptionDate"":""01/04/2025"",""policyExpiryDate"":""31/03/2026"",""coverageTerritory"":""Worldwide"",""currency"":""USD"",""policyLimits"":""$50,000,000"",""deductible"":""$25,000"",""premiumAmount"":""$485,000"",""brokerageRate"":""15%"",""totalSumInsured"":""$50,000,000"",""riskLocation"":""International Shipping Routes"",""businessDescription"":""Marine cargo insurance for international shipping operations"",""yearsTrading"":""25"",""annualTurnover"":""$125,000,000"",""numberOfEmployees"":""450"",""previousClaims"":""2 claims in last 5 years - weather related"",""riskImprovements"":""Enhanced GPS tracking, improved packaging protocols"",""securityMeasures"":""24/7 monitoring, secure warehousing facilities"",""complianceCertifications"":""ISO 9001, IMO compliance"",""financialRating"":""A+ (Standard & Poor's)"",""reinsuranceArrangements"":""75% quota share with Munich Re"",""exclusions"":""War risks, nuclear perils, cyber attacks"",""warranties"":""Proper packaging, approved routes only"",""conditions"":""Monthly reporting, claims handling procedures"",""emailSubject"":""Marine Cargo Slip - International Shipping Routes""}",{}
SLI-1753100871019-akbtp20i,Lloyd's Slip Processing - SLP-2025-001,slip,completed,6,6,SLP-2025-001,2025-07-21T12:27:51.019Z,2025-07-21T12:41:54.033Z,"{""slipId"":""SLP-2025-001"",""token"":""slip_token_001"",""slipReference"":""LMX/2025/001"",""lloydSyndicate"":""Syndicate 623"",""leadUnderwriter"":""James Wilson"",""underwriterEmail"":""cargo@marine.com"",""riskCategory"":""Marine Cargo"",""policyInceptionDate"":""01/04/2025"",""policyExpiryDate"":""31/03/2026"",""coverageTerritory"":""Worldwide"",""currency"":""USD"",""policyLimits"":""$50,000,000"",""deductible"":""$25,000"",""premiumAmount"":""$485,000"",""brokerageRate"":""15%"",""totalSumInsured"":""$50,000,000"",""riskLocation"":""International Shipping Routes"",""businessDescription"":""Marine cargo insurance for international shipping operations"",""yearsTrading"":""25"",""annualTurnover"":""$125,000,000"",""numberOfEmployees"":""450"",""previousClaims"":""2 claims in last 5 years - weather related"",""riskImprovements"":""Enhanced GPS tracking, improved packaging protocols"",""securityMeasures"":""24/7 monitoring, secure warehousing facilities"",""complianceCertifications"":""ISO 9001, IMO compliance"",""financialRating"":""A+ (Standard & Poor's)"",""reinsuranceArrangements"":""75% quota share with Munich Re"",""exclusions"":""War risks, nuclear perils, cyber attacks"",""warranties"":""Proper packaging, approved routes only"",""conditions"":""Monthly reporting, claims handling procedures"",""emailSubject"":""Marine Cargo Slip - International Shipping Routes""}",{}
SUB-1753101586689-y30am7ta,Real AI Test Case,submission,pending_approval,2,7,UW-2025-001,2025-07-21T12:39:46.690Z,2025-07-21T12:45:35.654Z,{},{}
SLI-1753101751389-xgrdfplg,Real AI Slip Processing,slip,completed,6,6,SLP-2025-001,2025-07-21T12:42:31.390Z,2025-07-21T12:43:36.922Z,"{""slipId"":""SLP-2025-001"",""token"":""slip_token_001"",""slipReference"":""LMX/2025/001"",""lloydSyndicate"":""Syndicate 623"",""leadUnderwriter"":""James Wilson"",""underwriterEmail"":""cargo@marine.com"",""riskCategory"":""Marine Cargo"",""policyInceptionDate"":""01/04/2025"",""policyExpiryDate"":""31/03/2026"",""coverageTerritory"":""Worldwide"",""currency"":""USD"",""policyLimits"":""$50,000,000"",""deductible"":""$25,000"",""premiumAmount"":""$485,000"",""brokerageRate"":""15%"",""totalSumInsured"":""$50,000,000"",""riskLocation"":""International Shipping Routes"",""businessDescription"":""Marine cargo insurance for international shipping operations"",""yearsTrading"":""25"",""annualTurnover"":""$125,000,000"",""numberOfEmployees"":""450"",""previousClaims"":""2 claims in last 5 years - weather related"",""riskImprovements"":""Enhanced GPS tracking, improved packaging protocols"",""securityMeasures"":""24/7 monitoring, secure warehousing facilities"",""complianceCertifications"":""ISO 9001, IMO compliance"",""financialRating"":""A+ (Standard & Poor's)"",""reinsuranceArrangements"":""75% quota share with Munich Re"",""exclusions"":""War risks, nuclear perils, cyber attacks"",""warranties"":""Proper packaging, approved routes only"",""conditions"":""Monthly reporting, claims handling procedures"",""emailSubject"":""Marine Cargo Slip - International Shipping Routes""}",{}
SLI-1753101860070-vp6kfbpx,Fresh AI Test - Real Responses,slip,pending_data_extraction,1,6,SLP-2025-002,2025-07-21T12:44:20.070Z,2025-07-21T12:44:27.188Z,{},{}
SUB-1753103909747-q9dewqqq,Real AI Test Case,submission,pending_approval,6,7,UW-2025-001,2025-07-21T13:18:29.747Z,2025-07-21T13:24:23.841Z,{},{}
SLI-1753109424161-jx1j6tll,Real AI Slip Processing,slip,completed,6,6,SLP-2025-001,2025-07-21T14:50:24.161Z,2025-07-21T14:52:04.641Z,"{""slipId"":""SLP-2025-001"",""token"":""slip_token_001"",""slipReference"":""LMX/2025/001"",""lloydSyndicate"":""Syndicate 623"",""leadUnderwriter"":""James Wilson"",""underwriterEmail"":""cargo@marine.com"",""riskCategory"":""Marine Cargo"",""policyInceptionDate"":""01/04/2025"",""policyExpiryDate"":""31/03/2026"",""coverageTerritory"":""Worldwide"",""currency"":""USD"",""policyLimits"":""$50,000,000"",""deductible"":""$25,000"",""premiumAmount"":""$485,000"",""brokerageRate"":""15%"",""totalSumInsured"":""$50,000,000"",""riskLocation"":""International Shipping Routes"",""businessDescription"":""Marine cargo insurance for international shipping operations"",""yearsTrading"":""25"",""annualTurnover"":""$125,000,000"",""numberOfEmployees"":""450"",""previousClaims"":""2 claims in last 5 years - weather related"",""riskImprovements"":""Enhanced GPS tracking, improved packaging protocols"",""securityMeasures"":""24/7 monitoring, secure warehousing facilities"",""complianceCertifications"":""ISO 9001, IMO compliance"",""financialRating"":""A+ (Standard & Poor's)"",""reinsuranceArrangements"":""75% quota share with Munich Re"",""exclusions"":""War risks, nuclear perils, cyber attacks"",""warranties"":""Proper packaging, approved routes only"",""conditions"":""Monthly reporting, claims handling procedures"",""emailSubject"":""Marine Cargo Slip - International Shipping Routes""}",{}
SLI-1753111280969-9d7nizjg,Real AI Slip Processing,slip,completed,6,6,SLP-2025-001,2025-07-21T15:21:20.969Z,2025-07-22T16:05:46.120Z,"{""slipId"":""SLP-2025-001"",""token"":""slip_token_001"",""slipReference"":""LMX/2025/001"",""lloydSyndicate"":""Syndicate 623"",""leadUnderwriter"":""James Wilson"",""underwriterEmail"":""cargo@marine.com"",""riskCategory"":""Marine Cargo"",""policyInceptionDate"":""01/04/2025"",""policyExpiryDate"":""31/03/2026"",""coverageTerritory"":""Worldwide"",""currency"":""USD"",""policyLimits"":""$50,000,000"",""deductible"":""$25,000"",""premiumAmount"":""$485,000"",""brokerageRate"":""15%"",""totalSumInsured"":""$50,000,000"",""riskLocation"":""International Shipping Routes"",""businessDescription"":""Marine cargo insurance for international shipping operations"",""yearsTrading"":""25"",""annualTurnover"":""$125,000,000"",""numberOfEmployees"":""450"",""previousClaims"":""2 claims in last 5 years - weather related"",""riskImprovements"":""Enhanced GPS tracking, improved packaging protocols"",""securityMeasures"":""24/7 monitoring, secure warehousing facilities"",""complianceCertifications"":""ISO 9001, IMO compliance"",""financialRating"":""A+ (Standard & Poor's)"",""reinsuranceArrangements"":""75% quota share with Munich Re"",""exclusions"":""War risks, nuclear perils, cyber attacks"",""warranties"":""Proper packaging, approved routes only"",""conditions"":""Monthly reporting, claims handling procedures"",""emailSubject"":""Marine Cargo Slip - International Shipping Routes""}",{}
SLI-1753200315171-r92ava57,Real AI Slip Processing,slip,completed,6,6,SLP-2025-001,2025-07-22T16:05:15.172Z,2025-07-22T16:06:40.570Z,"{""slipId"":""SLP-2025-001"",""token"":""slip_token_001"",""slipReference"":""LMX/2025/001"",""lloydSyndicate"":""Syndicate 623"",""leadUnderwriter"":""James Wilson"",""underwriterEmail"":""cargo@marine.com"",""riskCategory"":""Marine Cargo"",""policyInceptionDate"":""01/04/2025"",""policyExpiryDate"":""31/03/2026"",""coverageTerritory"":""Worldwide"",""currency"":""USD"",""policyLimits"":""$50,000,000"",""deductible"":""$25,000"",""premiumAmount"":""$485,000"",""brokerageRate"":""15%"",""totalSumInsured"":""$50,000,000"",""riskLocation"":""International Shipping Routes"",""businessDescription"":""Marine cargo insurance for international shipping operations"",""yearsTrading"":""25"",""annualTurnover"":""$125,000,000"",""numberOfEmployees"":""450"",""previousClaims"":""2 claims in last 5 years - weather related"",""riskImprovements"":""Enhanced GPS tracking, improved packaging protocols"",""securityMeasures"":""24/7 monitoring, secure warehousing facilities"",""complianceCertifications"":""ISO 9001, IMO compliance"",""financialRating"":""A+ (Standard & Poor's)"",""reinsuranceArrangements"":""75% quota share with Munich Re"",""exclusions"":""War risks, nuclear perils, cyber attacks"",""warranties"":""Proper packaging, approved routes only"",""conditions"":""Monthly reporting, claims handling procedures"",""emailSubject"":""Marine Cargo Slip - International Shipping Routes""}",{}
JIR-1753201929942-wzt29qyx,Marine Cargo Insurance - HIS-90,jira,completed,7,7,HIS-90,2025-07-22T16:32:09.942Z,2025-07-22T16:33:20.759Z,{},{}
SLI-1753202298172-w3ywhlmo,Lloyd's Slip Processing,slip,pending_data_extraction,1,6,SLP-2025-001,2025-07-22T16:38:18.173Z,2025-07-22T16:38:25.374Z,{},{}
JIR-1753202422046-am19pnf0,12312321 - property case,jira,pending_data_extraction,4,7,HIS-89,2025-07-22T16:40:22.047Z,2025-07-22T18:23:11.256Z,{},{}
JIR-1753202590793-efhurg37,PF345423423 - Marine Case,jira,completed,7,7,HIS-88,2025-07-22T16:43:10.794Z,2025-07-22T16:44:14.147Z,{},{}
JIR-1753202999370-lz5kec7d,32423-marine,jira,running,2,7,HIS-90,2025-07-22T16:49:59.371Z,2025-07-22T16:50:22.305Z,{},{}
JIR-1753203116440-7h2oqrji,Test Jira Workflow,jira,completed,7,7,HIS-90,2025-07-22T16:51:56.440Z,2025-07-22T16:52:56.648Z,{},{}
JIR-1753203168533-38p5itnj,Test Data Extraction Approval,jira,running,6,7,HIS-88,2025-07-22T16:52:48.534Z,2025-07-22T16:53:41.025Z,{},{}
JIR-1753203236879-owco7h2z,Test Approval Fix,jira,pending_data_extraction,1,7,HIS-87,2025-07-22T16:53:56.880Z,2025-07-22T16:54:07.366Z,{},{}
JIR-1753203407259-97lqgcrz,32423-marine,jira,completed,7,7,HIS-90,2025-07-22T16:56:47.259Z,2025-07-22T17:01:33.055Z,"{""slipId"":""SLP-2025-001"",""token"":""slip_token_001"",""slipReference"":""LMX/2025/001"",""lloydSyndicate"":""Syndicate 623"",""leadUnderwriter"":""James Wilson"",""underwriterEmail"":""cargo@marine.com"",""riskCategory"":""Marine Cargo"",""policyInceptionDate"":""01/04/2025"",""policyExpiryDate"":""31/03/2026"",""coverageTerritory"":""Worldwide"",""currency"":""USD"",""policyLimits"":""$50,000,000"",""deductible"":""$25,000"",""premiumAmount"":""$485,000"",""brokerageRate"":""15%"",""totalSumInsured"":""$50,000,000"",""riskLocation"":""International Shipping Routes"",""businessDescription"":""Marine cargo insurance for international shipping operations"",""yearsTrading"":""25"",""annualTurnover"":""$125,000,000"",""numberOfEmployees"":""450"",""previousClaims"":""2 claims in last 5 years - weather related"",""riskImprovements"":""Enhanced GPS tracking, improved packaging protocols"",""securityMeasures"":""24/7 monitoring, secure warehousing facilities"",""complianceCertifications"":""ISO 9001, IMO compliance"",""financialRating"":""A+ (Standard & Poor's)"",""reinsuranceArrangements"":""75% quota share with Munich Re"",""exclusions"":""War risks, nuclear perils, cyber attacks"",""warranties"":""Proper packaging, approved routes only"",""conditions"":""Monthly reporting, claims handling procedures"",""emailSubject"":""Marine Cargo Slip - International Shipping Routes""}",{}
JIR-1753203912301-9l15m97m,32423-marine,jira,completed,7,7,HIS-90,2025-07-22T17:05:12.302Z,2025-07-22T17:29:21.019Z,"{""slipId"":""HIS-90"",""token"":""jira_token_090"",""slipReference"":""JIR/2025/090"",""lloydSyndicate"":""Syndicate 445"",""leadUnderwriter"":""Maritime Underwriter"",""underwriterEmail"":""marine@lloyds.com"",""riskCategory"":""Marine Cargo"",""policyInceptionDate"":""15/08/2025"",""policyExpiryDate"":""14/08/2026"",""coverageTerritory"":""Worldwide"",""currency"":""GBP"",""policyLimits"":""£750000"",""deductible"":""£5000"",""premiumAmount"":""£8250"",""brokerageRate"":""12%"",""totalSumInsured"":""£750000"",""riskLocation"":""Southampton to Hamburg"",""businessDescription"":""Marine cargo insurance for electronics shipment"",""yearsTrading"":""8"",""annualTurnover"":""£2500000"",""numberOfEmployees"":""45"",""previousClaims"":""None in last 3 years"",""riskImprovements"":""Enhanced cargo tracking secure packaging"",""securityMeasures"":""24/7 vessel monitoring GPS tracking"",""complianceCertifications"":""IMO compliance ISM certification"",""financialRating"":""A (Lloyd's)"",""reinsuranceArrangements"":""60% quota share with Munich Re"",""exclusions"":""War risks piracy cyber attacks"",""warranties"":""Proper packaging approved routes only"",""conditions"":""Weekly voyage reports cargo manifest updates"",""emailSubject"":""Marine Cargo Insurance - Electronics Shipment MV Ocean Carrier""}",{}
JIR-1753206598452-2i5fsan5,PF345423423 - Marine Case,jira,completed,7,7,HIS-88,2025-07-22T17:49:58.452Z,2025-07-22T17:51:03.507Z,"{""slipId"":""HIS-88"",""token"":""jira_token_088"",""slipReference"":""JIR/2025/088"",""lloydSyndicate"":""Syndicate 512"",""leadUnderwriter"":""Property Underwriter"",""underwriterEmail"":""property@lloyds.com"",""riskCategory"":""Property Insurance"",""policyInceptionDate"":""01/09/2025"",""policyExpiryDate"":""31/08/2026"",""coverageTerritory"":""UK"",""currency"":""GBP"",""policyLimits"":""£2450000"",""deductible"":""£10000"",""premiumAmount"":""£15750"",""brokerageRate"":""10%"",""totalSumInsured"":""£2450000"",""riskLocation"":""Oceanview Commercial District"",""businessDescription"":""Commercial warehouse property insurance"",""yearsTrading"":""15"",""annualTurnover"":""£8500000"",""numberOfEmployees"":""125"",""previousClaims"":""1 claim in last 5 years - minor flood"",""riskImprovements"":""Enhanced drainage improved security"",""securityMeasures"":""24/7 security cameras flood defenses"",""complianceCertifications"":""Building regulations compliance fire safety"",""financialRating"":""A+ (Standard & Poor's)"",""reinsuranceArrangements"":""50% quota share with Swiss Re"",""exclusions"":""Flood beyond design limits earthquake terrorism"",""warranties"":""Regular maintenance inspections fire safety audits"",""conditions"":""Monthly property reports immediate loss notification"",""emailSubject"":""Commercial Property Insurance - Oceanview Warehouse""}",{}
JIR-1753206782052-4b7ljl72,PF345423423 - Marine Case,jira,completed,7,7,HIS-88,2025-07-22T17:53:02.053Z,2025-07-22T17:55:07.007Z,"{""slipId"":""HIS-88"",""token"":""jira_token_088"",""slipReference"":""JIR/2025/088"",""lloydSyndicate"":""Syndicate 512"",""leadUnderwriter"":""Property Underwriter"",""underwriterEmail"":""property@lloyds.com"",""riskCategory"":""Property Insurance"",""policyInceptionDate"":""01/09/2025"",""policyExpiryDate"":""31/08/2026"",""coverageTerritory"":""UK"",""currency"":""GBP"",""policyLimits"":""£2450000"",""deductible"":""£10000"",""premiumAmount"":""£15750"",""brokerageRate"":""10%"",""totalSumInsured"":""£2450000"",""riskLocation"":""Oceanview Commercial District"",""businessDescription"":""Commercial warehouse property insurance"",""yearsTrading"":""15"",""annualTurnover"":""£8500000"",""numberOfEmployees"":""125"",""previousClaims"":""1 claim in last 5 years - minor flood"",""riskImprovements"":""Enhanced drainage improved security"",""securityMeasures"":""24/7 security cameras flood defenses"",""complianceCertifications"":""Building regulations compliance fire safety"",""financialRating"":""A+ (Standard & Poor's)"",""reinsuranceArrangements"":""50% quota share with Swiss Re"",""exclusions"":""Flood beyond design limits earthquake terrorism"",""warranties"":""Regular maintenance inspections fire safety audits"",""conditions"":""Monthly property reports immediate loss notification"",""emailSubject"":""Commercial Property Insurance - Oceanview Warehouse""}",{}
JIR-1753208583702-5iw2aa4m,12312321 - property case,jira,pending_data_extraction,2,7,HIS-89,2025-07-22T18:23:03.703Z,2025-07-22T18:23:22.703Z,{},{}
JIR-1753233268678-qob6vsa7,32423-marine,jira,completed,7,7,HIS-90,2025-07-23T01:14:28.678Z,2025-07-23T04:28:44.186Z,"{""slipId"":""HIS-90"",""token"":""jira_token_090"",""slipReference"":""JIR/2025/090"",""lloydSyndicate"":""Syndicate 445"",""leadUnderwriter"":""Maritime Underwriter"",""underwriterEmail"":""marine@lloyds.com"",""riskCategory"":""Marine Cargo"",""policyInceptionDate"":""15/08/2025"",""policyExpiryDate"":""14/08/2026"",""coverageTerritory"":""Worldwide"",""currency"":""GBP"",""policyLimits"":""£750000"",""deductible"":""£5000"",""premiumAmount"":""£8250"",""brokerageRate"":""12%"",""totalSumInsured"":""£750000"",""riskLocation"":""Southampton to Hamburg"",""businessDescription"":""Marine cargo insurance for electronics shipment"",""yearsTrading"":""8"",""annualTurnover"":""£2500000"",""numberOfEmployees"":""45"",""previousClaims"":""None in last 3 years"",""riskImprovements"":""Enhanced cargo tracking secure packaging"",""securityMeasures"":""24/7 vessel monitoring GPS tracking"",""complianceCertifications"":""IMO compliance ISM certification"",""financialRating"":""A (Lloyd's)"",""reinsuranceArrangements"":""60% quota share with Munich Re"",""exclusions"":""War risks piracy cyber attacks"",""warranties"":""Proper packaging approved routes only"",""conditions"":""Weekly voyage reports cargo manifest updates"",""emailSubject"":""Marine Cargo Insurance - Electronics Shipment MV Ocean Carrier""}",{}
SUB-1753239919306-bmxqog25,Test Insurance Workflow,submission,pending_data_extraction,1,7,UW-2025-TEST,2025-07-23T03:05:19.307Z,2025-07-23T03:06:04.032Z,{},{}
JIR-1753241251647-627q1qw8,PF345423423 - Marine Case,jira,completed,7,7,HIS-88,2025-07-23T03:27:31.648Z,2025-07-23T04:53:16.900Z,"{""slipId"":""HIS-88"",""token"":""jira_token_088"",""slipReference"":""JIR/2025/088"",""lloydSyndicate"":""Syndicate 512"",""leadUnderwriter"":""Property Underwriter"",""underwriterEmail"":""property@lloyds.com"",""riskCategory"":""Property Insurance"",""policyInceptionDate"":""01/09/2025"",""policyExpiryDate"":""31/08/2026"",""coverageTerritory"":""UK"",""currency"":""GBP"",""policyLimits"":""£2450000"",""deductible"":""£10000"",""premiumAmount"":""£15750"",""brokerageRate"":""10%"",""totalSumInsured"":""£2450000"",""riskLocation"":""Oceanview Commercial District"",""businessDescription"":""Commercial warehouse property insurance"",""yearsTrading"":""15"",""annualTurnover"":""£8500000"",""numberOfEmployees"":""125"",""previousClaims"":""1 claim in last 5 years - minor flood"",""riskImprovements"":""Enhanced drainage improved security"",""securityMeasures"":""24/7 security cameras flood defenses"",""complianceCertifications"":""Building regulations compliance fire safety"",""financialRating"":""A+ (Standard & Poor's)"",""reinsuranceArrangements"":""50% quota share with Swiss Re"",""exclusions"":""Flood beyond design limits earthquake terrorism"",""warranties"":""Regular maintenance inspections fire safety audits"",""conditions"":""Monthly property reports immediate loss notification"",""emailSubject"":""Commercial Property Insurance - Oceanview Warehouse""}",{}
JIR-1753245473353-ijttotl7,32423-marine,jira,completed,8,8,HIS-90,2025-07-23T04:37:53.354Z,2025-07-23T04:39:05.191Z,{},{}
JIR-1753245938763-mi6zf4w9,32423-marine,jira,completed,8,8,HIS-90,2025-07-23T04:45:38.763Z,2025-07-23T04:46:47.170Z,{},{}
JIR-1753246101951-q2leo9ir,Test Jira Workflow HIS-89,jira,running,4,8,HIS-89,2025-07-23T04:48:21.951Z,2025-07-23T04:48:56.161Z,{},{}
JIR-1753246160038-e65yqyu6,Test Data Extraction Form - HIS-89,jira,pending_data_extraction,1,8,HIS-89,2025-07-23T04:49:20.038Z,2025-07-23T04:49:30.322Z,{},{}
JIR-1753246552840-nbq1hn80,Test Fixed Field Comparison - HIS-87,jira,running,3,8,HIS-87,2025-07-23T04:55:52.841Z,2025-07-23T04:57:21.943Z,{},{}
JIR-1753246696605-1s6p9hyh,Fixed Field Comparison Test - HIS-90,jira,pending_data_extraction,1,8,HIS-90,2025-07-23T04:58:16.605Z,2025-07-23T04:58:27.011Z,{},{}
JIR-1753246741544-q59mkohg,FINAL TEST - Fixed Field Comparison - HIS-89,jira,completed,8,8,HIS-89,2025-07-23T04:59:01.544Z,2025-07-23T05:01:19.606Z,{},{}
JIR-1753246860589-w7iox0ts,FINAL FIELD COMPARISON TEST - HIS-90,jira,completed,8,8,HIS-90,2025-07-23T05:01:00.589Z,2025-07-23T05:04:25.858Z,"{""slipId"":""HIS-90"",""token"":""jira_token_090"",""slipReference"":""JIR/2025/090"",""lloydSyndicate"":""Syndicate 445"",""leadUnderwriter"":""Maritime Underwriter"",""underwriterEmail"":""marine@lloyds.com"",""riskCategory"":""Marine Cargo"",""policyInceptionDate"":""15/08/2025"",""policyExpiryDate"":""14/08/2026"",""coverageTerritory"":""Worldwide"",""currency"":""GBP"",""policyLimits"":""£750000"",""deductible"":""£5000"",""premiumAmount"":""£8250"",""brokerageRate"":""12%"",""totalSumInsured"":""£750000"",""riskLocation"":""Southampton to Hamburg"",""businessDescription"":""Marine cargo insurance for electronics shipment"",""yearsTrading"":""8"",""annualTurnover"":""£2500000"",""numberOfEmployees"":""45"",""previousClaims"":""None in last 3 years"",""riskImprovements"":""Enhanced cargo tracking secure packaging"",""securityMeasures"":""24/7 vessel monitoring GPS tracking"",""complianceCertifications"":""IMO compliance ISM certification"",""financialRating"":""A (Lloyd's)"",""reinsuranceArrangements"":""60% quota share with Munich Re"",""exclusions"":""War risks piracy cyber attacks"",""warranties"":""Proper packaging approved routes only"",""conditions"":""Weekly voyage reports cargo manifest updates"",""emailSubject"":""Marine Cargo Insurance - Electronics Shipment MV Ocean Carrier""}",{}
JIR-1753247196348-gucc12oq,COMPLETE JIRA COMMENT TEST - HIS-88,jira,running,1,8,HIS-88,2025-07-23T05:06:36.348Z,2025-07-23T05:07:43.747Z,{},{}
JIR-1753247342616-ly0g31n1,FINAL JIRA DEMO - HIS-87,jira,pending_data_extraction,1,8,HIS-87,2025-07-23T05:09:02.616Z,2025-07-23T05:09:13.094Z,{},{}
JIR-1753247342936-ad1df1zr,FINAL JIRA DEMO - HIS-87,jira,running,6,8,HIS-87,2025-07-23T05:09:02.936Z,2025-07-23T05:10:25.536Z,{},{}
JIR-1753247536677-z8jai4ea,32423-marine,jira,completed,8,8,HIS-90,2025-07-23T05:12:16.677Z,2025-07-23T05:14:02.268Z,"{""slipId"":""HIS-90"",""token"":""jira_token_090"",""slipReference"":""JIR/2025/090"",""lloydSyndicate"":""Syndicate 445"",""leadUnderwriter"":""Maritime Underwriter"",""underwriterEmail"":""marine@lloyds.com"",""riskCategory"":""Marine Cargo"",""policyInceptionDate"":""15/08/2025"",""policyExpiryDate"":""14/08/2026"",""coverageTerritory"":""Worldwide"",""currency"":""GBP"",""policyLimits"":""£750000"",""deductible"":""£5000"",""premiumAmount"":""£8250"",""brokerageRate"":""12%"",""totalSumInsured"":""£750000"",""riskLocation"":""Southampton to Hamburg"",""businessDescription"":""Marine cargo insurance for electronics shipment"",""yearsTrading"":""8"",""annualTurnover"":""£2500000"",""numberOfEmployees"":""45"",""previousClaims"":""None in last 3 years"",""riskImprovements"":""Enhanced cargo tracking secure packaging"",""securityMeasures"":""24/7 vessel monitoring GPS tracking"",""complianceCertifications"":""IMO compliance ISM certification"",""financialRating"":""A (Lloyd's)"",""reinsuranceArrangements"":""60% quota share with Munich Re"",""exclusions"":""War risks piracy cyber attacks"",""warranties"":""Proper packaging approved routes only"",""conditions"":""Weekly voyage reports cargo manifest updates"",""emailSubject"":""Marine Cargo Insurance - Electronics Shipment MV Ocean Carrier""}",{}
JIR-1753247997153-jsj41nt3,CSV Reference Comparison Test,jira,completed,8,8,HIS-88,2025-07-23T05:19:57.153Z,2025-07-23T05:24:03.194Z,"{""slipId"":""HIS-88"",""token"":""jira_token_088"",""slipReference"":""JIR/2025/088"",""lloydSyndicate"":""Syndicate 512"",""leadUnderwriter"":""Property Underwriter"",""underwriterEmail"":""property@lloyds.com"",""riskCategory"":""Property Insurance"",""policyInceptionDate"":""01/09/2025"",""policyExpiryDate"":""31/08/2026"",""coverageTerritory"":""UK"",""currency"":""GBP"",""policyLimits"":""£2450000"",""deductible"":""£10000"",""premiumAmount"":""£15750"",""brokerageRate"":""10%"",""totalSumInsured"":""£2450000"",""riskLocation"":""Oceanview Commercial District"",""businessDescription"":""Commercial warehouse property insurance"",""yearsTrading"":""15"",""annualTurnover"":""£8500000"",""numberOfEmployees"":""125"",""previousClaims"":""1 claim in last 5 years - minor flood"",""riskImprovements"":""Enhanced drainage improved security"",""securityMeasures"":""24/7 security cameras flood defenses"",""complianceCertifications"":""Building regulations compliance fire safety"",""financialRating"":""A+ (Standard & Poor's)"",""reinsuranceArrangements"":""50% quota share with Swiss Re"",""exclusions"":""Flood beyond design limits earthquake terrorism"",""warranties"":""Regular maintenance inspections fire safety audits"",""conditions"":""Monthly property reports immediate loss notification"",""emailSubject"":""Commercial Property Insurance - Oceanview Warehouse""}",{}
JIR-1753248153867-99ufkmi7,No Changes Test - Skip Mismatch Summary,jira,running,4,8,HIS-90,2025-07-23T05:22:33.867Z,2025-07-23T05:24:11.014Z,{},{}
JIR-1753248319682-m273oaq5,PF345423423 - Marine Case,jira,completed,8,8,HIS-88,2025-07-23T05:25:19.682Z,2025-07-23T05:27:15.815Z,"{""slipId"":""HIS-88"",""token"":""jira_token_088"",""slipReference"":""JIR/2025/088"",""lloydSyndicate"":""Syndicate 512"",""leadUnderwriter"":""Property Underwriter"",""underwriterEmail"":""property@lloyds.com"",""riskCategory"":""Property Insurance"",""policyInceptionDate"":""01/09/2025"",""policyExpiryDate"":""31/08/2026"",""coverageTerritory"":""UK"",""currency"":""GBP"",""policyLimits"":""£2450000"",""deductible"":""£10000"",""premiumAmount"":""£15750"",""brokerageRate"":""10%"",""totalSumInsured"":""£2450000"",""riskLocation"":""Oceanview Commercial District"",""businessDescription"":""Commercial warehouse property insurance"",""yearsTrading"":""15"",""annualTurnover"":""£8500000"",""numberOfEmployees"":""125"",""previousClaims"":""1 claim in last 5 years - minor flood"",""riskImprovements"":""Enhanced drainage improved security"",""securityMeasures"":""24/7 security cameras flood defenses"",""complianceCertifications"":""Building regulations compliance fire safety"",""financialRating"":""A+ (Standard & Poor's)"",""reinsuranceArrangements"":""50% quota share with Swiss Re"",""exclusions"":""Flood beyond design limits earthquake terrorism"",""warranties"":""Regular maintenance inspections fire safety audits"",""conditions"":""Monthly property reports immediate loss notification"",""emailSubject"":""Commercial Property Insurance - Oceanview Warehouse""}",{}
JIR-1753248585339-ofhyfphl,Direct CSV Comparison Test,jira,completed,8,8,HIS-87,2025-07-23T05:29:45.339Z,2025-07-23T05:34:28.043Z,"{""slipId"":""HIS-87"",""token"":""jira_token_087"",""slipReference"":""JIR/2025/087"",""lloydSyndicate"":""Syndicate 318"",""leadUnderwriter"":""Liability Underwriter"",""underwriterEmail"":""liability@lloyds.com"",""riskCategory"":""Professional Indemnity"",""policyInceptionDate"":""01/07/2025"",""policyExpiryDate"":""30/06/2026"",""coverageTerritory"":""Global"",""currency"":""USD"",""policyLimits"":""$5000000"",""deductible"":""$25000"",""premiumAmount"":""$95000"",""brokerageRate"":""15%"",""totalSumInsured"":""$5000000"",""riskLocation"":""Technology Consulting Operations"",""businessDescription"":""Professional indemnity for technology consulting firm"",""yearsTrading"":""12"",""annualTurnover"":""$15000000"",""numberOfEmployees"":""85"",""previousClaims"":""2 claims in last 5 years - professional negligence"",""riskImprovements"":""Enhanced quality assurance professional development"",""securityMeasures"":""Client contract reviews liability limits"",""complianceCertifications"":""ISO 9001 professional standards compliance"",""financialRating"":""A- (Moody's)"",""reinsuranceArrangements"":""70% quota share with Hannover Re"",""exclusions"":""Criminal acts dishonesty warranty breaches"",""warranties"":""Professional standards compliance regular training"",""conditions"":""Quarterly compliance reports immediate claim notification"",""emailSubject"":""Professional Indemnity Insurance - Technology Consulting Services""}",{}
JIR-1753248695975-c05bk6vv,PF345423423 - Marine Case,jira,running,0,8,HIS-88,2025-07-23T05:31:35.975Z,2025-07-23T05:31:35.975Z,{},{}
JIR-1753249037732-d77cu9ra,Slip 1 Comparison,jira,completed,8,8,HIS-87,2025-07-23T05:37:17.732Z,2025-07-23T09:05:37.910Z,"{""slipId"":""HIS-87"",""token"":""jira_token_087"",""slipReference"":""JIR/2025/087"",""lloydSyndicate"":""Syndicate 318"",""leadUnderwriter"":""Liability Underwriter"",""underwriterEmail"":""liability@lloyds.com"",""riskCategory"":""Professional Indemnity"",""policyInceptionDate"":""01/07/2025"",""policyExpiryDate"":""30/06/2026"",""coverageTerritory"":""Global"",""currency"":""USD"",""policyLimits"":""$5000000"",""deductible"":""$25000"",""premiumAmount"":""$95000"",""brokerageRate"":""15%"",""totalSumInsured"":""$5000000"",""riskLocation"":""Technology Consulting Operations"",""businessDescription"":""Professional indemnity for technology consulting firm"",""yearsTrading"":""12"",""annualTurnover"":""$15000000"",""numberOfEmployees"":""85"",""previousClaims"":""2 claims in last 5 years - professional negligence"",""riskImprovements"":""Enhanced quality assurance professional development"",""securityMeasures"":""Client contract reviews liability limits"",""complianceCertifications"":""ISO 9001 professional standards compliance"",""financialRating"":""A- (Moody's)"",""reinsuranceArrangements"":""70% quota share with Hannover Re"",""exclusions"":""Criminal acts dishonesty warranty breaches"",""warranties"":""Professional standards compliance regular training"",""conditions"":""Quarterly compliance reports immediate claim notification"",""emailSubject"":""Professional Indemnity Insurance - Technology Consulting Services""}",{}
JIR-1753264019111-uv5vnnmm,Slip 1 Comparison,jira,pending_approval,4,8,HIS-87,2025-07-23T09:46:59.112Z,2025-07-23T10:01:55.357Z,"{""slip_id"":""SLP-2025-001"",""token"":""slip_token_001"",""slip_reference"":""LMX/2025/001"",""lloyd_syndicate"":""Syndicate 623"",""lead_underwriter"":""James Wilson"",""underwriter_email"":""cargo@marine.com"",""risk_category"":""Marine Cargo"",""policy_inception_date"":""01/04/2025"",""policy_expiry_date"":""31/03/2026"",""coverage_territory"":""Worldwide"",""currency"":""USD"",""policy_limits"":""$50000000"",""deductible"":""$25000"",""premium_amount"":""$485000"",""brokerage_rate"":""15%"",""total_sum_insured"":""$50000000"",""risk_location"":""International Shipping Routes"",""business_description"":""Marine cargo insurance for international shipping operations"",""years_trading"":""25"",""annual_turnover"":""$125000000"",""number_of_employees"":""450"",""previous_claims"":""2 claims in last 5 years - weather related"",""risk_improvements"":""Enhanced GPS tracking improved packaging protocols"",""security_measures"":""24/7 monitoring secure warehousing facilities"",""compliance_certifications"":""ISO 9001 IMO compliance"",""financial_rating"":""A+ (Standard & Poor's)"",""reinsurance_arrangements"":""75% quota share with Munich Re"",""exclusions"":""War risks nuclear perils cyber attacks"",""warranties"":""Proper packaging approved routes only"",""conditions"":""Monthly reporting claims handling procedures"",""created_at"":""2025-01-07T16:20:00Z"",""updated_at"":""2025-01-12T14:15:00Z"",""email_subject"":""Marine Cargo Slip - International Shipping Routes""}",{}
JIR-1753265142626-xkzptmt4,Slip 1 Comparison,jira,completed,8,8,HIS-87,2025-07-23T10:05:42.626Z,2025-07-23T10:06:43.940Z,"{""slip_id"":""SLP-2025-001"",""token"":""slip_token_001"",""slip_reference"":""LMX/2025/001"",""lloyd_syndicate"":""Syndicate 623"",""lead_underwriter"":""James Wilson"",""underwriter_email"":""cargo@marine.com"",""risk_category"":""Marine Cargo"",""policy_inception_date"":""01/04/2025"",""policy_expiry_date"":""31/03/2026"",""coverage_territory"":""Worldwide"",""currency"":""USD"",""policy_limits"":""$50000000"",""deductible"":""$25000"",""premium_amount"":""$485000"",""brokerage_rate"":""15%"",""total_sum_insured"":""$50000000"",""risk_location"":""International Shipping Routes"",""business_description"":""Marine cargo insurance for international shipping operations"",""years_trading"":""25"",""annual_turnover"":""$125000000"",""number_of_employees"":""450"",""previous_claims"":""2 claims in last 5 years - weather related"",""risk_improvements"":""Enhanced GPS tracking improved packaging protocols"",""security_measures"":""24/7 monitoring secure warehousing facilities"",""compliance_certifications"":""ISO 9001 IMO compliance"",""financial_rating"":""A+ (Standard & Poor's)"",""reinsurance_arrangements"":""75% quota share with Munich Re"",""exclusions"":""War risks nuclear perils cyber attacks"",""warranties"":""Proper packaging approved routes only"",""conditions"":""Monthly reporting claims handling procedures"",""created_at"":""2025-01-07T16:20:00Z"",""updated_at"":""2025-01-12T14:15:00Z"",""email_subject"":""Marine Cargo Slip - International Shipping Routes""}",{}
JIR-1753265477799-zx8959vy,Slip 1 Comparison,jira,completed,8,8,HIS-87,2025-07-23T10:11:17.800Z,2025-07-23T10:12:31.707Z,"{""slip_id"":""SLP-2025-001"",""token"":""slip_token_001"",""slip_reference"":""LMX/2025/001"",""lloyd_syndicate"":""Syndicate 623"",""lead_underwriter"":""James Wilson"",""underwriter_email"":""cargo@marine.com"",""risk_category"":""Marine Cargo"",""policy_inception_date"":""01/04/2025"",""policy_expiry_date"":""31/03/2026"",""coverage_territory"":""Worldwide"",""currency"":""USD"",""policy_limits"":""$50000000"",""deductible"":""$25000"",""premium_amount"":""$485000"",""brokerage_rate"":""15%"",""total_sum_insured"":""$50000000"",""risk_location"":""International Shipping Routes"",""business_description"":""Marine cargo insurance for international shipping operations"",""years_trading"":""25"",""annual_turnover"":""$125000000"",""number_of_employees"":""450"",""previous_claims"":""2 claims in last 5 years - weather related"",""risk_improvements"":""Enhanced GPS tracking improved packaging protocols"",""security_measures"":""24/7 monitoring secure warehousing facilities"",""compliance_certifications"":""ISO 9001 IMO compliance"",""financial_rating"":""A+ (Standard & Poor's)"",""reinsurance_arrangements"":""75% quota share with Munich Re"",""exclusions"":""War risks nuclear perils cyber attacks"",""warranties"":""Proper packaging approved routes only"",""conditions"":""Monthly reporting claims handling procedures"",""created_at"":""2025-01-07T16:20:00Z"",""updated_at"":""2025-01-12T14:15:00Z"",""email_subject"":""Marine Cargo Slip - International Shipping Routes""}",{}
JIR-1753265652573-jw5c10pb,Test Mismatch Summary,jira,pending_approval,6,8,HIS-89,2025-07-23T10:14:12.573Z,2025-07-23T10:15:30.768Z,{},{}
JIR-1753265828770-jdxdpmfl,Test Hardcoded Content,jira,pending_approval,3,8,HIS-88,2025-07-23T10:17:08.771Z,2025-07-23T10:18:13.554Z,{},{}
JIR-1753265980023-v6bo2ip9,Slip 1 Comparison,jira,completed,8,8,HIS-87,2025-07-23T10:19:40.023Z,2025-07-23T10:21:03.035Z,"{""slip_id"":""SLP-2025-001"",""token"":""slip_token_001"",""slip_reference"":""LMX/2025/001"",""lloyd_syndicate"":""Syndicate 623"",""lead_underwriter"":""James Wilson"",""underwriter_email"":""cargo@marine.com"",""risk_category"":""Marine Cargo"",""policy_inception_date"":""01/04/2025"",""policy_expiry_date"":""31/03/2026"",""coverage_territory"":""Worldwide"",""currency"":""USD"",""policy_limits"":""$50000000"",""deductible"":""$25000"",""premium_amount"":""$485000"",""brokerage_rate"":""15%"",""total_sum_insured"":""$50000000"",""risk_location"":""International Shipping Routes"",""business_description"":""Marine cargo insurance for international shipping operations"",""years_trading"":""25"",""annual_turnover"":""$125000000"",""number_of_employees"":""450"",""previous_claims"":""2 claims in last 5 years - weather related"",""risk_improvements"":""Enhanced GPS tracking improved packaging protocols"",""security_measures"":""24/7 monitoring secure warehousing facilities"",""compliance_certifications"":""ISO 9001 IMO compliance"",""financial_rating"":""A+ (Standard & Poor's)"",""reinsurance_arrangements"":""75% quota share with Munich Re"",""exclusions"":""War risks nuclear perils cyber attacks"",""warranties"":""Proper packaging approved routes only"",""conditions"":""Monthly reporting claims handling procedures"",""created_at"":""2025-01-07T16:20:00Z"",""updated_at"":""2025-01-12T14:15:00Z"",""email_subject"":""Marine Cargo Slip - International Shipping Routes""}",{}
JIR-1753266163114-wyysiauk,Test Jira HIS-88,jira,running,0,8,HIS-88,2025-07-23T10:22:43.115Z,2025-07-23T10:22:43.115Z,{},{}
JIR-1753266267063-3qebxube,Mismatch Summary Test,jira,completed,8,8,HIS-87,2025-07-23T10:24:27.063Z,2025-07-23T10:25:53.313Z,{},{}
JIR-1753266401854-ai2ytjs3,Mismatch Summary Test 2,jira,completed,8,8,HIS-88,2025-07-23T10:26:41.854Z,2025-07-23T10:27:31.704Z,{},{}
JIR-1753266502515-1hu29if2,Final Mismatch Test,jira,completed,8,8,HIS-89,2025-07-23T10:28:22.516Z,2025-07-23T10:29:19.344Z,{},{}
JIR-1753266606304-wm46qgtc,Fixed Workflow Test,jira,completed,8,8,HIS-90,2025-07-23T10:30:06.304Z,2025-07-23T10:31:24.857Z,{},{}
JIR-1753266607128-6sedtgpe,Slip 1 Comparison,jira,completed,4,8,HIS-87,2025-07-23T10:30:07.128Z,2025-07-23T10:50:21.872Z,"{""slip_id"":""SLP-2025-001"",""token"":""slip_token_001"",""slip_reference"":""LMX/2025/001"",""lloyd_syndicate"":""Syndicate 623"",""lead_underwriter"":""James Wilson"",""underwriter_email"":""cargo@marine.com"",""risk_category"":""Marine Cargo"",""policy_inception_date"":""01/04/2025"",""policy_expiry_date"":""31/03/2026"",""coverage_territory"":""Worldwide"",""currency"":""USD"",""policy_limits"":""$50000000"",""deductible"":""$25000"",""premium_amount"":""$485000"",""brokerage_rate"":""15%"",""total_sum_insured"":""$50000000"",""risk_location"":""International Shipping Routes"",""business_description"":""Marine cargo insurance for international shipping operations"",""years_trading"":""25"",""annual_turnover"":""$125000000"",""number_of_employees"":""450"",""previous_claims"":""2 claims in last 5 years - weather related"",""risk_improvements"":""Enhanced GPS tracking improved packaging protocols"",""security_measures"":""24/7 monitoring secure warehousing facilities"",""compliance_certifications"":""ISO 9001 IMO compliance"",""financial_rating"":""A+ (Standard & Poor's)"",""reinsurance_arrangements"":""75% quota share with Munich Re"",""exclusions"":""War risks nuclear perils cyber attacks"",""warranties"":""Proper packaging approved routes only"",""conditions"":""Monthly reporting claims handling procedures"",""created_at"":""2025-01-07T16:20:00Z"",""updated_at"":""2025-01-12T14:15:00Z"",""email_subject"":""Marine Cargo Slip - International Shipping Routes""}",{}
JIR-1753266778115-pz37akt3,Final Test - Pause Fix,jira,completed,8,8,HIS-91,2025-07-23T10:32:58.115Z,2025-07-23T10:33:48.823Z,{},{}
JIR-1753266916565-2ycvw05s,FINAL CRITICAL TEST,jira,completed,8,8,HIS-92,2025-07-23T10:35:16.565Z,2025-07-23T10:36:03.110Z,{},{}
JIR-1753266998178-t8mom1gw,Debug Test,jira,completed,8,8,HIS-93,2025-07-23T10:36:38.179Z,2025-07-23T10:37:30.265Z,{},{}
JIR-1753267111203-aemxcssu,DEBUG - Enhanced Approval Check,jira,completed,8,8,HIS-94,2025-07-23T10:38:31.204Z,2025-07-23T10:39:15.509Z,{},{}
JIR-1753267460866-uaw0grb3,FINAL TEST - Main Loop Pause Fix,jira,completed,8,8,HIS-95,2025-07-23T10:44:20.867Z,2025-07-23T10:45:11.915Z,{},{}
JIR-1753267586664-0xzvbsl0,FINAL FIX TEST - Pause After Agent,jira,running,2,8,HIS-96,2025-07-23T10:46:26.664Z,2025-07-23T10:46:52.264Z,{},{}
JIR-1753267631220-tjxj5ko7,ENHANCED PAUSE LOGIC TEST,jira,pending_data_extraction,1,8,HIS-97,2025-07-23T10:47:11.220Z,2025-07-23T10:47:18.733Z,{},{}
JIR-1753267636525-rscs8g45,ENHANCED PAUSE LOGIC TEST,jira,completed,8,8,HIS-97,2025-07-23T10:47:16.525Z,2025-07-23T10:48:11.203Z,{},{}
JIR-1753267748592-c5xaz86v,FINAL RETURN STATEMENT FIX,jira,completed,4,8,HIS-98,2025-07-23T10:49:08.593Z,2025-07-23T10:50:04.087Z,{},{}
JIR-1753267886664-4yooaojx,Slip 1 Comparison,jira,completed,8,8,HIS-87,2025-07-23T10:51:26.664Z,2025-07-23T10:52:22.601Z,"{""slip_id"":""SLP-2025-001"",""token"":""slip_token_001"",""slip_reference"":""LMX/2025/001"",""lloyd_syndicate"":""Syndicate 623"",""lead_underwriter"":""James Wilson"",""underwriter_email"":""cargo@marine.com"",""risk_category"":""Marine Cargo"",""policy_inception_date"":""01/04/2025"",""policy_expiry_date"":""31/03/2026"",""coverage_territory"":""Worldwide"",""currency"":""USD"",""policy_limits"":""$50000000"",""deductible"":""$25000"",""premium_amount"":""$485000"",""brokerage_rate"":""15%"",""total_sum_insured"":""$50000000"",""risk_location"":""International Shipping Routes"",""business_description"":""Marine cargo insurance for international shipping operations"",""years_trading"":""25"",""annual_turnover"":""$125000000"",""number_of_employees"":""450"",""previous_claims"":""2 claims in last 5 years - weather related"",""risk_improvements"":""Enhanced GPS tracking improved packaging protocols"",""security_measures"":""24/7 monitoring secure warehousing facilities"",""compliance_certifications"":""ISO 9001 IMO compliance"",""financial_rating"":""A+ (Standard & Poor's)"",""reinsurance_arrangements"":""75% quota share with Munich Re"",""exclusions"":""War risks nuclear perils cyber attacks"",""warranties"":""Proper packaging approved routes only"",""conditions"":""Monthly reporting claims handling procedures"",""created_at"":""2025-01-07T16:20:00Z"",""updated_at"":""2025-01-12T14:15:00Z"",""email_subject"":""Marine Cargo Slip - International Shipping Routes""}",{}
JIR-1753268064583-ynkwtwn4,FALLBACK PATH FIX TEST,jira,completed,8,8,HIS-99,2025-07-23T10:54:24.583Z,2025-07-23T10:55:26.607Z,{},{}
JIR-1753268230100-4kivvr11,ENHANCED PAUSE TEST,jira,running,0,8,HIS-100,2025-07-23T10:57:10.101Z,2025-07-23T10:57:10.101Z,{},{}
JIR-1753268297381-bjohqf3h,PAUSE TEST,jira,pending_data_extraction,1,8,HIS-101,2025-07-23T10:58:17.381Z,2025-07-23T10:58:24.765Z,{},{}
JIR-1753268520571-any9vg9r,Slip 1 Comparison,jira,completed,6,6,HIS-87,2025-07-23T11:02:00.572Z,2025-07-23T11:02:51.675Z,"{""slip_id"":""SLP-2025-001"",""token"":""slip_token_001"",""slip_reference"":""LMX/2025/001"",""lloyd_syndicate"":""Syndicate 623"",""lead_underwriter"":""James Wilson"",""underwriter_email"":""cargo@marine.com"",""risk_category"":""Marine Cargo"",""policy_inception_date"":""01/04/2025"",""policy_expiry_date"":""31/03/2026"",""coverage_territory"":""Worldwide"",""currency"":""USD"",""policy_limits"":""$50000000"",""deductible"":""$25000"",""premium_amount"":""$485000"",""brokerage_rate"":""15%"",""total_sum_insured"":""$50000000"",""risk_location"":""International Shipping Routes"",""business_description"":""Marine cargo insurance for international shipping operations"",""years_trading"":""25"",""annual_turnover"":""$125000000"",""number_of_employees"":""450"",""previous_claims"":""2 claims in last 5 years - weather related"",""risk_improvements"":""Enhanced GPS tracking improved packaging protocols"",""security_measures"":""24/7 monitoring secure warehousing facilities"",""compliance_certifications"":""ISO 9001 IMO compliance"",""financial_rating"":""A+ (Standard & Poor's)"",""reinsurance_arrangements"":""75% quota share with Munich Re"",""exclusions"":""War risks nuclear perils cyber attacks"",""warranties"":""Proper packaging approved routes only"",""conditions"":""Monthly reporting claims handling procedures"",""created_at"":""2025-01-07T16:20:00Z"",""updated_at"":""2025-01-12T14:15:00Z"",""email_subject"":""Marine Cargo Slip - International Shipping Routes""}",{}
JIR-1753268650235-n4sfcxwp,Debug Test HIS-90,jira,completed,6,6,HIS-90,2025-07-23T11:04:10.235Z,2025-07-23T11:05:02.262Z,{},{}
JIR-1753268725119-z5c4724v,Test Pause Fix HIS-89,jira,pending_approval,4,6,HIS-89,2025-07-23T11:05:25.119Z,2025-07-23T11:05:59.623Z,{},{}
JIR-1753268850101-8v79w1ki,FIXED Test HIS-88,jira,completed,6,6,HIS-88,2025-07-23T11:07:30.101Z,2025-07-23T11:08:13.144Z,{},{}
JIR-1753268996209-tlzq4bsg,SIMPLIFIED Test HIS-87,jira,pending_approval,1,6,HIS-87,2025-07-23T11:09:56.209Z,2025-07-23T11:25:08.615Z,"{""slip_id"":""SLP-2025-001"",""token"":""slip_token_001"",""slip_reference"":""LMX/2025/001"",""lloyd_syndicate"":""Syndicate 623"",""lead_underwriter"":""James Wilson"",""underwriter_email"":""cargo@marine.com"",""risk_category"":""Marine Cargo"",""policy_inception_date"":""01/04/2025"",""policy_expiry_date"":""31/03/2026"",""coverage_territory"":""Worldwide"",""currency"":""USD"",""policy_limits"":""$50000000"",""deductible"":""$25000"",""premium_amount"":""$485000"",""brokerage_rate"":""15%"",""total_sum_insured"":""$50000000"",""risk_location"":""International Shipping Routes"",""business_description"":""Marine cargo insurance for international shipping operations"",""years_trading"":""25"",""annual_turnover"":""$125000000"",""number_of_employees"":""450"",""previous_claims"":""2 claims in last 5 years - weather related"",""risk_improvements"":""Enhanced GPS tracking improved packaging protocols"",""security_measures"":""24/7 monitoring secure warehousing facilities"",""compliance_certifications"":""ISO 9001 IMO compliance"",""financial_rating"":""A+ (Standard & Poor's)"",""reinsurance_arrangements"":""75% quota share with Munich Re"",""exclusions"":""War risks nuclear perils cyber attacks"",""warranties"":""Proper packaging approved routes only"",""conditions"":""Monthly reporting claims handling procedures"",""created_at"":""2025-01-07T16:20:00Z"",""updated_at"":""2025-01-12T14:15:00Z"",""email_subject"":""Marine Cargo Slip - International Shipping Routes""}",{}
JIR-1753269059235-skkhiocm,FINAL SIMPLIFIED Test HIS-90,jira,pending_approval,1,6,HIS-90,2025-07-23T11:10:59.236Z,2025-07-23T11:11:21.810Z,{},{}
JIR-1753269286637-72nnask1,FINAL TEST - Mismatch Summary Hardcoded,jira,pending_approval,1,6,HIS-91,2025-07-23T11:14:46.637Z,2025-07-23T11:15:10.867Z,{},{}
JIR-1753269349532-gaose6ka,FINAL TEST - Hardcoded Mismatch Summary Agent,jira,completed,4,6,HIS-92,2025-07-23T11:15:49.532Z,2025-07-23T11:16:19.067Z,{},{}
JIR-1753269387204-7fd8nv4b,PF345423423 - Marine Case,jira,completed,4,6,HIS-88,2025-07-23T11:16:27.204Z,2025-07-23T11:16:58.399Z,"{""slip_id"":""SLP-2025-002"",""token"":""slip_token_002"",""slip_reference"":""LMX/2025/002"",""lloyd_syndicate"":""Syndicate 435"",""lead_underwriter"":""Emma Davis"",""underwriter_email"":""aviation@corp.com"",""risk_category"":""Aviation Hull"",""policy_inception_date"":""15/02/2025"",""policy_expiry_date"":""14/02/2026"",""coverage_territory"":""Worldwide excluding USA/Canada"",""currency"":""GBP"",""policy_limits"":""£25000000"",""deductible"":""£50000"",""premium_amount"":""£320000"",""brokerage_rate"":""12.5%"",""total_sum_insured"":""£25000000"",""risk_location"":""European Airports"",""business_description"":""Aviation hull insurance for commercial fleet operations"",""years_trading"":""18"",""annual_turnover"":""£85000000"",""number_of_employees"":""280"",""previous_claims"":""1 claim in last 5 years - ground handling incident"",""risk_improvements"":""Updated maintenance protocols new pilot training"",""security_measures"":""Enhanced security screening maintenance tracking"",""compliance_certifications"":""EASA certification ICAO compliance"",""financial_rating"":""A- (Moody's)"",""reinsurance_arrangements"":""50% quota share with Swiss Re"",""exclusions"":""Acts of war terrorist acts hijacking"",""warranties"":""Regular maintenance certified pilots only"",""conditions"":""Quarterly safety reports incident notification"",""created_at"":""2025-01-06T08:45:00Z"",""updated_at"":""2025-01-12T12:00:00Z"",""email_subject"":""Aviation Hull Insurance - Commercial Fleet Coverage""}",{}
JIR-1753269549040-7smrw5ex,PF345423423 - Marine Case,jira,completed,4,6,HIS-88,2025-07-23T11:19:09.041Z,2025-07-23T11:19:38.065Z,"{""slip_id"":""SLP-2025-002"",""token"":""slip_token_002"",""slip_reference"":""LMX/2025/002"",""lloyd_syndicate"":""Syndicate 435"",""lead_underwriter"":""Emma Davis"",""underwriter_email"":""aviation@corp.com"",""risk_category"":""Aviation Hull"",""policy_inception_date"":""15/02/2025"",""policy_expiry_date"":""14/02/2026"",""coverage_territory"":""Worldwide excluding USA/Canada"",""currency"":""GBP"",""policy_limits"":""£25000000"",""deductible"":""£50000"",""premium_amount"":""£320000"",""brokerage_rate"":""12.5%"",""total_sum_insured"":""£25000000"",""risk_location"":""European Airports"",""business_description"":""Aviation hull insurance for commercial fleet operations"",""years_trading"":""18"",""annual_turnover"":""£85000000"",""number_of_employees"":""280"",""previous_claims"":""1 claim in last 5 years - ground handling incident"",""risk_improvements"":""Updated maintenance protocols new pilot training"",""security_measures"":""Enhanced security screening maintenance tracking"",""compliance_certifications"":""EASA certification ICAO compliance"",""financial_rating"":""A- (Moody's)"",""reinsurance_arrangements"":""50% quota share with Swiss Re"",""exclusions"":""Acts of war terrorist acts hijacking"",""warranties"":""Regular maintenance certified pilots only"",""conditions"":""Quarterly safety reports incident notification"",""created_at"":""2025-01-06T08:45:00Z"",""updated_at"":""2025-01-12T12:00:00Z"",""email_subject"":""Aviation Hull Insurance - Commercial Fleet Coverage""}",{}
JIR-1753269657602-v37a2w7r,TEST PAUSE FIX - Mismatch Summary,jira,completed,4,6,HIS-89,2025-07-23T11:20:57.602Z,2025-07-23T11:21:26.978Z,{},{}
JIR-1753269686019-4rnrh9ek,PF345423423 - Marine Case,jira,completed,4,6,HIS-88,2025-07-23T11:21:26.019Z,2025-07-23T11:22:33.021Z,{},{}
JIR-1753269799630-08wsf88v,SEQUENTIAL TEST - Mismatch Pause,jira,running,1,6,HIS-90,2025-07-23T11:23:19.630Z,2025-07-23T11:23:37.487Z,{},{}
JIR-1753269815760-nh012et1,PF345423423 - Marine Case,jira,running,0,6,HIS-88,2025-07-23T11:23:35.760Z,2025-07-23T11:23:35.760Z,{},{}
JIR-1753269831187-05wvissg,FINAL TEST - Sequential Execution,jira,pending_approval,1,6,HIS-91,2025-07-23T11:23:51.187Z,2025-07-23T11:24:15.106Z,{},{}
JIR-1753270252835-em396wex,Slip 1 Comparison,jira,pending_data_extraction,1,6,HIS-87,2025-07-23T11:30:52.835Z,2025-07-23T11:31:00.184Z,{},{}
JIR-1753270322288-he4ssycs,Slip 1 Comparison,jira,running,3,6,HIS-87,2025-07-23T11:32:02.288Z,2025-07-23T11:33:45.274Z,"{""slip_id"":""SLP-2025-001"",""token"":""slip_token_001"",""slip_reference"":""LMX/2025/001"",""lloyd_syndicate"":""Syndicate 623"",""lead_underwriter"":""James Wilson"",""underwriter_email"":""cargo@marine.com"",""risk_category"":""Marine Cargo"",""policy_inception_date"":""01/04/2025"",""policy_expiry_date"":""31/03/2026"",""coverage_territory"":""Worldwide"",""currency"":""USD"",""policy_limits"":""$50000000"",""deductible"":""$25000"",""premium_amount"":""$485000"",""brokerage_rate"":""15%"",""total_sum_insured"":""$50000000"",""risk_location"":""International Shipping Routes"",""business_description"":""Marine cargo insurance for international shipping operations"",""years_trading"":""25"",""annual_turnover"":""$125000000"",""number_of_employees"":""450"",""previous_claims"":""2 claims in last 5 years - weather related"",""risk_improvements"":""Enhanced GPS tracking improved packaging protocols"",""security_measures"":""24/7 monitoring secure warehousing facilities"",""compliance_certifications"":""ISO 9001 IMO compliance"",""financial_rating"":""A+ (Standard & Poor's)"",""reinsurance_arrangements"":""75% quota share with Munich Re"",""exclusions"":""War risks nuclear perils cyber attacks"",""warranties"":""Proper packaging approved routes only"",""conditions"":""Monthly reporting claims handling procedures"",""created_at"":""2025-01-07T16:20:00Z"",""updated_at"":""2025-01-12T14:15:00Z"",""email_subject"":""Marine Cargo Slip - International Shipping Routes""}",{}
JIR-1753270400020-wck8vau1,Test Jira Integration Fixed,jira,pending_data_extraction,1,6,HIS-87,2025-07-23T11:33:20.020Z,2025-07-23T11:33:27.410Z,{},{}
JIR-1753270433408-kunhfj2y,Final Jira Test,jira,pending_approval,3,6,HIS-87,2025-07-23T11:33:53.408Z,2025-07-23T11:36:44.835Z,"{""slip_id"":""SLP-2025-001"",""token"":""slip_token_001"",""slip_reference"":""LMX/2025/001"",""lloyd_syndicate"":""Syndicate 623"",""lead_underwriter"":""James Wilson"",""underwriter_email"":""cargo@marine.com"",""risk_category"":""Marine Cargo"",""policy_inception_date"":""01/04/2025"",""policy_expiry_date"":""31/03/2026"",""coverage_territory"":""Worldwide"",""currency"":""USD"",""policy_limits"":""$50000000"",""deductible"":""$25000"",""premium_amount"":""$485000"",""brokerage_rate"":""15%"",""total_sum_insured"":""$50000000"",""risk_location"":""International Shipping Routes"",""business_description"":""Marine cargo insurance for international shipping operations"",""years_trading"":""25"",""annual_turnover"":""$125000000"",""number_of_employees"":""450"",""previous_claims"":""2 claims in last 5 years - weather related"",""risk_improvements"":""Enhanced GPS tracking improved packaging protocols"",""security_measures"":""24/7 monitoring secure warehousing facilities"",""compliance_certifications"":""ISO 9001 IMO compliance"",""financial_rating"":""A+ (Standard & Poor's)"",""reinsurance_arrangements"":""75% quota share with Munich Re"",""exclusions"":""War risks nuclear perils cyber attacks"",""warranties"":""Proper packaging approved routes only"",""conditions"":""Monthly reporting claims handling procedures"",""created_at"":""2025-01-07T16:20:00Z"",""updated_at"":""2025-01-12T14:15:00Z"",""email_subject"":""Marine Cargo Slip - International Shipping Routes""}",{}
JIR-1753270659333-ecr4mft0,Test Fixed Workflow,jira,running,1,6,HIS-87,2025-07-23T11:37:39.333Z,2025-07-23T11:38:05.211Z,{},{}
JIR-1753270705009-tk25unyi,Fix Test,jira,completed,4,6,HIS-87,2025-07-23T11:38:25.009Z,2025-07-23T11:39:11.217Z,{},{}
JIR-1753270776943-c6bnqu7b,Slip 1 Comparison,jira,completed,4,6,HIS-87,2025-07-23T11:39:36.944Z,2025-07-23T11:40:09.345Z,"{""slip_id"":""SLP-2025-001"",""token"":""slip_token_001"",""slip_reference"":""LMX/2025/001"",""lloyd_syndicate"":""Syndicate 623"",""lead_underwriter"":""James Wilson"",""underwriter_email"":""cargo@marine.com"",""risk_category"":""Marine Cargo"",""policy_inception_date"":""01/04/2025"",""policy_expiry_date"":""31/03/2026"",""coverage_territory"":""Worldwide"",""currency"":""USD"",""policy_limits"":""$50000000"",""deductible"":""$25000"",""premium_amount"":""$485000"",""brokerage_rate"":""15%"",""total_sum_insured"":""$50000000"",""risk_location"":""International Shipping Routes"",""business_description"":""Marine cargo insurance for international shipping operations"",""years_trading"":""25"",""annual_turnover"":""$125000000"",""number_of_employees"":""450"",""previous_claims"":""2 claims in last 5 years - weather related"",""risk_improvements"":""Enhanced GPS tracking improved packaging protocols"",""security_measures"":""24/7 monitoring secure warehousing facilities"",""compliance_certifications"":""ISO 9001 IMO compliance"",""financial_rating"":""A+ (Standard & Poor's)"",""reinsurance_arrangements"":""75% quota share with Munich Re"",""exclusions"":""War risks nuclear perils cyber attacks"",""warranties"":""Proper packaging approved routes only"",""conditions"":""Monthly reporting claims handling procedures"",""created_at"":""2025-01-07T16:20:00Z"",""updated_at"":""2025-01-12T14:15:00Z"",""email_subject"":""Marine Cargo Slip - International Shipping Routes""}",{}
JIR-1753271054426-whd95yor,Test Config Responses,jira,completed,4,6,HIS-87,2025-07-23T11:44:14.427Z,2025-07-23T11:45:05.243Z,{},{}
JIR-1753271285286-88pvuw68,Slip 1 Comparison,jira,completed,4,6,HIS-87,2025-07-23T11:48:05.286Z,2025-07-23T11:52:57.158Z,"{""slip_id"":""SLP-2025-001"",""token"":""slip_token_001"",""slip_reference"":""LMX/2025/001"",""lloyd_syndicate"":""Syndicate 623"",""lead_underwriter"":""James Wilson"",""underwriter_email"":""cargo@marine.com"",""risk_category"":""Marine Cargo"",""policy_inception_date"":""01/04/2025"",""policy_expiry_date"":""31/03/2026"",""coverage_territory"":""Worldwide"",""currency"":""USD"",""policy_limits"":""$50000000"",""deductible"":""$25000"",""premium_amount"":""$485000"",""brokerage_rate"":""15%"",""total_sum_insured"":""$50000000"",""risk_location"":""International Shipping Routes"",""business_description"":""Marine cargo insurance for international shipping operations"",""years_trading"":""25"",""annual_turnover"":""$125000000"",""number_of_employees"":""450"",""previous_claims"":""2 claims in last 5 years - weather related"",""risk_improvements"":""Enhanced GPS tracking improved packaging protocols"",""security_measures"":""24/7 monitoring secure warehousing facilities"",""compliance_certifications"":""ISO 9001 IMO compliance"",""financial_rating"":""A+ (Standard & Poor's)"",""reinsurance_arrangements"":""75% quota share with Munich Re"",""exclusions"":""War risks nuclear perils cyber attacks"",""warranties"":""Proper packaging approved routes only"",""conditions"":""Monthly reporting claims handling procedures"",""created_at"":""2025-01-07T16:20:00Z"",""updated_at"":""2025-01-12T14:15:00Z"",""email_subject"":""Marine Cargo Slip - International Shipping Routes""}",{}
JIR-1753273079371-j5yrw2wo,Slip 1 Comparison,jira,running,4,6,HIS-87,2025-07-23T12:17:59.371Z,2025-07-23T12:19:09.965Z,"{""slip_id"":""SLP-2025-001"",""token"":""slip_token_001"",""slip_reference"":""LMX/2025/001"",""lloyd_syndicate"":""Syndicate 623"",""lead_underwriter"":""James Wilson"",""underwriter_email"":""cargo@marine.com"",""risk_category"":""Marine Cargo"",""policy_inception_date"":""01/04/2025"",""policy_expiry_date"":""31/03/2026"",""coverage_territory"":""Worldwide"",""currency"":""USD"",""policy_limits"":""$50000000"",""deductible"":""$25000"",""premium_amount"":""$485000"",""brokerage_rate"":""15%"",""total_sum_insured"":""$50000000"",""risk_location"":""International Shipping Routes"",""business_description"":""Marine cargo insurance for international shipping operations"",""years_trading"":""25"",""annual_turnover"":""$125000000"",""number_of_employees"":""450"",""previous_claims"":""2 claims in last 5 years - weather related"",""risk_improvements"":""Enhanced GPS tracking improved packaging protocols"",""security_measures"":""24/7 monitoring secure warehousing facilities"",""compliance_certifications"":""ISO 9001 IMO compliance"",""financial_rating"":""A+ (Standard & Poor's)"",""reinsurance_arrangements"":""75% quota share with Munich Re"",""exclusions"":""War risks nuclear perils cyber attacks"",""warranties"":""Proper packaging approved routes only"",""conditions"":""Monthly reporting claims handling procedures"",""created_at"":""2025-01-07T16:20:00Z"",""updated_at"":""2025-01-12T14:15:00Z"",""email_subject"":""Marine Cargo Slip - International Shipping Routes""}",{}
JIR-1753273422639-8d323bom,Communication Agent Test,jira,pending_data_extraction,1,6,HIS-88,2025-07-23T12:23:42.639Z,2025-07-23T12:23:50.015Z,{},{}
JIR-1753273504385-2reuxdtf,Communication Agent Test - New,jira,pending_approval,2,7,HIS-89,2025-07-23T12:25:04.385Z,2025-07-23T12:25:36.802Z,"{""slip_id"":""HIS-89"",""client_name"":""Lee Warner Jones"",""policy_type"":""Property Insurance"",""premium_amount"":""£8,450""}",{}
JIR-1753273569647-6q8xnzu7,Final Communication Agent Test,jira,pending_approval,1,7,HIS-89,2025-07-23T12:26:09.647Z,2025-07-23T12:26:33.445Z,"{""slip_id"":""HIS-89"",""client_name"":""Lee Warner Jones"",""policy_type"":""Property Insurance"",""premium_amount"":""£8,450""}",{}
JIR-1753273751247-9ro17g1d,Slip 1 Comparison,jira,running,5,7,HIS-87,2025-07-23T12:29:11.248Z,2025-07-23T12:30:09.062Z,"{""slip_id"":""SLP-2025-001"",""token"":""slip_token_001"",""slip_reference"":""LMX/2025/001"",""lloyd_syndicate"":""Syndicate 623"",""lead_underwriter"":""James Wilson"",""underwriter_email"":""cargo@marine.com"",""risk_category"":""Marine Cargo"",""policy_inception_date"":""01/04/2025"",""policy_expiry_date"":""31/03/2026"",""coverage_territory"":""Worldwide"",""currency"":""USD"",""policy_limits"":""$50000000"",""deductible"":""$25000"",""premium_amount"":""$485000"",""brokerage_rate"":""15%"",""total_sum_insured"":""$50000000"",""risk_location"":""International Shipping Routes"",""business_description"":""Marine cargo insurance for international shipping operations"",""years_trading"":""25"",""annual_turnover"":""$125000000"",""number_of_employees"":""450"",""previous_claims"":""2 claims in last 5 years - weather related"",""risk_improvements"":""Enhanced GPS tracking improved packaging protocols"",""security_measures"":""24/7 monitoring secure warehousing facilities"",""compliance_certifications"":""ISO 9001 IMO compliance"",""financial_rating"":""A+ (Standard & Poor's)"",""reinsurance_arrangements"":""75% quota share with Munich Re"",""exclusions"":""War risks nuclear perils cyber attacks"",""warranties"":""Proper packaging approved routes only"",""conditions"":""Monthly reporting claims handling procedures"",""created_at"":""2025-01-07T16:20:00Z"",""updated_at"":""2025-01-12T14:15:00Z"",""email_subject"":""Marine Cargo Slip - International Shipping Routes""}",{}
JIR-1753274082618-xf8c4f69,Enhanced Sanctions Agent Test,jira,pending_data_extraction,1,7,HIS-90,2025-07-23T12:34:42.618Z,2025-07-23T12:34:50.091Z,{},{}
JIR-1753274140665-bqgbdtpm,Enhanced Sanctions Demo,jira,pending_data_extraction,2,7,HIS-91,2025-07-23T12:35:40.665Z,2025-07-23T12:35:52.843Z,{},{}
JIR-1753278051320-92pe45o1,Test HIS-91,jira,pending_data_extraction,1,7,HIS-91,2025-07-23T13:40:51.320Z,2025-07-23T13:41:01.719Z,{},{}
JIR-1753278056553-m4hqamwn,Test HIS-91,jira,pending_data_extraction,1,7,HIS-91,2025-07-23T13:40:56.553Z,2025-07-23T13:41:03.972Z,{},{}
JIR-1753278251084-v6190sj3,HIS-91 - new slip test,jira,pending_data_extraction,1,7,HIS-91,2025-07-23T13:44:11.084Z,2025-07-23T13:44:18.704Z,{},{}
JIR-1753278587575-32x3k88c,HIS-91 - new slip test,jira,pending_data_extraction,1,7,HIS-91,2025-07-23T13:49:47.576Z,2025-07-23T13:49:55.083Z,{},{}
JIR-1753278751786-3sndtos6,HIS-91 - new slip test,jira,pending_data_extraction,1,7,HIS-91,2025-07-23T13:52:31.786Z,2025-07-23T13:52:39.465Z,{},{}
JIR-1753278759754-1s66v0nc,HIS-91 - new slip test,jira,pending_data_extraction,1,7,HIS-91,2025-07-23T13:52:39.754Z,2025-07-23T13:52:47.137Z,{},{}
JIR-1753278841466-z1zzx4ti,HIS-91 - new slip test,jira,completed,5,7,HIS-91,2025-07-23T13:54:01.466Z,2025-07-23T14:14:07.827Z,"{""slip_reference"":""LMX/2025/001"",""syndicate"":""623"",""lead_underwriter"":""James Wilson"",""broker_email"":""broker@lloydsunderwriting.com"",""risk_category"":""Marine Cargo"",""coverage_territory"":""Worldwide"",""business_description"":""Marine cargo insurance for international shipping operations covering goods in transit via sea, air, and land transportation. The insured has 25 years of trading experience with excellent loss record."",""policy_limits"":""$50,000,000"",""premium_amount"":""$485,000"",""deductible"":""$25,000"",""brokerage_rate"":""15%"",""policy_inception_date"":""01/04/2025"",""policy_expiry_date"":""31/03/2026""}",{}
JIR-1753279065226-fkzkmmu9,HIS-87 - test navigation,jira,pending_data_extraction,1,7,HIS-87,2025-07-23T13:57:45.226Z,2025-07-23T13:57:52.881Z,{},{}
JIR-1753279153354-vtz110ps,HIS-88 - Backend Test,jira,pending_data_extraction,1,7,HIS-88,2025-07-23T13:59:13.355Z,2025-07-23T13:59:20.842Z,{},{}
JIR-1753279179549-tgu0pss5,HIS-89 - Frontend Flow Test,jira,pending_data_extraction,1,7,HIS-89,2025-07-23T13:59:39.549Z,2025-07-23T13:59:46.983Z,{},{}
JIR-1753279317162-3cvkhbfa,HIS-87 - Navigation Test,jira,pending_data_extraction,1,7,HIS-87,2025-07-23T14:01:57.162Z,2025-07-23T14:02:04.757Z,{},{}
JIR-1753283369356-1vm91v33,HIS-91 - new slip test,jira,running,5,7,HIS-90,2025-07-23T15:09:29.356Z,2025-07-23T15:11:08.742Z,"{""slip_reference"":""LMX/2025/001"",""syndicate"":""623"",""lead_underwriter"":""James Wilson"",""broker_email"":""broker@lloydsunderwriting.com"",""risk_category"":""Marine Cargo"",""coverage_territory"":""Worldwide"",""business_description"":""Marine cargo insurance for international shipping operations covering goods in transit via sea, air, and land transportation. The insured has 25 years of trading experience with excellent loss record."",""policy_limits"":""$50,000,000"",""premium_amount"":""$485,000"",""deductible"":""$25,000"",""brokerage_rate"":""15%"",""policy_inception_date"":""01/04/2025"",""policy_expiry_date"":""31/03/2026""}",{}
JIR-1753283647586-rr68aiml,Fresh Communication Agent Test,jira,completed,5,7,HIS-90,2025-07-23T15:14:07.587Z,2025-07-23T15:14:58.723Z,"{""test"":""approved""}",{}
JIR-1753283752443-tga1u3gd,Enhanced Communication Agent Demo,jira,running,0,7,HIS-88,2025-07-23T15:15:52.443Z,2025-07-23T15:15:52.443Z,{},{}
JIR-1753283768072-c1r0j7m9,Final Communication Agent Test,jira,completed,5,7,HIS-88,2025-07-23T15:16:08.073Z,2025-07-23T15:16:50.058Z,"{""test"":""approved""}",{}
JIR-1753283932246-z5qxjc01,Final Communication Agent Test,jira,completed,5,7,HIS-90,2025-07-23T15:18:52.246Z,2025-07-23T15:19:44.673Z,"{""slip_reference"":""LMX/2025/001"",""syndicate"":""623"",""lead_underwriter"":""James Wilson"",""broker_email"":""broker@lloydsunderwriting.com"",""risk_category"":""Marine Cargo"",""coverage_territory"":""Worldwide"",""business_description"":""Marine cargo insurance for international shipping operations covering goods in transit via sea, air, and land transportation. The insured has 25 years of trading experience with excellent loss record."",""policy_limits"":""$50,000,000"",""premium_amount"":""$485,000"",""deductible"":""$25,000"",""brokerage_rate"":""15%"",""policy_inception_date"":""01/04/2025"",""policy_expiry_date"":""31/03/2026""}",{}
JIR-1753284138990-vni6piby,Test New Comment Detection,jira,running,1,7,HIS-90,2025-07-23T15:22:18.991Z,2025-07-23T15:22:43.179Z,"{""test"":""approved""}",{}
JIR-1753284172774-c6rpydkx,Fresh Comment Detection Test,jira,completed,5,7,HIS-90,2025-07-23T15:22:52.774Z,2025-07-23T15:23:30.816Z,"{""test"":""approved""}",{}
JIR-1753284469296-y2p36abi,Fresh Comment Detection Demo,jira,completed,5,7,HIS-90,2025-07-23T15:27:49.297Z,2025-07-23T15:28:31.946Z,"{""demo"":""approved""}",{}
JIR-1753286293785-eni4rksw,Slip - Reference 123456789,jira,completed,5,7,XSX-4115,2025-07-23T15:58:13.785Z,2025-07-23T15:58:56.365Z,"{""slip_reference"":""LMX/2025/001"",""syndicate"":""623"",""lead_underwriter"":""James Wilson"",""broker_email"":""broker@lloydsunderwriting.com"",""risk_category"":""Marine Cargo"",""coverage_territory"":""Worldwide"",""business_description"":""Marine cargo insurance for international shipping operations covering goods in transit via sea, air, and land transportation. The insured has 25 years of trading experience with excellent loss record."",""policy_limits"":""$50,000,000"",""premium_amount"":""$485,000"",""deductible"":""$25,000"",""brokerage_rate"":""15%"",""policy_inception_date"":""01/04/2025"",""policy_expiry_date"":""31/03/2026""}",{}
JIR-1753286709662-zx235l96,Slip - Reference 987654321,jira,completed,5,7,XSX-4116,2025-07-23T16:05:09.662Z,2025-07-23T16:05:52.712Z,"{""slip_reference"":""LMX/2025/001"",""syndicate"":""623"",""lead_underwriter"":""James Wilson"",""broker_email"":""broker@lloydsunderwriting.com"",""risk_category"":""Marine Cargo"",""coverage_territory"":""Worldwide"",""business_description"":""Marine cargo insurance for international shipping operations covering goods in transit via sea, air, and land transportation. The insured has 25 years of trading experience with excellent loss record."",""policy_limits"":""$50,000,000"",""premium_amount"":""$485,000"",""deductible"":""$25,000"",""brokerage_rate"":""15%"",""policy_inception_date"":""01/04/2025"",""policy_expiry_date"":""31/03/2026""}",{}
JIR-1753286916623-y5tlcb1c,Test Communication Agent Fix,jira,pending_approval,1,7,XSX-4116,2025-07-23T16:08:36.624Z,2025-07-23T16:09:03.324Z,{},{}
JIR-1753287033784-cii1n9yz,Test Communication Agent Fix,jira,completed,5,7,HIS-90,2025-07-23T16:10:33.785Z,2025-07-23T16:11:27.463Z,"{""slip_reference"":""LMX/2025/001"",""syndicate"":""623"",""lead_underwriter"":""James Wilson"",""broker_email"":""broker@lloydsunderwriting.com"",""risk_category"":""Marine Cargo"",""coverage_territory"":""Worldwide"",""business_description"":""Marine cargo insurance for international shipping operations covering goods in transit via sea, air, and land transportation. The insured has 25 years of trading experience with excellent loss record."",""policy_limits"":""$50,000,000"",""premium_amount"":""$485,000"",""deductible"":""$25,000"",""brokerage_rate"":""15%"",""policy_inception_date"":""01/04/2025"",""policy_expiry_date"":""31/03/2026""}",{}
JIR-1753287150704-msgrzr55,Test No Human Comments,jira,running,1,7,XSX-4113,2025-07-23T16:12:30.705Z,2025-07-23T16:12:47.343Z,{},{}
JIR-1753287342760-rkwteaqe,Test Communication Agent Fix,jira,pending_data_extraction,1,7,HIS-90,2025-07-23T16:15:42.760Z,2025-07-23T16:15:50.665Z,{},{}
JIR-1753287467814-9arua5zz,Test Communication Agent Fix,jira,pending_data_extraction,1,7,HIS-90,2025-07-23T16:17:47.814Z,2025-07-23T16:17:55.654Z,{},{}
JIR-1753287660036-hewl8sxw,Slip - Reference 7286812318,jira,completed,4,7,XSX-4117,2025-07-23T16:21:00.037Z,2025-07-23T16:21:41.454Z,"{""slip_reference"":""LMX/2025/001"",""syndicate"":""623"",""lead_underwriter"":""James Wilson"",""broker_email"":""broker@lloydsunderwriting.com"",""risk_category"":""Marine Cargo"",""coverage_territory"":""Worldwide"",""business_description"":""Marine cargo insurance for international shipping operations covering goods in transit via sea, air, and land transportation. The insured has 25 years of trading experience with excellent loss record."",""policy_limits"":""$50,000,000"",""premium_amount"":""$485,000"",""deductible"":""$25,000"",""brokerage_rate"":""15%"",""policy_inception_date"":""01/04/2025"",""policy_expiry_date"":""31/03/2026""}",{}
JIR-1753287869384-ryurzkvt,Slip - Reference 7286812318,jira,pending_data_extraction,1,7,HIS-90,2025-07-23T16:24:29.384Z,2025-07-23T16:24:37.221Z,{},{}
JIR-1753288049329-u7xwz023,Slip - Reference 7286812318,jira,completed,4,7,XSX-4117,2025-07-23T16:27:29.329Z,2025-07-23T16:32:51.664Z,"{""slip_reference"":""LMX/2025/001"",""syndicate"":""623"",""lead_underwriter"":""James Wilson"",""broker_email"":""broker@lloydsunderwriting.com"",""risk_category"":""Marine Cargo"",""coverage_territory"":""Worldwide"",""business_description"":""Marine cargo insurance for international shipping operations covering goods in transit via sea, air, and land transportation. The insured has 25 years of trading experience with excellent loss record."",""policy_limits"":""$50,000,000"",""premium_amount"":""$485,000"",""deductible"":""$25,000"",""brokerage_rate"":""15%"",""policy_inception_date"":""01/04/2025"",""policy_expiry_date"":""31/03/2026""}",{}
JIR-1753288508848-4462t99f,Slip - Reference 7286812318,jira,completed,4,7,XSX-4117,2025-07-23T16:35:08.849Z,2025-07-23T16:40:01.000Z,"{""slip_reference"":""LMX/2025/001"",""syndicate"":""623"",""lead_underwriter"":""James Wilson"",""broker_email"":""broker@lloydsunderwriting.com"",""risk_category"":""Marine Cargo"",""coverage_territory"":""Worldwide"",""business_description"":""Marine cargo insurance for international shipping operations covering goods in transit via sea, air, and land transportation. The insured has 25 years of trading experience with excellent loss record."",""policy_limits"":""$50,000,000"",""premium_amount"":""$485,000"",""deductible"":""$25,000"",""brokerage_rate"":""15%"",""policy_inception_date"":""01/04/2025"",""policy_expiry_date"":""31/03/2026""}",{}
JIR-1753289086625-8aw2y66l,Slip - Reference 7286812318,jira,pending_human_response,1,7,XSX-4117,2025-07-23T16:44:46.625Z,2025-07-23T16:45:28.594Z,"{""slip_reference"":""LMX/2025/001"",""syndicate"":""623"",""lead_underwriter"":""James Wilson"",""broker_email"":""broker@lloydsunderwriting.com"",""risk_category"":""Marine Cargo"",""coverage_territory"":""Worldwide"",""business_description"":""Marine cargo insurance for international shipping operations covering goods in transit via sea, air, and land transportation. The insured has 25 years of trading experience with excellent loss record."",""policy_limits"":""$50,000,000"",""premium_amount"":""$485,000"",""deductible"":""$25,000"",""brokerage_rate"":""15%"",""policy_inception_date"":""01/04/2025"",""policy_expiry_date"":""31/03/2026""}",{}
JIR-1753289281499-clo2601l,Slip - Reference 7286812318,jira,pending_data_extraction,3,7,XSX-4117,2025-07-23T16:48:01.499Z,2025-07-23T16:52:37.760Z,"{""slip_reference"":""LMX/2025/001"",""syndicate"":""623"",""lead_underwriter"":""James Wilson"",""broker_email"":""broker@lloydsunderwriting.com"",""risk_category"":""Marine Cargo"",""coverage_territory"":""Worldwide"",""business_description"":""Marine cargo insurance for international shipping operations covering goods in transit via sea, air, and land transportation. The insured has 25 years of trading experience with excellent loss record."",""policy_limits"":""$50,000,000"",""premium_amount"":""$485,000"",""deductible"":""$25,000"",""brokerage_rate"":""15%"",""policy_inception_date"":""01/04/2025"",""policy_expiry_date"":""31/03/2026""}",{}
JIR-1753289554927-w0ti1ehe,Slip - Reference 7286812318,jira,pending_human_response,0,1,XSX-4117,2025-07-23T16:52:34.927Z,2025-07-23T16:52:40.982Z,{},{}
JIR-1753290015536-ptree5zr,Slip - Reference 7286812318,jira,pending_data_extraction,3,7,XSX-4117,2025-07-23T17:00:15.537Z,2025-07-23T17:03:56.927Z,"{""slip_reference"":""LMX/2025/001"",""syndicate"":""623"",""lead_underwriter"":""James Wilson"",""broker_email"":""broker@lloydsunderwriting.com"",""risk_category"":""Marine Cargo"",""coverage_territory"":""Worldwide"",""business_description"":""Marine cargo insurance for international shipping operations covering goods in transit via sea, air, and land transportation. The insured has 25 years of trading experience with excellent loss record."",""policy_limits"":""$50,000,000"",""premium_amount"":""$485,000"",""deductible"":""$25,000"",""brokerage_rate"":""15%"",""policy_inception_date"":""01/04/2025"",""policy_expiry_date"":""31/03/2026""}",{}
JIR-1753290213290-wmvwqt5w,Backend Test Communication Agent,jira,pending_approval,1,7,TEST-BACKEND-001,2025-07-23T17:03:33.291Z,2025-07-23T17:04:27.122Z,{},{}
JIR-1753290389753-np888i1h,Slip - Reference 7286812318,jira,pending_data_extraction,4,7,XSX-4117,2025-07-23T17:06:29.754Z,2025-07-23T17:16:00.660Z,"{""slip_reference"":""LMX/2025/001"",""syndicate"":""623"",""lead_underwriter"":""James Wilson"",""broker_email"":""broker@lloydsunderwriting.com"",""risk_category"":""Marine Cargo"",""coverage_territory"":""Worldwide"",""business_description"":""Marine cargo insurance for international shipping operations covering goods in transit via sea, air, and land transportation. The insured has 25 years of trading experience with excellent loss record."",""policy_limits"":""$50,000,000"",""premium_amount"":""$485,000"",""deductible"":""$25,000"",""brokerage_rate"":""15%"",""policy_inception_date"":""01/04/2025"",""policy_expiry_date"":""31/03/2026""}",{}
JIR-1753291103281-r7w8on8p,Fresh Communication Agent Test,jira,pending_approval,1,7,TEST-1753291103142,2025-07-23T17:18:23.281Z,2025-07-23T17:19:02.463Z,{},{}
JIR-1753291252288-tyjom7nf,Slip - Reference 23123131313,jira,completed,5,7,XSX-4118,2025-07-23T17:20:52.288Z,2025-07-23T17:25:57.425Z,"{""slip_reference"":""LMX/2025/001"",""syndicate"":""623"",""lead_underwriter"":""James Wilson"",""broker_email"":""broker@lloydsunderwriting.com"",""risk_category"":""Marine Cargo"",""coverage_territory"":""Worldwide"",""business_description"":""Marine cargo insurance for international shipping operations covering goods in transit via sea, air, and land transportation. The insured has 25 years of trading experience with excellent loss record."",""policy_limits"":""$50,000,000"",""premium_amount"":""$485,000"",""deductible"":""$25,000"",""brokerage_rate"":""15%"",""policy_inception_date"":""01/04/2025"",""policy_expiry_date"":""31/03/2026""}",{}
JIR-1753291798136-5vn6ken8,Slip - Reference 23123131313,jira,completed,5,7,XSX-4118,2025-07-23T17:29:58.136Z,2025-07-23T17:30:51.497Z,"{""slip_reference"":""LMX/2025/001"",""syndicate"":""623"",""lead_underwriter"":""James Wilson"",""broker_email"":""broker@lloydsunderwriting.com"",""risk_category"":""Marine Cargo"",""coverage_territory"":""Worldwide"",""business_description"":""Marine cargo insurance for international shipping operations covering goods in transit via sea, air, and land transportation. The insured has 25 years of trading experience with excellent loss record."",""policy_limits"":""$50,000,000"",""premium_amount"":""$485,000"",""deductible"":""$25,000"",""brokerage_rate"":""15%"",""policy_inception_date"":""01/04/2025"",""policy_expiry_date"":""31/03/2026""}",{}
JIR-1753292067659-m5ku7yrb,Slip - Reference 23123131313,jira,completed,5,7,XSX-4118,2025-07-23T17:34:27.660Z,2025-07-23T17:35:19.158Z,"{""slip_reference"":""LMX/2025/001"",""syndicate"":""623"",""lead_underwriter"":""James Wilson"",""broker_email"":""broker@lloydsunderwriting.com"",""risk_category"":""Marine Cargo"",""coverage_territory"":""Worldwide"",""business_description"":""Marine cargo insurance for international shipping operations covering goods in transit via sea, air, and land transportation. The insured has 25 years of trading experience with excellent loss record."",""policy_limits"":""$50,000,000"",""premium_amount"":""$485,000"",""deductible"":""$25,000"",""brokerage_rate"":""15%"",""policy_inception_date"":""01/04/2025"",""policy_expiry_date"":""31/03/2026""}",{}
JIR-1753292285449-egqfugz4,sdasd,jira,completed,5,7,XSX-4119,2025-07-23T17:38:05.449Z,2025-07-23T17:39:04.940Z,"{""slip_reference"":""LMX/2025/001"",""syndicate"":""623"",""lead_underwriter"":""James Wilson"",""broker_email"":""broker@lloydsunderwriting.com"",""risk_category"":""Marine Cargo"",""coverage_territory"":""Worldwide"",""business_description"":""Marine cargo insurance for international shipping operations covering goods in transit via sea, air, and land transportation. The insured has 25 years of trading experience with excellent loss record."",""policy_limits"":""$50,000,000"",""premium_amount"":""$485,000"",""deductible"":""$25,000"",""brokerage_rate"":""15%"",""policy_inception_date"":""01/04/2025"",""policy_expiry_date"":""31/03/2026""}",{}
JIR-1753292572481-zonyvcqy,sdasd,jira,pending_data_extraction,1,7,XSX-4119,2025-07-23T17:42:52.482Z,2025-07-23T17:43:00.379Z,{},{}
JIR-1753292596343-tukguzvb,sdasd,jira,pending_data_extraction,1,7,XSX-4119,2025-07-23T17:43:16.343Z,2025-07-23T17:43:24.457Z,{},{}
JIR-1753292805317-f7pwpatu,sdasd,jira,completed,7,7,XSX-4119,2025-07-23T17:46:45.317Z,2025-07-23T17:47:40.032Z,"{""slip_reference"":""LMX/2025/001"",""syndicate"":""623"",""lead_underwriter"":""James Wilson"",""broker_email"":""broker@lloydsunderwriting.com"",""risk_category"":""Marine Cargo"",""coverage_territory"":""Worldwide"",""business_description"":""Marine cargo insurance for international shipping operations covering goods in transit via sea, air, and land transportation. The insured has 25 years of trading experience with excellent loss record."",""policy_limits"":""$50,000,000"",""premium_amount"":""$485,000"",""deductible"":""$25,000"",""brokerage_rate"":""15%"",""policy_inception_date"":""01/04/2025"",""policy_expiry_date"":""31/03/2026""}",{}
JIR-1753293630043-ytxzamka,sdasd,jira,pending_data_extraction,1,7,XSX-4119,2025-07-23T18:00:30.043Z,2025-07-23T18:00:38.063Z,{},{}
JIR-1753293802158-a9huwoos,sdasd,jira,completed,7,7,XSX-4119,2025-07-23T18:03:22.158Z,2025-07-23T18:05:19.676Z,"{""slip_reference"":""LMX/2025/001"",""syndicate"":""623"",""lead_underwriter"":""James Wilson"",""broker_email"":""broker@lloydsunderwriting.com"",""risk_category"":""Marine Cargo"",""coverage_territory"":""Worldwide"",""business_description"":""Marine cargo insurance for international shipping operations covering goods in transit via sea, air, and land transportation. The insured has 25 years of trading experience with excellent loss record."",""policy_limits"":""$50,000,000"",""premium_amount"":""$485,000"",""deductible"":""$25,000"",""brokerage_rate"":""15%"",""policy_inception_date"":""01/04/2025"",""policy_expiry_date"":""31/03/2026""}",{}
JIR-1753294084650-yeedo9tl,Test Updated Sanctions Message,jira,pending_data_extraction,1,7,HIS-TEST,2025-07-23T18:08:04.650Z,2025-07-23T18:08:12.620Z,{},{}
JIR-1753294276967-mbhb48fo,wqdqwd,jira,completed,7,7,XSX-4120,2025-07-23T18:11:16.967Z,2025-07-23T18:12:13.317Z,"{""slip_reference"":""LMX/2025/001"",""syndicate"":""623"",""lead_underwriter"":""James Wilson"",""broker_email"":""broker@lloydsunderwriting.com"",""risk_category"":""Marine Cargo"",""coverage_territory"":""Worldwide"",""business_description"":""Marine cargo insurance for international shipping operations covering goods in transit via sea, air, and land transportation. The insured has 25 years of trading experience with excellent loss record."",""policy_limits"":""$50,000,000"",""premium_amount"":""$485,000"",""deductible"":""$25,000"",""brokerage_rate"":""15%"",""policy_inception_date"":""01/04/2025"",""policy_expiry_date"":""31/03/2026""}",{}
JIR-1753296250890-8najg18q,Test Updated Sanctions Message v2,jira,pending_human_response,1,7,HIS-UPDATE,2025-07-23T18:44:10.890Z,2025-07-23T18:45:45.696Z,{},{}
JIR-1753296379963-m7822aew,Test Sanctions Message with Real Ticket,jira,completed,7,7,HIS-88,2025-07-23T18:46:19.963Z,2025-07-23T18:47:21.778Z,{},{}
JIR-1753296545587-nlsyr1yo,Final Test - Updated Sanctions Message,jira,completed,7,7,HIS-88,2025-07-23T18:49:05.587Z,2025-07-23T18:50:03.520Z,{},{}
JIR-1753300135336-e9ghr4mb,wqdqwd,jira,completed,7,7,XSX-4120,2025-07-23T19:48:55.337Z,2025-07-23T19:49:50.631Z,"{""slip_reference"":""LMX/2025/001"",""syndicate"":""623"",""lead_underwriter"":""James Wilson"",""broker_email"":""broker@lloydsunderwriting.com"",""risk_category"":""Marine Cargo"",""coverage_territory"":""Worldwide"",""business_description"":""Marine cargo insurance for international shipping operations covering goods in transit via sea, air, and land transportation. The insured has 25 years of trading experience with excellent loss record."",""policy_limits"":""$50,000,000"",""premium_amount"":""$485,000"",""deductible"":""$25,000"",""brokerage_rate"":""15%"",""policy_inception_date"":""01/04/2025"",""policy_expiry_date"":""31/03/2026""}",{}
JIR-1753300406442-0y9i31ht,Realistic Timing Test - Agent Progress Demo,jira_review,running,1,7,TIMING-TEST-001,2025-07-23T19:53:26.442Z,2025-07-23T19:53:43.314Z,"{""test"":""approved""}",{}
JIR-1753300434653-mtxfjexu,Slip - Reference 23123131313,jira,running,1,7,XSX-4118,2025-07-23T19:53:54.653Z,2025-07-23T19:54:11.021Z,"{""slip_reference"":""LMX/2025/001"",""syndicate"":""623"",""lead_underwriter"":""James Wilson"",""broker_email"":""broker@lloydsunderwriting.com"",""risk_category"":""Marine Cargo"",""coverage_territory"":""Worldwide"",""business_description"":""Marine cargo insurance for international shipping operations covering goods in transit via sea, air, and land transportation. The insured has 25 years of trading experience with excellent loss record."",""policy_limits"":""$50,000,000"",""premium_amount"":""$485,000"",""deductible"":""$25,000"",""brokerage_rate"":""15%"",""policy_inception_date"":""01/04/2025"",""policy_expiry_date"":""31/03/2026""}",{}
JIR-1753300546681-dl8d3ko7,sdasd,jira,pending_approval,2,7,XSX-4119,2025-07-23T19:55:46.681Z,2025-07-23T20:01:07.496Z,"{""slip_reference"":""LMX/2025/001"",""syndicate"":""623"",""lead_underwriter"":""James Wilson"",""broker_email"":""broker@lloydsunderwriting.com"",""risk_category"":""Marine Cargo"",""coverage_territory"":""Worldwide"",""business_description"":""Marine cargo insurance for international shipping operations covering goods in transit via sea, air, and land transportation. The insured has 25 years of trading experience with excellent loss record."",""policy_limits"":""$50,000,000"",""premium_amount"":""$485,000"",""deductible"":""$25,000"",""brokerage_rate"":""15%"",""policy_inception_date"":""01/04/2025"",""policy_expiry_date"":""31/03/2026""}",{}
JIR-1753301040621-upz9cub2,sdasd,jira,pending_approval,2,7,XSX-4119,2025-07-23T20:04:00.621Z,2025-07-23T20:05:53.940Z,"{""slip_reference"":""LMX/2025/001"",""syndicate"":""623"",""lead_underwriter"":""James Wilson"",""broker_email"":""broker@lloydsunderwriting.com"",""risk_category"":""Marine Cargo"",""coverage_territory"":""Worldwide"",""business_description"":""Marine cargo insurance for international shipping operations covering goods in transit via sea, air, and land transportation. The insured has 25 years of trading experience with excellent loss record."",""policy_limits"":""$50,000,000"",""premium_amount"":""$485,000"",""deductible"":""$25,000"",""brokerage_rate"":""15%"",""policy_inception_date"":""01/04/2025"",""policy_expiry_date"":""31/03/2026""}",{}
JIR-1753321047840-s9lvrxbo,wqdqwd,jira,pending_data_extraction,1,7,XSX-4120,2025-07-24T01:37:27.840Z,2025-07-24T01:37:36.491Z,{},{}
JIR-1753321542450-2kl5htiy,wqdqwd,jira,pending_data_extraction,1,7,XSX-4120,2025-07-24T01:45:42.450Z,2025-07-24T01:45:50.358Z,{},{}
JIR-1753330495548-fv4qja89,wqdqwd,jira,pending_data_extraction,0,7,XSX-4120,2025-07-24T04:14:55.548Z,2025-07-24T04:42:32.790Z,"{""contact_role"":""ABC Private Limited"",""title"":""Y"",""re_assured_name"":""ABC Private Limited"",""re_assured_main"":""Y"",""inception_date"":""01/01/2025"",""expiry_date"":""31/12/2025"",""settlement_due_date"":""30/03/2025"",""limit_amount"":""10,000,000.00"",""limit_currency"":""USD"",""limit_basis"":""PER OCC"",""deductible_amount"":""10,000.00"",""deductible_currency"":""USD"",""deductible_basis"":""PER OCC"",""tiv_amount_1"":""284,860,219.00"",""tiv_currency_1"":""USD"",""tiv_amount_2"":""1,045,000.00"",""tiv_currency_2"":""USD"",""clause_1"":""Found"",""clause_2"":""Found"",""clause_3"":""Found"",""clause_4"":""Found"",""clause_5"":""Found"",""clause_6"":""Not Found"",""clause_7"":""Found"",""clause_8"":""Found"",""clause_9"":""Found"",""clause_10"":""Found"",""clause_11"":""Found"",""clause_12"":""Found"",""clause_13"":""Found"",""clause_14"":""Not Found"",""clause_15"":""Not Found"",""clause_16"":""Found"",""clause_17"":""Found"",""clause_18"":""Found"",""clause_19"":""Not Found"",""clause_20"":""Not Found"",""deduction_type_1"":""Brokerage"",""deduction_percentage_1"":""20%"",""deduction_type_2"":""Commission"",""deduction_percentage_2"":""15%"",""deduction_type_3"":""Administrative Fee"",""deduction_percentage_3"":""5%"",""riskcode1"":""P3"",""riskcode1_percentage_1"":""100%"",""leader_overall"":""ABC Syndicate"",""Polreference"":"" "",""written_line_ref"":"" ""}",{}
JIR-1753332151740-2d68q2wo,wqdqwd,jira,pending_data_extraction,2,7,XSX-4120,2025-07-24T04:42:31.740Z,2025-07-24T04:44:46.761Z,"{""contact_role"":""ABC Private Limited"",""title"":""Y"",""re_assured_name"":""ABC Private Limited"",""re_assured_main"":""Y"",""inception_date"":""01/01/2025"",""expiry_date"":""31/12/2025"",""settlement_due_date"":""30/03/2025"",""limit_amount"":""10,000,000.00"",""limit_currency"":""USD"",""limit_basis"":""PER OCC"",""deductible_amount"":""10,000.00"",""deductible_currency"":""USD"",""deductible_basis"":""PER OCC"",""tiv_amount_1"":""284,860,219.00"",""tiv_currency_1"":""USD"",""tiv_amount_2"":""1,045,000.00"",""tiv_currency_2"":""USD"",""clause_1"":""Found"",""clause_2"":""Found"",""clause_3"":""Found"",""clause_4"":""Found"",""clause_5"":""Found"",""clause_6"":""Not Found"",""clause_7"":""Found"",""clause_8"":""Found"",""clause_9"":""Found"",""clause_10"":""Found"",""clause_11"":""Found"",""clause_12"":""Found"",""clause_13"":""Found"",""clause_14"":""Not Found"",""clause_15"":""Not Found"",""clause_16"":""Found"",""clause_17"":""Found"",""clause_18"":""Found"",""clause_19"":""Not Found"",""clause_20"":""Not Found"",""deduction_type_1"":""Brokerage"",""deduction_percentage_1"":""20%"",""deduction_type_2"":""Commission"",""deduction_percentage_2"":""15%"",""deduction_type_3"":""Administrative Fee"",""deduction_percentage_3"":""5%"",""riskcode1"":""P3"",""riskcode1_percentage_1"":""100%"",""leader_overall"":""ABC Syndicate"",""Polreference"":"" "",""written_line_ref"":"" ""}",{}
JIR-1753332292683-1igl8qaw,wqdqwd,jira,pending_approval,2,7,XSX-4120,2025-07-24T04:44:52.683Z,2025-07-24T04:46:46.625Z,"{""contact_role"":""ABC Private Limited"",""title"":""Y"",""re_assured_name"":""ABC Private Limited"",""re_assured_main"":""Y"",""inception_date"":""01/01/2025"",""expiry_date"":""31/12/2025"",""settlement_due_date"":""30/03/2025"",""limit_amount"":""10,000,000.00"",""limit_currency"":""USD"",""limit_basis"":""PER OCC"",""deductible_amount"":""10,000.00"",""deductible_currency"":""USD"",""deductible_basis"":""PER OCC"",""tiv_amount_1"":""284,860,219.00"",""tiv_currency_1"":""USD"",""tiv_amount_2"":""1,045,000.00"",""tiv_currency_2"":""USD"",""clause_1"":""Found"",""clause_2"":""Found"",""clause_3"":""Found"",""clause_4"":""Found"",""clause_5"":""Found"",""clause_6"":""Not Found"",""clause_7"":""Found"",""clause_8"":""Found"",""clause_9"":""Found"",""clause_10"":""Found"",""clause_11"":""Found"",""clause_12"":""Found"",""clause_13"":""Found"",""clause_14"":""Not Found"",""clause_15"":""Not Found"",""clause_16"":""Found"",""clause_17"":""Found"",""clause_18"":""Found"",""clause_19"":""Not Found"",""clause_20"":""Not Found"",""deduction_type_1"":""Brokerage"",""deduction_percentage_1"":""20%"",""deduction_type_2"":""Commission"",""deduction_percentage_2"":""15%"",""deduction_type_3"":""Administrative Fee"",""deduction_percentage_3"":""5%"",""riskcode1"":""P3"",""riskcode1_percentage_1"":""100%"",""leader_overall"":""ABC Syndicate"",""Polreference"":"" "",""written_line_ref"":"" ""}",{}
JIR-1753332445804-y2epn6ge,wqdqwd,jira,pending_approval,2,7,XSX-4120,2025-07-24T04:47:25.804Z,2025-07-24T04:49:20.460Z,"{""contact_role"":""ABC Private Limited"",""title"":""Y"",""re_assured_name"":""ABC Private Limited"",""re_assured_main"":""Y"",""inception_date"":""01/01/2025"",""expiry_date"":""31/12/2025"",""settlement_due_date"":""30/03/2025"",""limit_amount"":""10,000,000.00"",""limit_currency"":""USD"",""limit_basis"":""PER OCC"",""deductible_amount"":""10,000.00"",""deductible_currency"":""USD"",""deductible_basis"":""PER OCC"",""tiv_amount_1"":""284,860,219.00"",""tiv_currency_1"":""USD"",""tiv_amount_2"":""1,045,000.00"",""tiv_currency_2"":""USD"",""clause_1"":""Found"",""clause_2"":""Found"",""clause_3"":""Found"",""clause_4"":""Found"",""clause_5"":""Found"",""clause_6"":""Not Found"",""clause_7"":""Found"",""clause_8"":""Found"",""clause_9"":""Found"",""clause_10"":""Found"",""clause_11"":""Found"",""clause_12"":""Found"",""clause_13"":""Found"",""clause_14"":""Not Found"",""clause_15"":""Not Found"",""clause_16"":""Found"",""clause_17"":""Found"",""clause_18"":""Found"",""clause_19"":""Not Found"",""clause_20"":""Not Found"",""deduction_type_1"":""Brokerage"",""deduction_percentage_1"":""20%"",""deduction_type_2"":""Commission"",""deduction_percentage_2"":""15%"",""deduction_type_3"":""Administrative Fee"",""deduction_percentage_3"":""5%"",""riskcode1"":""P3"",""riskcode1_percentage_1"":""100%"",""leader_overall"":""ABC Syndicate"",""Polreference"":"" "",""written_line_ref"":"" ""}",{}
JIR-1753332588097-s5kfm0us,wqdqwd,jira,pending_data_extraction,2,7,XSX-4120,2025-07-24T04:49:48.097Z,2025-07-24T04:51:45.360Z,"{""contact_role"":""ABC Private Limited"",""title"":""Y"",""re_assured_name"":""ABC Private Limited"",""re_assured_main"":""Y"",""inception_date"":""01/01/2025"",""expiry_date"":""31/12/2025"",""settlement_due_date"":""30/03/2025"",""limit_amount"":""10,000,000.00"",""limit_currency"":""USD"",""limit_basis"":""PER OCC"",""deductible_amount"":""10,000.00"",""deductible_currency"":""USD"",""deductible_basis"":""PER OCC"",""tiv_amount_1"":""284,860,219.00"",""tiv_currency_1"":""USD"",""tiv_amount_2"":""1,045,000.00"",""tiv_currency_2"":""USD"",""clause_1"":""Found"",""clause_2"":""Found"",""clause_3"":""Found"",""clause_4"":""Found"",""clause_5"":""Found"",""clause_6"":""Not Found"",""clause_7"":""Found"",""clause_8"":""Found"",""clause_9"":""Found"",""clause_10"":""Found"",""clause_11"":""Found"",""clause_12"":""Found"",""clause_13"":""Found"",""clause_14"":""Not Found"",""clause_15"":""Not Found"",""clause_16"":""Found"",""clause_17"":""Found"",""clause_18"":""Found"",""clause_19"":""Not Found"",""clause_20"":""Not Found"",""deduction_type_1"":""Brokerage"",""deduction_percentage_1"":""20%"",""deduction_type_2"":""Commission"",""deduction_percentage_2"":""15%"",""deduction_type_3"":""Administrative Fee"",""deduction_percentage_3"":""5%"",""riskcode1"":""P3"",""riskcode1_percentage_1"":""100%"",""leader_overall"":""ABC Syndicate"",""Polreference"":"" "",""written_line_ref"":"" ""}",{}
JIR-1753332704339-k4a1ntoj,Ultra Fast Test,jira,completed,7,7,XSX-4121,2025-07-24T04:51:44.340Z,2025-07-24T04:54:26.680Z,"{""contact_role"":""ABC Private Limited"",""title"":""Y"",""re_assured_name"":""ABC Private Limited"",""re_assured_main"":""Y"",""inception_date"":""01/01/2025"",""expiry_date"":""31/12/2025"",""settlement_due_date"":""30/03/2025"",""limit_amount"":""10,000,000.00"",""limit_currency"":""USD"",""limit_basis"":""PER OCC"",""deductible_amount"":""10,000.00"",""deductible_currency"":""USD"",""deductible_basis"":""PER OCC"",""tiv_amount_1"":""284,860,219.00"",""tiv_currency_1"":""USD"",""tiv_amount_2"":""1,045,000.00"",""tiv_currency_2"":""USD"",""clause_1"":""Found"",""clause_2"":""Found"",""clause_3"":""Found"",""clause_4"":""Found"",""clause_5"":""Found"",""clause_6"":""Not Found"",""clause_7"":""Found"",""clause_8"":""Found"",""clause_9"":""Found"",""clause_10"":""Found"",""clause_11"":""Found"",""clause_12"":""Found"",""clause_13"":""Found"",""clause_14"":""Not Found"",""clause_15"":""Not Found"",""clause_16"":""Found"",""clause_17"":""Found"",""clause_18"":""Found"",""clause_19"":""Not Found"",""clause_20"":""Not Found"",""deduction_type_1"":""Brokerage"",""deduction_percentage_1"":""20%"",""deduction_type_2"":""Commission"",""deduction_percentage_2"":""15%"",""deduction_type_3"":""Administrative Fee"",""deduction_percentage_3"":""5%"",""riskcode1"":""P3"",""riskcode1_percentage_1"":""100%"",""leader_overall"":""ABC Syndicate"",""Polreference"":"" "",""written_line_ref"":"" ""}",{}
JIR-1753332739398-xx394wj4,wqdqwd,jira,completed,7,7,XSX-4120,2025-07-24T04:52:19.398Z,2025-07-24T04:52:52.687Z,"{""contact_role"":""ABC Private Limited"",""title"":""Y"",""re_assured_name"":""ABC Private Limited"",""re_assured_main"":""Y"",""inception_date"":""01/01/2025"",""expiry_date"":""31/12/2025"",""settlement_due_date"":""30/03/2025"",""limit_amount"":""10,000,000.00"",""limit_currency"":""USD"",""limit_basis"":""PER OCC"",""deductible_amount"":""10,000.00"",""deductible_currency"":""USD"",""deductible_basis"":""PER OCC"",""tiv_amount_1"":""284,860,219.00"",""tiv_currency_1"":""USD"",""tiv_amount_2"":""1,045,000.00"",""tiv_currency_2"":""USD"",""clause_1"":""Found"",""clause_2"":""Found"",""clause_3"":""Found"",""clause_4"":""Found"",""clause_5"":""Found"",""clause_6"":""Not Found"",""clause_7"":""Found"",""clause_8"":""Found"",""clause_9"":""Found"",""clause_10"":""Found"",""clause_11"":""Found"",""clause_12"":""Found"",""clause_13"":""Found"",""clause_14"":""Not Found"",""clause_15"":""Not Found"",""clause_16"":""Found"",""clause_17"":""Found"",""clause_18"":""Found"",""clause_19"":""Not Found"",""clause_20"":""Not Found"",""deduction_type_1"":""Brokerage"",""deduction_percentage_1"":""20%"",""deduction_type_2"":""Commission"",""deduction_percentage_2"":""15%"",""deduction_type_3"":""Administrative Fee"",""deduction_percentage_3"":""5%"",""riskcode1"":""P3"",""riskcode1_percentage_1"":""100%"",""leader_overall"":""ABC Syndicate"",""Polreference"":"" "",""written_line_ref"":"" ""}",{}
JIR-1753333412370-8remhl84,Ultra Fast Test,jira,completed,7,7,XSX-4121,2025-07-24T05:03:32.370Z,2025-07-24T05:04:03.093Z,"{""contact_role"":""ABC Private Limited"",""title"":""Y"",""re_assured_name"":""ABC Private Limited"",""re_assured_main"":""Y"",""inception_date"":""01/01/2025"",""expiry_date"":""31/12/2025"",""settlement_due_date"":""30/03/2025"",""limit_amount"":""10,000,000.00"",""limit_currency"":""USD"",""limit_basis"":""PER OCC"",""deductible_amount"":""10,000.00"",""deductible_currency"":""USD"",""deductible_basis"":""PER OCC"",""tiv_amount_1"":""284,860,219.00"",""tiv_currency_1"":""USD"",""tiv_amount_2"":""1,045,000.00"",""tiv_currency_2"":""USD"",""clause_1"":""Found"",""clause_2"":""Found"",""clause_3"":""Found"",""clause_4"":""Found"",""clause_5"":""Found"",""clause_6"":""Not Found"",""clause_7"":""Found"",""clause_8"":""Found"",""clause_9"":""Found"",""clause_10"":""Found"",""clause_11"":""Found"",""clause_12"":""Found"",""clause_13"":""Found"",""clause_14"":""Not Found"",""clause_15"":""Not Found"",""clause_16"":""Found"",""clause_17"":""Found"",""clause_18"":""Found"",""clause_19"":""Not Found"",""clause_20"":""Not Found"",""deduction_type_1"":""Brokerage"",""deduction_percentage_1"":""20%"",""deduction_type_2"":""Commission"",""deduction_percentage_2"":""15%"",""deduction_type_3"":""Administrative Fee"",""deduction_percentage_3"":""5%"",""riskcode1"":""P3"",""riskcode1_percentage_1"":""100%"",""leader_overall"":""ABC Syndicate"",""Polreference"":"" "",""written_line_ref"":"" ""}",{}
JIR-1753333811853-bh5zk5ny,Ultra Fast Test,jira,completed,7,7,XSX-4121,2025-07-24T05:10:11.854Z,2025-07-24T05:10:43.332Z,"{""contact_role"":""ABC Private Limited"",""title"":""Y"",""re_assured_name"":""ABC Private Limited"",""re_assured_main"":""Y"",""inception_date"":""01/01/2025"",""expiry_date"":""31/12/2025"",""settlement_due_date"":""30/03/2025"",""limit_amount"":""10,000,000.00"",""limit_currency"":""USD"",""limit_basis"":""PER OCC"",""deductible_amount"":""10,000.00"",""deductible_currency"":""USD"",""deductible_basis"":""PER OCC"",""tiv_amount_1"":""284,860,219.00"",""tiv_currency_1"":""USD"",""tiv_amount_2"":""1,045,000.00"",""tiv_currency_2"":""USD"",""clause_1"":""Found"",""clause_2"":""Found"",""clause_3"":""Found"",""clause_4"":""Found"",""clause_5"":""Found"",""clause_6"":""Not Found"",""clause_7"":""Found"",""clause_8"":""Found"",""clause_9"":""Found"",""clause_10"":""Found"",""clause_11"":""Found"",""clause_12"":""Found"",""clause_13"":""Found"",""clause_14"":""Not Found"",""clause_15"":""Not Found"",""clause_16"":""Found"",""clause_17"":""Found"",""clause_18"":""Found"",""clause_19"":""Not Found"",""clause_20"":""Not Found"",""deduction_type_1"":""Brokerage"",""deduction_percentage_1"":""20%"",""deduction_type_2"":""Commission"",""deduction_percentage_2"":""15%"",""deduction_type_3"":""Administrative Fee"",""deduction_percentage_3"":""5%"",""riskcode1"":""P3"",""riskcode1_percentage_1"":""100%"",""leader_overall"":""ABC Syndicate"",""Polreference"":"" "",""written_line_ref"":"" ""}",{}
JIR-1753334744590-u9zxz3dm,Ultra Fast Test,jira,completed,7,7,XSX-4121,2025-07-24T05:25:44.590Z,2025-07-24T05:28:00.535Z,"{""contact_role"":""ABC Private Limited"",""title"":""Y"",""re_assured_name"":""ABC Private Limited"",""re_assured_main"":""Y"",""inception_date"":""01/01/2025"",""expiry_date"":""31/12/2025"",""settlement_due_date"":""30/03/2025"",""limit_amount"":""10,000,000.00"",""limit_currency"":""USD"",""limit_basis"":""PER OCC"",""deductible_amount"":""10,000.00"",""deductible_currency"":""USD"",""deductible_basis"":""PER OCC"",""tiv_amount_1"":""284,860,219.00"",""tiv_currency_1"":""USD"",""tiv_amount_2"":""1,045,000.00"",""tiv_currency_2"":""USD"",""clause_1"":""Found"",""clause_2"":""Found"",""clause_3"":""Found"",""clause_4"":""Found"",""clause_5"":""Found"",""clause_6"":""Not Found"",""clause_7"":""Found"",""clause_8"":""Found"",""clause_9"":""Found"",""clause_10"":""Found"",""clause_11"":""Found"",""clause_12"":""Found"",""clause_13"":""Found"",""clause_14"":""Not Found"",""clause_15"":""Not Found"",""clause_16"":""Found"",""clause_17"":""Found"",""clause_18"":""Found"",""clause_19"":""Not Found"",""clause_20"":""Not Found"",""deduction_type_1"":""Brokerage"",""deduction_percentage_1"":""20%"",""deduction_type_2"":""Commission"",""deduction_percentage_2"":""15%"",""deduction_type_3"":""Administrative Fee"",""deduction_percentage_3"":""5%"",""riskcode1"":""P3"",""riskcode1_percentage_1"":""100%"",""leader_overall"":""ABC Syndicate"",""Polreference"":"" "",""written_line_ref"":"" ""}",{}
JIR-1753335061709-9abh31wm,Ultra Fast Test,jira,completed,7,7,XSX-4121,2025-07-24T05:31:01.709Z,2025-07-24T05:31:32.971Z,"{""contact_role"":""ABC Private Limited"",""title"":""Y"",""re_assured_name"":""ABC Private Limited"",""re_assured_main"":""Y"",""inception_date"":""01/01/2025"",""expiry_date"":""31/12/2025"",""settlement_due_date"":""30/03/2025"",""limit_amount"":""10,000,000.00"",""limit_currency"":""USD"",""limit_basis"":""PER OCC"",""deductible_amount"":""10,000.00"",""deductible_currency"":""USD"",""deductible_basis"":""PER OCC"",""tiv_amount_1"":""284,860,219.00"",""tiv_currency_1"":""USD"",""tiv_amount_2"":""1,045,000.00"",""tiv_currency_2"":""USD"",""clause_1"":""Found"",""clause_2"":""Found"",""clause_3"":""Found"",""clause_4"":""Found"",""clause_5"":""Found"",""clause_6"":""Not Found"",""clause_7"":""Found"",""clause_8"":""Found"",""clause_9"":""Found"",""clause_10"":""Found"",""clause_11"":""Found"",""clause_12"":""Found"",""clause_13"":""Found"",""clause_14"":""Not Found"",""clause_15"":""Not Found"",""clause_16"":""Found"",""clause_17"":""Found"",""clause_18"":""Found"",""clause_19"":""Not Found"",""clause_20"":""Not Found"",""deduction_type_1"":""Brokerage"",""deduction_percentage_1"":""20%"",""deduction_type_2"":""Commission"",""deduction_percentage_2"":""15%"",""deduction_type_3"":""Administrative Fee"",""deduction_percentage_3"":""5%"",""riskcode1"":""P3"",""riskcode1_percentage_1"":""100%"",""leader_overall"":""ABC Syndicate"",""Polreference"":"" "",""written_line_ref"":"" ""}",{}
JIR-1753335240886-karap0px,Ultra Fast Test,jira,completed,7,7,XSX-4121,2025-07-24T05:34:00.886Z,2025-07-24T05:34:27.071Z,"{""contact_role"":""ABC Private Limited"",""title"":""Y"",""re_assured_name"":""ABC Private Limited"",""re_assured_main"":""Y"",""inception_date"":""01/01/2025"",""expiry_date"":""31/12/2025"",""settlement_due_date"":""30/03/2025"",""limit_amount"":""10,000,000.00"",""limit_currency"":""USD"",""limit_basis"":""PER OCC"",""deductible_amount"":""10,000.00"",""deductible_currency"":""USD"",""deductible_basis"":""PER OCC"",""tiv_amount_1"":""284,860,219.00"",""tiv_currency_1"":""USD"",""tiv_amount_2"":""1,045,000.00"",""tiv_currency_2"":""USD"",""clause_1"":""Found"",""clause_2"":""Found"",""clause_3"":""Found"",""clause_4"":""Found"",""clause_5"":""Found"",""clause_6"":""Not Found"",""clause_7"":""Found"",""clause_8"":""Found"",""clause_9"":""Found"",""clause_10"":""Found"",""clause_11"":""Found"",""clause_12"":""Found"",""clause_13"":""Found"",""clause_14"":""Not Found"",""clause_15"":""Not Found"",""clause_16"":""Found"",""clause_17"":""Found"",""clause_18"":""Found"",""clause_19"":""Not Found"",""clause_20"":""Not Found"",""deduction_type_1"":""Brokerage"",""deduction_percentage_1"":""20%"",""deduction_type_2"":""Commission"",""deduction_percentage_2"":""15%"",""deduction_type_3"":""Administrative Fee"",""deduction_percentage_3"":""5%"",""riskcode1"":""P3"",""riskcode1_percentage_1"":""100%"",""leader_overall"":""ABC Syndicate"",""Polreference"":"" "",""written_line_ref"":"" ""}",{}
JIR-1753335543330-2p42axru,Ultra Fast Test,jira,pending_approval,2,7,XSX-4121,2025-07-24T05:39:03.330Z,2025-07-24T05:39:22.145Z,"{""contact_role"":""ABC Private Limited"",""title"":""Y"",""re_assured_name"":""ABC Private Limited"",""re_assured_main"":""Y"",""inception_date"":""01/01/2025"",""expiry_date"":""31/12/2025"",""settlement_due_date"":""30/03/2025"",""limit_amount"":""10,000,000.00"",""limit_currency"":""USD"",""limit_basis"":""PER OCC"",""deductible_amount"":""10,000.00"",""deductible_currency"":""USD"",""deductible_basis"":""PER OCC"",""tiv_amount_1"":""284,860,219.00"",""tiv_currency_1"":""USD"",""tiv_amount_2"":""1,045,000.00"",""tiv_currency_2"":""USD"",""clause_1"":""Found"",""clause_2"":""Found"",""clause_3"":""Found"",""clause_4"":""Found"",""clause_5"":""Found"",""clause_6"":""Not Found"",""clause_7"":""Found"",""clause_8"":""Found"",""clause_9"":""Found"",""clause_10"":""Found"",""clause_11"":""Found"",""clause_12"":""Found"",""clause_13"":""Found"",""clause_14"":""Not Found"",""clause_15"":""Not Found"",""clause_16"":""Found"",""clause_17"":""Found"",""clause_18"":""Found"",""clause_19"":""Not Found"",""clause_20"":""Not Found"",""deduction_type_1"":""Brokerage"",""deduction_percentage_1"":""20%"",""deduction_type_2"":""Commission"",""deduction_percentage_2"":""15%"",""deduction_type_3"":""Administrative Fee"",""deduction_percentage_3"":""5%"",""riskcode1"":""P3"",""riskcode1_percentage_1"":""100%"",""leader_overall"":""ABC Syndicate"",""Polreference"":"" "",""written_line_ref"":"" ""}",{}
JIR-1753335694958-8na75ri6,Ultra Fast Test,jira,pending_approval,2,7,XSX-4121,2025-07-24T05:41:34.958Z,2025-07-24T05:41:54.031Z,"{""contact_role"":""ABC Private Limited"",""title"":""Y"",""re_assured_name"":""ABC Private Limited"",""re_assured_main"":""Y"",""inception_date"":""01/01/2025"",""expiry_date"":""31/12/2025"",""settlement_due_date"":""30/03/2025"",""limit_amount"":""10,000,000.00"",""limit_currency"":""USD"",""limit_basis"":""PER OCC"",""deductible_amount"":""10,000.00"",""deductible_currency"":""USD"",""deductible_basis"":""PER OCC"",""tiv_amount_1"":""284,860,219.00"",""tiv_currency_1"":""USD"",""tiv_amount_2"":""1,045,000.00"",""tiv_currency_2"":""USD"",""clause_1"":""Found"",""clause_2"":""Found"",""clause_3"":""Found"",""clause_4"":""Found"",""clause_5"":""Found"",""clause_6"":""Not Found"",""clause_7"":""Found"",""clause_8"":""Found"",""clause_9"":""Found"",""clause_10"":""Found"",""clause_11"":""Found"",""clause_12"":""Found"",""clause_13"":""Found"",""clause_14"":""Not Found"",""clause_15"":""Not Found"",""clause_16"":""Found"",""clause_17"":""Found"",""clause_18"":""Found"",""clause_19"":""Not Found"",""clause_20"":""Not Found"",""deduction_type_1"":""Brokerage"",""deduction_percentage_1"":""20%"",""deduction_type_2"":""Commission"",""deduction_percentage_2"":""15%"",""deduction_type_3"":""Administrative Fee"",""deduction_percentage_3"":""5%"",""riskcode1"":""P3"",""riskcode1_percentage_1"":""100%"",""leader_overall"":""ABC Syndicate"",""Polreference"":"" "",""written_line_ref"":"" ""}",{}
JIR-1753335865418-mjn699s7,wqdqwd,jira,completed,7,7,XSX-4120,2025-07-24T05:44:25.419Z,2025-07-24T05:45:08.419Z,"{""contact_role"":""ABC Private Limited"",""title"":""Y"",""re_assured_name"":""ABC Private Limited"",""re_assured_main"":""Y"",""inception_date"":""01/01/2025"",""expiry_date"":""31/12/2025"",""settlement_due_date"":""30/03/2025"",""limit_amount"":""10,000,000.00"",""limit_currency"":""USD"",""limit_basis"":""PER OCC"",""deductible_amount"":""10,000.00"",""deductible_currency"":""USD"",""deductible_basis"":""PER OCC"",""tiv_amount_1"":""284,860,219.00"",""tiv_currency_1"":""USD"",""tiv_amount_2"":""1,045,000.00"",""tiv_currency_2"":""USD"",""clause_1"":""Found"",""clause_2"":""Found"",""clause_3"":""Found"",""clause_4"":""Found"",""clause_5"":""Found"",""clause_6"":""Not Found"",""clause_7"":""Found"",""clause_8"":""Found"",""clause_9"":""Found"",""clause_10"":""Found"",""clause_11"":""Found"",""clause_12"":""Found"",""clause_13"":""Found"",""clause_14"":""Not Found"",""clause_15"":""Not Found"",""clause_16"":""Found"",""clause_17"":""Found"",""clause_18"":""Found"",""clause_19"":""Not Found"",""clause_20"":""Not Found"",""deduction_type_1"":""Brokerage"",""deduction_percentage_1"":""20%"",""deduction_type_2"":""Commission"",""deduction_percentage_2"":""15%"",""deduction_type_3"":""Administrative Fee"",""deduction_percentage_3"":""5%"",""riskcode1"":""P3"",""riskcode1_percentage_1"":""100%"",""leader_overall"":""ABC Syndicate"",""Polreference"":"" "",""written_line_ref"":"" ""}",{}
JIR-1753335872026-nyrh2sfq,Fresh Timing Test,jira,pending_data_extraction,1,7,TEST-TIMING-001,2025-07-24T05:44:32.026Z,2025-07-24T05:44:40.060Z,{},{}
JIR-1753336086845-hcc2wbcc,TIMING TEST - Sanctions Check and Integration,jira,pending_approval,2,7,TEST-TIMING-002,2025-07-24T05:48:06.846Z,2025-07-24T05:48:27.980Z,{},{}
JIR-1753336147190-l6hpha0s,FINAL TIMING TEST - All Agents,jira,pending_approval,2,7,TEST-TIMING-FINAL,2025-07-24T05:49:07.191Z,2025-07-24T05:49:42.616Z,{},{}
JIR-1753336211226-arkeiugy,Ultra Fast Test,jira,completed,7,7,XSX-4121,2025-07-24T05:50:11.227Z,2025-07-24T05:51:54.046Z,"{""contact_role"":""ABC Private Limited"",""title"":""Y"",""re_assured_name"":""ABC Private Limited"",""re_assured_main"":""Y"",""inception_date"":""01/01/2025"",""expiry_date"":""31/12/2025"",""settlement_due_date"":""30/03/2025"",""limit_amount"":""10,000,000.00"",""limit_currency"":""USD"",""limit_basis"":""PER OCC"",""deductible_amount"":""10,000.00"",""deductible_currency"":""USD"",""deductible_basis"":""PER OCC"",""tiv_amount_1"":""284,860,219.00"",""tiv_currency_1"":""USD"",""tiv_amount_2"":""1,045,000.00"",""tiv_currency_2"":""USD"",""clause_1"":""Found"",""clause_2"":""Found"",""clause_3"":""Found"",""clause_4"":""Found"",""clause_5"":""Found"",""clause_6"":""Not Found"",""clause_7"":""Found"",""clause_8"":""Found"",""clause_9"":""Found"",""clause_10"":""Found"",""clause_11"":""Found"",""clause_12"":""Found"",""clause_13"":""Found"",""clause_14"":""Not Found"",""clause_15"":""Not Found"",""clause_16"":""Found"",""clause_17"":""Found"",""clause_18"":""Found"",""clause_19"":""Not Found"",""clause_20"":""Not Found"",""deduction_type_1"":""Brokerage"",""deduction_percentage_1"":""20%"",""deduction_type_2"":""Commission"",""deduction_percentage_2"":""15%"",""deduction_type_3"":""Administrative Fee"",""deduction_percentage_3"":""5%"",""riskcode1"":""P3"",""riskcode1_percentage_1"":""100%"",""leader_overall"":""ABC Syndicate"",""Polreference"":"" "",""written_line_ref"":"" ""}",{}
JIR-1753336536591-ji0xmu3d,Ultra Fast Test,jira,completed,7,7,XSX-4121,2025-07-24T05:55:36.591Z,2025-07-24T05:57:09.271Z,"{""contact_role"":""ABC Private Limited"",""title"":""Y"",""re_assured_name"":""ABC Private Limited"",""re_assured_main"":""Y"",""inception_date"":""01/01/2025"",""expiry_date"":""31/12/2025"",""settlement_due_date"":""30/03/2025"",""limit_amount"":""10,000,000.00"",""limit_currency"":""USD"",""limit_basis"":""PER OCC"",""deductible_amount"":""10,000.00"",""deductible_currency"":""USD"",""deductible_basis"":""PER OCC"",""tiv_amount_1"":""284,860,219.00"",""tiv_currency_1"":""USD"",""tiv_amount_2"":""1,045,000.00"",""tiv_currency_2"":""USD"",""clause_1"":""Found"",""clause_2"":""Found"",""clause_3"":""Found"",""clause_4"":""Found"",""clause_5"":""Found"",""clause_6"":""Not Found"",""clause_7"":""Found"",""clause_8"":""Found"",""clause_9"":""Found"",""clause_10"":""Found"",""clause_11"":""Found"",""clause_12"":""Found"",""clause_13"":""Found"",""clause_14"":""Not Found"",""clause_15"":""Not Found"",""clause_16"":""Found"",""clause_17"":""Found"",""clause_18"":""Found"",""clause_19"":""Not Found"",""clause_20"":""Not Found"",""deduction_type_1"":""Brokerage"",""deduction_percentage_1"":""20%"",""deduction_type_2"":""Commission"",""deduction_percentage_2"":""15%"",""deduction_type_3"":""Administrative Fee"",""deduction_percentage_3"":""5%"",""riskcode1"":""P3"",""riskcode1_percentage_1"":""100%"",""leader_overall"":""ABC Syndicate"",""Polreference"":"" "",""written_line_ref"":"" ""}",{}
JIR-1753336736930-8wttqxh7,wqdqwd,jira,pending_data_extraction,1,7,XSX-4120,2025-07-24T05:58:56.930Z,2025-07-24T05:59:05.496Z,{},{}
JIR-1753336741469-y98zf7nu,wqdqwd,jira,pending_data_extraction,1,7,XSX-4120,2025-07-24T05:59:01.469Z,2025-07-24T05:59:09.707Z,{},{}
JIR-1753336762385-md62lpzr,wqdqwd,jira,pending_approval,2,7,XSX-4120,2025-07-24T05:59:22.385Z,2025-07-24T06:00:12.840Z,"{""contact_role"":""ABC Private Limited"",""title"":""Y"",""re_assured_name"":""ABC Private Limited"",""re_assured_main"":""Y"",""inception_date"":""01/01/2025"",""expiry_date"":""31/12/2025"",""settlement_due_date"":""30/03/2025"",""limit_amount"":""10,000,000.00"",""limit_currency"":""USD"",""limit_basis"":""PER OCC"",""deductible_amount"":""10,000.00"",""deductible_currency"":""USD"",""deductible_basis"":""PER OCC"",""tiv_amount_1"":""284,860,219.00"",""tiv_currency_1"":""USD"",""tiv_amount_2"":""1,045,000.00"",""tiv_currency_2"":""USD"",""clause_1"":""Found"",""clause_2"":""Found"",""clause_3"":""Found"",""clause_4"":""Found"",""clause_5"":""Found"",""clause_6"":""Not Found"",""clause_7"":""Found"",""clause_8"":""Found"",""clause_9"":""Found"",""clause_10"":""Found"",""clause_11"":""Found"",""clause_12"":""Found"",""clause_13"":""Found"",""clause_14"":""Not Found"",""clause_15"":""Not Found"",""clause_16"":""Found"",""clause_17"":""Found"",""clause_18"":""Found"",""clause_19"":""Not Found"",""clause_20"":""Not Found"",""deduction_type_1"":""Brokerage"",""deduction_percentage_1"":""20%"",""deduction_type_2"":""Commission"",""deduction_percentage_2"":""15%"",""deduction_type_3"":""Administrative Fee"",""deduction_percentage_3"":""5%"",""riskcode1"":""P3"",""riskcode1_percentage_1"":""100%"",""leader_overall"":""ABC Syndicate"",""Polreference"":"" "",""written_line_ref"":"" ""}",{}
JIR-1753354987594-isb758sm,Slip - Reference: AB1232122313221,jira,completed,7,7,XSX-4128,2025-07-24T11:03:07.595Z,2025-07-24T11:05:25.208Z,"{""contact_role"":""ABC Private Limited"",""title"":""Y"",""re_assured_name"":""ABC Private Limited"",""re_assured_main"":""Y"",""inception_date"":""01/01/2025"",""expiry_date"":""31/12/2025"",""settlement_due_date"":""30/03/2025"",""limit_amount"":""10,000,000.00"",""limit_currency"":""USD"",""limit_basis"":""PER OCC"",""deductible_amount"":""10,000.00"",""deductible_currency"":""USD"",""deductible_basis"":""PER OCC"",""tiv_amount_1"":""284,860,219.00"",""tiv_currency_1"":""USD"",""tiv_amount_2"":""1,045,000.00"",""tiv_currency_2"":""USD"",""clause_1"":""Found"",""clause_2"":""Found"",""clause_3"":""Found"",""clause_4"":""Found"",""clause_5"":""Found"",""clause_6"":""Not Found"",""clause_7"":""Found"",""clause_8"":""Found"",""clause_9"":""Found"",""clause_10"":""Found"",""clause_11"":""Found"",""clause_12"":""Found"",""clause_13"":""Found"",""clause_14"":""Not Found"",""clause_15"":""Not Found"",""clause_16"":""Found"",""clause_17"":""Found"",""clause_18"":""Found"",""clause_19"":""Not Found"",""clause_20"":""Not Found"",""deduction_type_1"":""Brokerage"",""deduction_percentage_1"":""20%"",""deduction_type_2"":""Commission"",""deduction_percentage_2"":""15%"",""deduction_type_3"":""Administrative Fee"",""deduction_percentage_3"":""5%"",""riskcode1"":""P3"",""riskcode1_percentage_1"":""100%"",""leader_overall"":""ABC Syndicate"",""Polreference"":"" "",""written_line_ref"":"" ""}",{}
JIR-1753356144940-4pnm6obr,Slip - 232312,jira,completed,7,7,XSX-4129,2025-07-24T11:22:24.940Z,2025-07-24T11:25:34.920Z,"{""contact_role"":""ABC Private Limited"",""title"":""Y"",""re_assured_name"":""ABC Private Limited"",""re_assured_main"":""Y"",""inception_date"":""01/01/2025"",""expiry_date"":""31/12/2025"",""settlement_due_date"":""30/03/2025"",""limit_amount"":""10,000,000.00"",""limit_currency"":""USD"",""limit_basis"":""PER OCC"",""deductible_amount"":""10,000.00"",""deductible_currency"":""USD"",""deductible_basis"":""PER OCC"",""tiv_amount_1"":""284,860,219.00"",""tiv_currency_1"":""USD"",""tiv_amount_2"":""1,045,000.00"",""tiv_currency_2"":""USD"",""clause_1"":""Found"",""clause_2"":""Found"",""clause_3"":""Found"",""clause_4"":""Found"",""clause_5"":""Found"",""clause_6"":""Not Found"",""clause_7"":""Found"",""clause_8"":""Found"",""clause_9"":""Found"",""clause_10"":""Found"",""clause_11"":""Found"",""clause_12"":""Found"",""clause_13"":""Found"",""clause_14"":""Not Found"",""clause_15"":""Not Found"",""clause_16"":""Found"",""clause_17"":""Found"",""clause_18"":""Found"",""clause_19"":""Not Found"",""clause_20"":""Not Found"",""deduction_type_1"":""Brokerage"",""deduction_percentage_1"":""20%"",""deduction_type_2"":""Commission"",""deduction_percentage_2"":""15%"",""deduction_type_3"":""Administrative Fee"",""deduction_percentage_3"":""5%"",""riskcode1"":""P3"",""riskcode1_percentage_1"":""100%"",""leader_overall"":""ABC Syndicate"",""Polreference"":"" "",""written_line_ref"":"" ""}",{}
JIR-1753426406638-7ek1k2jl,SLIP - Reference: BC23121123131,jira,completed,7,7,XSX-4130,2025-07-25T06:53:26.638Z,2025-07-25T06:58:55.288Z,"{""contact_role"":""ABC Private Limited"",""title"":""Y"",""re_assured_name"":""ABC Private Limited"",""re_assured_main"":""Y"",""inception_date"":""01/01/2025"",""expiry_date"":""31/12/2025"",""settlement_due_date"":""30/03/2025"",""limit_amount"":""10,000,000.00"",""limit_currency"":""USD"",""limit_basis"":""PER OCC"",""deductible_amount"":""10,000.00"",""deductible_currency"":""USD"",""deductible_basis"":""PER OCC"",""tiv_amount_1"":""284,860,219.00"",""tiv_currency_1"":""USD"",""tiv_amount_2"":""1,045,000.00"",""tiv_currency_2"":""USD"",""clause_1"":""Found"",""clause_2"":""Found"",""clause_3"":""Found"",""clause_4"":""Found"",""clause_5"":""Found"",""clause_6"":""Not Found"",""clause_7"":""Found"",""clause_8"":""Found"",""clause_9"":""Found"",""clause_10"":""Found"",""clause_11"":""Found"",""clause_12"":""Found"",""clause_13"":""Found"",""clause_14"":""Not Found"",""clause_15"":""Not Found"",""clause_16"":""Found"",""clause_17"":""Found"",""clause_18"":""Found"",""clause_19"":""Not Found"",""clause_20"":""Not Found"",""deduction_type_1"":""Brokerage"",""deduction_percentage_1"":""20%"",""deduction_type_2"":""Commission"",""deduction_percentage_2"":""15%"",""deduction_type_3"":""Administrative Fee"",""deduction_percentage_3"":""5%"",""riskcode1"":""P3"",""riskcode1_percentage_1"":""100%"",""leader_overall"":""ABC Syndicate"",""Polreference"":"" "",""written_line_ref"":"" ""}",{}
JIR-1753428894099-m0ztaquf,Slip - Reference: AB1232122313212,jira,completed,7,7,XSX-4131,2025-07-25T07:34:54.099Z,2025-07-25T07:41:05.017Z,"{""contact_role"":""ABC Private Limited"",""title"":""Y"",""re_assured_name"":""ABC Private Limited"",""re_assured_main"":""Y"",""inception_date"":""01/01/2025"",""expiry_date"":""31/12/2025"",""settlement_due_date"":""30/03/2025"",""limit_amount"":""10,000,000.00"",""limit_currency"":""USD"",""limit_basis"":""PER OCC"",""deductible_amount"":""10,000.00"",""deductible_currency"":""USD"",""deductible_basis"":""PER OCC"",""tiv_amount_1"":""284,860,219.00"",""tiv_currency_1"":""USD"",""tiv_amount_2"":""1,045,000.00"",""tiv_currency_2"":""USD"",""clause_1"":""Found"",""clause_2"":""Found"",""clause_3"":""Found"",""clause_4"":""Found"",""clause_5"":""Found"",""clause_6"":""Not Found"",""clause_7"":""Found"",""clause_8"":""Found"",""clause_9"":""Found"",""clause_10"":""Found"",""clause_11"":""Found"",""clause_12"":""Found"",""clause_13"":""Found"",""clause_14"":""Not Found"",""clause_15"":""Not Found"",""clause_16"":""Found"",""clause_17"":""Found"",""clause_18"":""Found"",""clause_19"":""Not Found"",""clause_20"":""Not Found"",""deduction_type_1"":""Brokerage"",""deduction_percentage_1"":""20%"",""deduction_type_2"":""Commission"",""deduction_percentage_2"":""15%"",""deduction_type_3"":""Administrative Fee"",""deduction_percentage_3"":""5%"",""riskcode1"":""P3"",""riskcode1_percentage_1"":""100%"",""leader_overall"":""ABC Syndicate"",""Polreference"":"" "",""written_line_ref"":"" ""}",{}
JIR-1753429746125-q3768337,Slip - Reference: AB123212231321211,jira,completed,7,7,XSX-4132,2025-07-25T07:49:06.126Z,2025-07-25T07:50:55.222Z,"{""contact_role"":""ABC Private Limited"",""title"":""Y"",""re_assured_name"":""ABC Private Limited"",""re_assured_main"":""Y"",""inception_date"":""01/01/2025"",""expiry_date"":""31/12/2025"",""settlement_due_date"":""30/03/2025"",""limit_amount"":""10,000,000.00"",""limit_currency"":""USD"",""limit_basis"":""PER OCC"",""deductible_amount"":""10,000.00"",""deductible_currency"":""USD"",""deductible_basis"":""PER OCC"",""tiv_amount_1"":""284,860,219.00"",""tiv_currency_1"":""USD"",""tiv_amount_2"":""1,045,000.00"",""tiv_currency_2"":""USD"",""clause_1"":""Found"",""clause_2"":""Found"",""clause_3"":""Found"",""clause_4"":""Found"",""clause_5"":""Found"",""clause_6"":""Not Found"",""clause_7"":""Found"",""clause_8"":""Found"",""clause_9"":""Found"",""clause_10"":""Found"",""clause_11"":""Found"",""clause_12"":""Found"",""clause_13"":""Found"",""clause_14"":""Not Found"",""clause_15"":""Not Found"",""clause_16"":""Found"",""clause_17"":""Found"",""clause_18"":""Found"",""clause_19"":""Not Found"",""clause_20"":""Not Found"",""deduction_type_1"":""Brokerage"",""deduction_percentage_1"":""20%"",""deduction_type_2"":""Commission"",""deduction_percentage_2"":""15%"",""deduction_type_3"":""Administrative Fee"",""deduction_percentage_3"":""5%"",""riskcode1"":""P3"",""riskcode1_percentage_1"":""100%"",""leader_overall"":""ABC Syndicate"",""Polreference"":"" "",""written_line_ref"":"" ""}",{}
JIR-1753430230248-dqp5zjoh,Slip - Reference: BC1232122313,jira,completed,7,7,XSX-4133,2025-07-25T07:57:10.248Z,2025-07-25T08:00:52.157Z,"{""contact_role"":""ABC Private Limited"",""title"":""Y"",""re_assured_name"":""John Doe"",""re_assured_main"":""Y"",""inception_date"":""01/01/2025"",""expiry_date"":""31/12/2025"",""settlement_due_date"":""30/03/2025"",""limit_amount"":""10,000,000.00"",""limit_currency"":""USD"",""limit_basis"":""PER OCC"",""deductible_amount"":""10,000.00"",""deductible_currency"":""USD"",""deductible_basis"":""PER OCC"",""tiv_amount_1"":""284,860,219.00"",""tiv_currency_1"":""USD"",""tiv_amount_2"":""1,045,000.00"",""tiv_currency_2"":""USD"",""clause_1"":""Found"",""clause_2"":""Found"",""clause_3"":""Found"",""clause_4"":""Found"",""clause_5"":""Found"",""clause_6"":""Not Found"",""clause_7"":""Found"",""clause_8"":""Found"",""clause_9"":""Found"",""clause_10"":""Found"",""clause_11"":""Found"",""clause_12"":""Found"",""clause_13"":""Found"",""clause_14"":""Not Found"",""clause_15"":""Not Found"",""clause_16"":""Found"",""clause_17"":""Found"",""clause_18"":""Found"",""clause_19"":""Not Found"",""clause_20"":""Not Found"",""deduction_type_1"":""Brokerage"",""deduction_percentage_1"":""20%"",""deduction_type_2"":""Commission"",""deduction_percentage_2"":""15%"",""deduction_type_3"":""Administrative Fee"",""deduction_percentage_3"":""5%"",""riskcode1"":""P3"",""riskcode1_percentage_1"":""100%"",""leader_overall"":""ABC Syndicate"",""Polreference"":"" "",""written_line_ref"":"" ""}",{}
JIR-1753433960701-2v0z5nyp,Slip - Reference: AB123212231322,jira,completed,7,7,XSX-4134,2025-07-25T08:59:20.701Z,2025-07-25T09:02:18.737Z,"{""contact_role"":""ABC Private Limited"",""title"":""Y"",""re_assured_name"":""John Doe"",""re_assured_main"":""Y"",""inception_date"":""01/01/2025"",""expiry_date"":""31/12/2025"",""settlement_due_date"":""30/03/2025"",""limit_amount"":""10,000,000.00"",""limit_currency"":""USD"",""limit_basis"":""PER OCC"",""deductible_amount"":""10,000.00"",""deductible_currency"":""USD"",""deductible_basis"":""PER OCC"",""tiv_amount_1"":""284,860,219.00"",""tiv_currency_1"":""USD"",""tiv_amount_2"":""1,045,000.00"",""tiv_currency_2"":""USD"",""clause_1"":""Found"",""clause_2"":""Found"",""clause_3"":""Found"",""clause_4"":""Found"",""clause_5"":""Found"",""clause_6"":""Not Found"",""clause_7"":""Found"",""clause_8"":""Found"",""clause_9"":""Found"",""clause_10"":""Found"",""clause_11"":""Found"",""clause_12"":""Found"",""clause_13"":""Found"",""clause_14"":""Not Found"",""clause_15"":""Not Found"",""clause_16"":""Found"",""clause_17"":""Found"",""clause_18"":""Found"",""clause_19"":""Not Found"",""clause_20"":""Not Found"",""deduction_type_1"":""Brokerage"",""deduction_percentage_1"":""20%"",""deduction_type_2"":""Commission"",""deduction_percentage_2"":""15%"",""deduction_type_3"":""Administrative Fee"",""deduction_percentage_3"":""5%"",""riskcode1"":""P3"",""riskcode1_percentage_1"":""100%"",""leader_overall"":""ABC Syndicate"",""Polreference"":"" "",""written_line_ref"":"" ""}",{}
SUB-1753434365398-f5sdtg4l,Real AI Test Case,submission,pending_data_extraction,1,7,UW-2025-001,2025-07-25T09:06:05.398Z,2025-07-25T09:06:13.899Z,{},{}
JIR-1753436925229-s3uoomwb,Slip - Reference: AB123212231322,jira,completed,7,7,XSX-4134,2025-07-25T09:48:45.229Z,2025-07-25T09:50:38.055Z,"{""contact_role"":""ABC Private Limited"",""title"":""Y"",""re_assured_name"":""John Doe"",""re_assured_main"":""Y"",""inception_date"":""01/01/2025"",""expiry_date"":""31/12/2025"",""settlement_due_date"":""30/03/2025"",""limit_amount"":""10,000,000.00"",""limit_currency"":""USD"",""limit_basis"":""PER OCC"",""deductible_amount"":""10,000.00"",""deductible_currency"":""USD"",""deductible_basis"":""PER OCC"",""tiv_amount_1"":""284,860,219.00"",""tiv_currency_1"":""USD"",""tiv_amount_2"":""1,045,000.00"",""tiv_currency_2"":""USD"",""clause_1"":""Found"",""clause_2"":""Found"",""clause_3"":""Found"",""clause_4"":""Found"",""clause_5"":""Found"",""clause_6"":""Not Found"",""clause_7"":""Found"",""clause_8"":""Found"",""clause_9"":""Found"",""clause_10"":""Found"",""clause_11"":""Found"",""clause_12"":""Found"",""clause_13"":""Found"",""clause_14"":""Not Found"",""clause_15"":""Not Found"",""clause_16"":""Found"",""clause_17"":""Found"",""clause_18"":""Found"",""clause_19"":""Not Found"",""clause_20"":""Not Found"",""deduction_type_1"":""Brokerage"",""deduction_percentage_1"":""20%"",""deduction_type_2"":""Commission"",""deduction_percentage_2"":""15%"",""deduction_type_3"":""Administrative Fee"",""deduction_percentage_3"":""5%"",""riskcode1"":""P3"",""riskcode1_percentage_1"":""100%"",""leader_overall"":""ABC Syndicate"",""Polreference"":"" "",""written_line_ref"":"" ""}",{}
JIR-1753437614386-r3an5aet,Slip - Reference: AB123212231322,jira,pending_approval,5,7,XSX-4134,2025-07-25T10:00:14.387Z,2025-07-25T10:04:32.783Z,"{""contact_role"":""ABC Private Limited"",""title"":""Y"",""re_assured_name"":""John Doe"",""re_assured_main"":""Y"",""inception_date"":""01/01/2025"",""expiry_date"":""31/12/2025"",""settlement_due_date"":""30/03/2025"",""limit_amount"":""10,000,000.00"",""limit_currency"":""USD"",""limit_basis"":""PER OCC"",""deductible_amount"":""10,000.00"",""deductible_currency"":""USD"",""deductible_basis"":""PER OCC"",""tiv_amount_1"":""284,860,219.00"",""tiv_currency_1"":""USD"",""tiv_amount_2"":""1,045,000.00"",""tiv_currency_2"":""USD"",""clause_1"":""Found"",""clause_2"":""Found"",""clause_3"":""Found"",""clause_4"":""Found"",""clause_5"":""Found"",""clause_6"":""Not Found"",""clause_7"":""Found"",""clause_8"":""Found"",""clause_9"":""Found"",""clause_10"":""Found"",""clause_11"":""Found"",""clause_12"":""Found"",""clause_13"":""Found"",""clause_14"":""Not Found"",""clause_15"":""Not Found"",""clause_16"":""Found"",""clause_17"":""Found"",""clause_18"":""Found"",""clause_19"":""Not Found"",""clause_20"":""Not Found"",""deduction_type_1"":""Brokerage"",""deduction_percentage_1"":""20%"",""deduction_type_2"":""Commission"",""deduction_percentage_2"":""15%"",""deduction_type_3"":""Administrative Fee"",""deduction_percentage_3"":""5%"",""riskcode1"":""P3"",""riskcode1_percentage_1"":""100%"",""leader_overall"":""ABC Syndicate"",""Polreference"":"" "",""written_line_ref"":"" ""}",{}
JIR-1753438131953-3szz8ibf,Slip - Reference: BC1232122313,jira,completed,7,7,XSX-4133,2025-07-25T10:08:51.953Z,2025-07-25T10:10:39.878Z,"{""contact_role"":""ABC Private Limited"",""title"":""Y"",""re_assured_name"":""John Doe"",""re_assured_main"":""Y"",""inception_date"":""01/01/2025"",""expiry_date"":""31/12/2025"",""settlement_due_date"":""30/03/2025"",""limit_amount"":""10,000,000.00"",""limit_currency"":""USD"",""limit_basis"":""PER OCC"",""deductible_amount"":""10,000.00"",""deductible_currency"":""USD"",""deductible_basis"":""PER OCC"",""tiv_amount_1"":""284,860,219.00"",""tiv_currency_1"":""USD"",""tiv_amount_2"":""1,045,000.00"",""tiv_currency_2"":""USD"",""clause_1"":""Found"",""clause_2"":""Found"",""clause_3"":""Found"",""clause_4"":""Found"",""clause_5"":""Found"",""clause_6"":""Not Found"",""clause_7"":""Found"",""clause_8"":""Found"",""clause_9"":""Found"",""clause_10"":""Found"",""clause_11"":""Found"",""clause_12"":""Found"",""clause_13"":""Found"",""clause_14"":""Not Found"",""clause_15"":""Not Found"",""clause_16"":""Found"",""clause_17"":""Found"",""clause_18"":""Found"",""clause_19"":""Not Found"",""clause_20"":""Not Found"",""deduction_type_1"":""Brokerage"",""deduction_percentage_1"":""20%"",""deduction_type_2"":""Commission"",""deduction_percentage_2"":""15%"",""deduction_type_3"":""Administrative Fee"",""deduction_percentage_3"":""5%"",""riskcode1"":""P3"",""riskcode1_percentage_1"":""100%"",""leader_overall"":""ABC Syndicate"",""Polreference"":"" "",""written_line_ref"":"" ""}",{}
JIR-1753439039153-x3v2zue6,Slip - Reference: AB12321223132121212121,jira,completed,7,7,XSX-4135,2025-07-25T10:23:59.153Z,2025-07-25T10:28:01.526Z,"{""contact_role"":""ABC Private Limited"",""title"":""Y"",""re_assured_name"":""John Doe"",""re_assured_main"":""Y"",""inception_date"":""01/01/2025"",""expiry_date"":""31/12/2025"",""settlement_due_date"":""30/03/2025"",""limit_amount"":""10,000,000.00"",""limit_currency"":""USD"",""limit_basis"":""PER OCC"",""deductible_amount"":""10,000.00"",""deductible_currency"":""USD"",""deductible_basis"":""PER OCC"",""tiv_amount_1"":""284,860,219.00"",""tiv_currency_1"":""USD"",""tiv_amount_2"":""1,045,000.00"",""tiv_currency_2"":""USD"",""clause_1"":""Found"",""clause_2"":""Found"",""clause_3"":""Found"",""clause_4"":""Found"",""clause_5"":""Found"",""clause_6"":""Not Found"",""clause_7"":""Found"",""clause_8"":""Found"",""clause_9"":""Found"",""clause_10"":""Found"",""clause_11"":""Found"",""clause_12"":""Found"",""clause_13"":""Found"",""clause_14"":""Not Found"",""clause_15"":""Not Found"",""clause_16"":""Found"",""clause_17"":""Found"",""clause_18"":""Found"",""clause_19"":""Not Found"",""clause_20"":""Not Found"",""deduction_type_1"":""Brokerage"",""deduction_percentage_1"":""20%"",""deduction_type_2"":""Commission"",""deduction_percentage_2"":""15%"",""deduction_type_3"":""Administrative Fee"",""deduction_percentage_3"":""5%"",""riskcode1"":""P3"",""riskcode1_percentage_1"":""100%"",""leader_overall"":""ABC Syndicate"",""Polreference"":"" "",""written_line_ref"":"" ""}",{}
SLI-1753439363104-ulbmv93y,Lloyd's Slip Processing,slip,completed,6,6,SLP-2025-001,2025-07-25T10:29:23.104Z,2025-07-25T10:30:53.033Z,"{""slip_id"":""SLP-2025-001"",""token"":""slip_token_001"",""slip_reference"":""LMX/2025/001"",""lloyd_syndicate"":""Syndicate 623"",""lead_underwriter"":""James Wilson"",""underwriter_email"":""cargo@marine.com"",""risk_category"":""Marine Cargo"",""policy_inception_date"":""01/04/2025"",""policy_expiry_date"":""31/03/2026"",""coverage_territory"":""Worldwide"",""currency"":""USD"",""policy_limits"":""$50000000"",""deductible"":""$25000"",""premium_amount"":""$485000"",""brokerage_rate"":""15%"",""total_sum_insured"":""$50000000"",""risk_location"":""International Shipping Routes"",""business_description"":""Marine cargo insurance for international shipping operations"",""years_trading"":""25"",""annual_turnover"":""$125000000"",""number_of_employees"":""450"",""previous_claims"":""2 claims in last 5 years - weather related"",""risk_improvements"":""Enhanced GPS tracking improved packaging protocols"",""security_measures"":""24/7 monitoring secure warehousing facilities"",""compliance_certifications"":""ISO 9001 IMO compliance"",""financial_rating"":""A+ (Standard & Poor's)"",""reinsurance_arrangements"":""75% quota share with Munich Re"",""exclusions"":""War risks nuclear perils cyber attacks"",""warranties"":""Proper packaging approved routes only"",""conditions"":""Monthly reporting claims handling procedures"",""created_at"":""2025-01-07T16:20:00Z"",""updated_at"":""2025-01-12T14:15:00Z"",""email_subject"":""Marine Cargo Slip - International Shipping Routes""}",{}
SUB-1753439404722-qcrscr46,Real AI Test Case,submission,pending_approval,4,7,UW-2025-001,2025-07-25T10:30:04.722Z,2025-07-25T10:31:26.962Z,{},{}
SUB-1753440052297-882vnog4,Test Submission Workflow,submission,pending_approval,6,7,UW-2025-001,2025-07-25T10:40:52.299Z,2025-07-25T10:53:56.050Z,"{""submission_id"":""UW-2025-001"",""token"":""token-abc123"",""broker_ref_hu_number"":""REF-HU-2024001"",""intermediary_name"":""Arthur J Gallaghar (UK) Ltd"",""broker_contact_name"":""Peters Charley"",""broker_email"":""james_potter1@ajg.com"",""target_premium"":""£8021"",""quote_effective_date"":""10/9/24"",""previous_insurer"":""Aviva Insurance"",""insurance_declined"":""No"",""convictions"":""No"",""bankruptcy"":""No"",""claims_count"":""1"",""contact_role"":""Main Policy Holder"",""title"":""Ms"",""first_name"":""Lee"",""middle_name"":""Warner"",""surname"":""Jones"",""date_of_birth"":""5/19/56"",""occupation"":""Director"",""house_number"":""122"",""house_name"":""Hamilton House"",""address_line1"":""Victoria Street"",""city"":""Princess Road"",""postcode"":""CW5 8JE"",""property_house_number"":""122"",""property_house_name"":""Hamilton House"",""property_address_line1"":""Victoria Street"",""property_city"":""Princess Road"",""property_postcode"":""CW5 8JE"",""cover_type"":""Combined"",""building_sums_insured"":""£2230555"",""content_sums_insured"":""£291655"",""total_jewellery_value"":""£97507"",""art_collections_value"":"""",""solely_occupied"":""Yes"",""property_ownership"":""Owner Occupied"",""property_type"":""House - Detached"",""year_built"":""1820"",""number_of_bedrooms"":""4"",""listed_building"":""Grade II Listed"",""roof_construction"":""Slate"",""wall_construction"":""Stone"",""jewellery_type"":""Necklace"",""jewellery_description"":""Victorian diamond necklace with sapphires"",""jewellery_value"":""£29014"",""created_at"":""2024-07-10T09:15:00"",""updated_at"":""2024-07-10T09:15:00"",""email_subject"":""RE: Home Insurance Quote Request - Lee Warner Jones, Hamilton House, Victoria Street""}",{}
JIR-1753440996700-84c66e6a,Slip - Reference: AB12321223132dasdadadas,jira,pending_human_response,2,7,XSX-4136,2025-07-25T10:56:36.701Z,2025-07-25T10:57:32.352Z,"{""contact_role"":""ABC Private Limited"",""title"":""Y"",""re_assured_name"":""John Doe"",""re_assured_main"":""Y"",""inception_date"":""01/01/2025"",""expiry_date"":""31/12/2025"",""settlement_due_date"":""30/03/2025"",""limit_amount"":""10,000,000.00"",""limit_currency"":""USD"",""limit_basis"":""PER OCC"",""deductible_amount"":""10,000.00"",""deductible_currency"":""USD"",""deductible_basis"":""PER OCC"",""tiv_amount_1"":""284,860,219.00"",""tiv_currency_1"":""USD"",""tiv_amount_2"":""1,045,000.00"",""tiv_currency_2"":""USD"",""clause_1"":""Found"",""clause_2"":""Found"",""clause_3"":""Found"",""clause_4"":""Found"",""clause_5"":""Found"",""clause_6"":""Not Found"",""clause_7"":""Found"",""clause_8"":""Found"",""clause_9"":""Found"",""clause_10"":""Found"",""clause_11"":""Found"",""clause_12"":""Found"",""clause_13"":""Found"",""clause_14"":""Not Found"",""clause_15"":""Not Found"",""clause_16"":""Found"",""clause_17"":""Found"",""clause_18"":""Found"",""clause_19"":""Not Found"",""clause_20"":""Not Found"",""deduction_type_1"":""Brokerage"",""deduction_percentage_1"":""20%"",""deduction_type_2"":""Commission"",""deduction_percentage_2"":""15%"",""deduction_type_3"":""Administrative Fee"",""deduction_percentage_3"":""5%"",""riskcode1"":""P3"",""riskcode1_percentage_1"":""100%"",""leader_overall"":""ABC Syndicate"",""Polreference"":"" "",""written_line_ref"":"" ""}",{}
JIR-1753441117692-7ykv7ebx,Slip - Reference: Adityacase,jira,completed,7,7,XSX-4137,2025-07-25T10:58:37.692Z,2025-07-25T11:01:44.253Z,"{""contact_role"":""ABC Private Limited"",""title"":""Y"",""re_assured_name"":""John Doe"",""re_assured_main"":""Y"",""inception_date"":""01/01/2025"",""expiry_date"":""31/12/2025"",""settlement_due_date"":""30/03/2025"",""limit_amount"":""10,000,000.00"",""limit_currency"":""USD"",""limit_basis"":""PER OCC"",""deductible_amount"":""10,000.00"",""deductible_currency"":""USD"",""deductible_basis"":""PER OCC"",""tiv_amount_1"":""284,860,219.00"",""tiv_currency_1"":""USD"",""tiv_amount_2"":""1,045,000.00"",""tiv_currency_2"":""USD"",""clause_1"":""Found"",""clause_2"":""Found"",""clause_3"":""Found"",""clause_4"":""Found"",""clause_5"":""Found"",""clause_6"":""Not Found"",""clause_7"":""Found"",""clause_8"":""Found"",""clause_9"":""Found"",""clause_10"":""Found"",""clause_11"":""Found"",""clause_12"":""Found"",""clause_13"":""Found"",""clause_14"":""Not Found"",""clause_15"":""Not Found"",""clause_16"":""Found"",""clause_17"":""Found"",""clause_18"":""Found"",""clause_19"":""Not Found"",""clause_20"":""Not Found"",""deduction_type_1"":""Brokerage"",""deduction_percentage_1"":""20%"",""deduction_type_2"":""Commission"",""deduction_percentage_2"":""15%"",""deduction_type_3"":""Administrative Fee"",""deduction_percentage_3"":""5%"",""riskcode1"":""P3"",""riskcode1_percentage_1"":""100%"",""leader_overall"":""ABC Syndicate"",""Polreference"":"" "",""written_line_ref"":"" ""}",{}
JIR-1753448748341-50vyqwdn,Slip - Reference: AB12321223132QWQWQW,jira,pending_data_extraction,5,7,XSX-4138,2025-07-25T13:05:48.341Z,2025-07-27T07:50:17.339Z,"{""contact_role"":""ABC Private Limited"",""title"":""Y"",""re_assured_name"":""John Doe"",""re_assured_main"":""Y"",""inception_date"":""01/01/2025"",""expiry_date"":""31/12/2025"",""settlement_due_date"":""30/03/2025"",""limit_amount"":""10,000,000.00"",""limit_currency"":""USD"",""limit_basis"":""PER OCC"",""deductible_amount"":""10,000.00"",""deductible_currency"":""USD"",""deductible_basis"":""PER OCC"",""tiv_amount_1"":""284,860,219.00"",""tiv_currency_1"":""USD"",""tiv_amount_2"":""1,045,000.00"",""tiv_currency_2"":""USD"",""clause_1"":""Found"",""clause_2"":""Found"",""clause_3"":""Found"",""clause_4"":""Found"",""clause_5"":""Found"",""clause_6"":""Not Found"",""clause_7"":""Found"",""clause_8"":""Found"",""clause_9"":""Found"",""clause_10"":""Found"",""clause_11"":""Found"",""clause_12"":""Found"",""clause_13"":""Found"",""clause_14"":""Not Found"",""clause_15"":""Not Found"",""clause_16"":""Found"",""clause_17"":""Found"",""clause_18"":""Found"",""clause_19"":""Not Found"",""clause_20"":""Not Found"",""deduction_type_1"":""Brokerage"",""deduction_percentage_1"":""20%"",""deduction_type_2"":""Commission"",""deduction_percentage_2"":""15%"",""deduction_type_3"":""Administrative Fee"",""deduction_percentage_3"":""5%"",""riskcode1"":""P3"",""riskcode1_percentage_1"":""100%"",""leader_overall"":""ABC Syndicate"",""Polreference"":"" "",""written_line_ref"":"" ""}",{}
SUB-1753449301870-0dw2ngge,Test Submission Workflow,submission,pending_approval,2,7,UW-2025-001,2025-07-25T13:15:01.870Z,2025-07-25T13:16:01.136Z,"{""submission_id"":""UW-2025-001"",""token"":""token-abc123"",""broker_ref_hu_number"":""REF-HU-2024001"",""intermediary_name"":""Arthur J Gallaghar (UK) Ltd"",""broker_contact_name"":""Peters Charley"",""broker_email"":""james_potter1@ajg.com"",""target_premium"":""£8021"",""quote_effective_date"":""10/9/24"",""previous_insurer"":""Aviva Insurance"",""insurance_declined"":""No"",""convictions"":""No"",""bankruptcy"":""No"",""claims_count"":""1"",""contact_role"":""Main Policy Holder"",""title"":""Ms"",""first_name"":""Lee"",""middle_name"":""Warner"",""surname"":""Jones"",""date_of_birth"":""5/19/56"",""occupation"":""Director"",""house_number"":""122"",""house_name"":""Hamilton House"",""address_line1"":""Victoria Street"",""city"":""Princess Road"",""postcode"":""CW5 8JE"",""property_house_number"":""122"",""property_house_name"":""Hamilton House"",""property_address_line1"":""Victoria Street"",""property_city"":""Princess Road"",""property_postcode"":""CW5 8JE"",""cover_type"":""Combined"",""building_sums_insured"":""£2230555"",""content_sums_insured"":""£291655"",""total_jewellery_value"":""£97507"",""art_collections_value"":"""",""solely_occupied"":""Yes"",""property_ownership"":""Owner Occupied"",""property_type"":""House - Detached"",""year_built"":""1820"",""number_of_bedrooms"":""4"",""listed_building"":""Grade II Listed"",""roof_construction"":""Slate"",""wall_construction"":""Stone"",""jewellery_type"":""Necklace"",""jewellery_description"":""Victorian diamond necklace with sapphires"",""jewellery_value"":""£29014"",""created_at"":""2024-07-10T09:15:00"",""updated_at"":""2024-07-10T09:15:00"",""email_subject"":""RE: Home Insurance Quote Request - Lee Warner Jones, Hamilton House, Victoria Street""}",{}
SUB-1753452846520-znrf5fmv,Test Submission Workflow,submission,pending_approval,6,7,UW-2025-001,2025-07-25T14:14:06.520Z,2025-07-25T14:19:21.690Z,"{""submission_id"":""UW-2025-001"",""token"":""token-abc123"",""broker_ref_hu_number"":""REF-HU-2024001"",""intermediary_name"":""Arthur J Gallaghar (UK) Ltd"",""broker_contact_name"":""Peters Charley"",""broker_email"":""james_potter1@ajg.com"",""target_premium"":""£8021"",""quote_effective_date"":""10/9/24"",""previous_insurer"":""Aviva Insurance"",""insurance_declined"":""No"",""convictions"":""No"",""bankruptcy"":""No"",""claims_count"":""1"",""contact_role"":""Main Policy Holder"",""title"":""Ms"",""first_name"":""Lee"",""middle_name"":""Warner"",""surname"":""Jones"",""date_of_birth"":""5/19/56"",""occupation"":""Director"",""house_number"":""122"",""house_name"":""Hamilton House"",""address_line1"":""Victoria Street"",""city"":""Princess Road"",""postcode"":""CW5 8JE"",""property_house_number"":""122"",""property_house_name"":""Hamilton House"",""property_address_line1"":""Victoria Street"",""property_city"":""Princess Road"",""property_postcode"":""CW5 8JE"",""cover_type"":""Combined"",""building_sums_insured"":""£2230555"",""content_sums_insured"":""£291655"",""total_jewellery_value"":""£97507"",""art_collections_value"":"""",""solely_occupied"":""Yes"",""property_ownership"":""Owner Occupied"",""property_type"":""House - Detached"",""year_built"":""1820"",""number_of_bedrooms"":""4"",""listed_building"":""Grade II Listed"",""roof_construction"":""Slate"",""wall_construction"":""Stone"",""jewellery_type"":""Necklace"",""jewellery_description"":""Victorian diamond necklace with sapphires"",""jewellery_value"":""£29014"",""created_at"":""2024-07-10T09:15:00"",""updated_at"":""2024-07-10T09:15:00"",""email_subject"":""RE: Home Insurance Quote Request - Lee Warner Jones, Hamilton House, Victoria Street""}",{}
JIR-1753598812847-wqmp33yz,eww,jira,pending_approval,2,7,XSX-4139,2025-07-27T06:46:52.847Z,2025-07-27T06:56:17.912Z,"{""contact_role"":""ABC Private Limited"",""title"":""Y"",""re_assured_name"":""John Doe"",""re_assured_main"":""Y"",""inception_date"":""01/01/2025"",""expiry_date"":""31/12/2025"",""settlement_due_date"":""30/03/2025"",""limit_amount"":""10,000,000.00"",""limit_currency"":""USD"",""limit_basis"":""PER OCC"",""deductible_amount"":""10,000.00"",""deductible_currency"":""USD"",""deductible_basis"":""PER OCC"",""tiv_amount_1"":""284,860,219.00"",""tiv_currency_1"":""USD"",""tiv_amount_2"":""1,045,000.00"",""tiv_currency_2"":""USD"",""clause_1"":""Found"",""clause_2"":""Found"",""clause_3"":""Found"",""clause_4"":""Found"",""clause_5"":""Found"",""clause_6"":""Not Found"",""clause_7"":""Found"",""clause_8"":""Found"",""clause_9"":""Found"",""clause_10"":""Found"",""clause_11"":""Found"",""clause_12"":""Found"",""clause_13"":""Found"",""clause_14"":""Not Found"",""clause_15"":""Not Found"",""clause_16"":""Found"",""clause_17"":""Found"",""clause_18"":""Found"",""clause_19"":""Not Found"",""clause_20"":""Not Found"",""deduction_type_1"":""Brokerage"",""deduction_percentage_1"":""20%"",""deduction_type_2"":""Commission"",""deduction_percentage_2"":""15%"",""deduction_type_3"":""Administrative Fee"",""deduction_percentage_3"":""5%"",""riskcode1"":""P3"",""riskcode1_percentage_1"":""100%"",""leader_overall"":""ABC Syndicate"",""Polreference"":"" "",""written_line_ref"":"" ""}",{}
JIR-1753599217387-xrwn6o41,Test Mismatch Summary Agent S3 Upload,jira,pending_data_extraction,1,7,XSX-1334,2025-07-27T06:53:37.387Z,2025-07-27T06:59:23.187Z,"{""case_id"":""XSX-1334"",""priority"":""High"",""description"":""Test case for S3 integration""}",{}
JIR-1753599562139-l95vykx5,Test Enhanced S3 Auto-Upload,jira,pending_approval,2,7,XSX-4139,2025-07-27T06:59:22.139Z,2025-07-27T07:00:02.582Z,"{""case_id"":""XSX-4139"",""priority"":""High"",""description"":""Testing enhanced S3 auto-upload for Mismatch Summary Agent""}",{}
JIR-1753599639627-t8biuwf0,Final S3 Auto-Upload Test,jira,pending_approval,2,7,XSX-5555,2025-07-27T07:00:39.627Z,2025-07-27T07:01:49.893Z,"{""case_id"":""XSX-5555"",""priority"":""High"",""description"":""Final test of automatic S3 upload in Mismatch Summary Agent""}",{}
JIR-1753601807486-hl2bn6dl,Test Enhanced S3 Auto-Upload,jira,pending_approval,2,7,XSX-4139,2025-07-27T07:36:47.486Z,2025-07-27T07:37:34.269Z,"{""contact_role"":""ABC Private Limited"",""title"":""Y"",""re_assured_name"":""John Doe"",""re_assured_main"":""Y"",""inception_date"":""01/01/2025"",""expiry_date"":""31/12/2025"",""settlement_due_date"":""30/03/2025"",""limit_amount"":""10,000,000.00"",""limit_currency"":""USD"",""limit_basis"":""PER OCC"",""deductible_amount"":""10,000.00"",""deductible_currency"":""USD"",""deductible_basis"":""PER OCC"",""tiv_amount_1"":""284,860,219.00"",""tiv_currency_1"":""USD"",""tiv_amount_2"":""1,045,000.00"",""tiv_currency_2"":""USD"",""clause_1"":""Found"",""clause_2"":""Found"",""clause_3"":""Found"",""clause_4"":""Found"",""clause_5"":""Found"",""clause_6"":""Not Found"",""clause_7"":""Found"",""clause_8"":""Found"",""clause_9"":""Found"",""clause_10"":""Found"",""clause_11"":""Found"",""clause_12"":""Found"",""clause_13"":""Found"",""clause_14"":""Not Found"",""clause_15"":""Not Found"",""clause_16"":""Found"",""clause_17"":""Found"",""clause_18"":""Found"",""clause_19"":""Not Found"",""clause_20"":""Not Found"",""deduction_type_1"":""Brokerage"",""deduction_percentage_1"":""20%"",""deduction_type_2"":""Commission"",""deduction_percentage_2"":""15%"",""deduction_type_3"":""Administrative Fee"",""deduction_percentage_3"":""5%"",""riskcode1"":""P3"",""riskcode1_percentage_1"":""100%"",""leader_overall"":""ABC Syndicate"",""Polreference"":"" "",""written_line_ref"":"" ""}",{}
JIR-1753602174728-ep1e1s9s,Test Improved Formatting,jira,pending_approval,2,7,XSX-7777,2025-07-27T07:42:54.728Z,2025-07-27T07:43:35.675Z,"{""case_id"":""XSX-7777"",""priority"":""High"",""description"":""Testing improved mismatch summary formatting""}",{}
JIR-1753602415467-qwdi4gom,Test Enhanced S3 Auto-Upload,jira,pending_approval,2,7,XSX-4139,2025-07-27T07:46:55.467Z,2025-07-27T07:47:53.533Z,"{""contact_role"":""ABC Private Limited"",""title"":""Y"",""re_assured_name"":""John Doe"",""re_assured_main"":""Y"",""inception_date"":""01/01/2025"",""expiry_date"":""31/12/2025"",""settlement_due_date"":""30/03/2025"",""limit_amount"":""10,000,000.00"",""limit_currency"":""USD"",""limit_basis"":""PER OCC"",""deductible_amount"":""10,000.00"",""deductible_currency"":""USD"",""deductible_basis"":""PER OCC"",""tiv_amount_1"":""284,860,219.00"",""tiv_currency_1"":""USD"",""tiv_amount_2"":""1,045,000.00"",""tiv_currency_2"":""USD"",""clause_1"":""Found"",""clause_2"":""Found"",""clause_3"":""Found"",""clause_4"":""Found"",""clause_5"":""Found"",""clause_6"":""Not Found"",""clause_7"":""Found"",""clause_8"":""Found"",""clause_9"":""Found"",""clause_10"":""Found"",""clause_11"":""Found"",""clause_12"":""Found"",""clause_13"":""Found"",""clause_14"":""Not Found"",""clause_15"":""Not Found"",""clause_16"":""Found"",""clause_17"":""Found"",""clause_18"":""Found"",""clause_19"":""Not Found"",""clause_20"":""Not Found"",""deduction_type_1"":""Brokerage"",""deduction_percentage_1"":""20%"",""deduction_type_2"":""Commission"",""deduction_percentage_2"":""15%"",""deduction_type_3"":""Administrative Fee"",""deduction_percentage_3"":""5%"",""riskcode1"":""P3"",""riskcode1_percentage_1"":""100%"",""leader_overall"":""ABC Syndicate"",""Polreference"":"" "",""written_line_ref"":"" ""}",{}
JIR-1753602619647-ezjgf33h,Slip - Reference: AB12321223132QWQWQW,jira,pending_approval,2,7,XSX-4138,2025-07-27T07:50:19.648Z,2025-07-27T07:51:05.022Z,"{""contact_role"":""ABC Private Limited"",""title"":""Y"",""re_assured_name"":""John Doe"",""re_assured_main"":""Y"",""inception_date"":""01/01/2025"",""expiry_date"":""31/12/2025"",""settlement_due_date"":""30/03/2025"",""limit_amount"":""10,000,000.00"",""limit_currency"":""USD"",""limit_basis"":""PER OCC"",""deductible_amount"":""10,000.00"",""deductible_currency"":""USD"",""deductible_basis"":""PER OCC"",""tiv_amount_1"":""284,860,219.00"",""tiv_currency_1"":""USD"",""tiv_amount_2"":""1,045,000.00"",""tiv_currency_2"":""USD"",""clause_1"":""Found"",""clause_2"":""Found"",""clause_3"":""Found"",""clause_4"":""Found"",""clause_5"":""Found"",""clause_6"":""Not Found"",""clause_7"":""Found"",""clause_8"":""Found"",""clause_9"":""Found"",""clause_10"":""Found"",""clause_11"":""Found"",""clause_12"":""Found"",""clause_13"":""Found"",""clause_14"":""Not Found"",""clause_15"":""Not Found"",""clause_16"":""Found"",""clause_17"":""Found"",""clause_18"":""Found"",""clause_19"":""Not Found"",""clause_20"":""Not Found"",""deduction_type_1"":""Brokerage"",""deduction_percentage_1"":""20%"",""deduction_type_2"":""Commission"",""deduction_percentage_2"":""15%"",""deduction_type_3"":""Administrative Fee"",""deduction_percentage_3"":""5%"",""riskcode1"":""P3"",""riskcode1_percentage_1"":""100%"",""leader_overall"":""ABC Syndicate"",""Polreference"":"" "",""written_line_ref"":"" ""}",{}
JIR-1753602810604-94bpofpk,Slip - Reference: AB12321223132QWQWQW,jira,pending_approval,2,7,XSX-4138,2025-07-27T07:53:30.604Z,2025-07-27T07:54:16.814Z,"{""contact_role"":""ABC Private Limited"",""title"":""Y"",""re_assured_name"":""John Doe"",""re_assured_main"":""Y"",""inception_date"":""01/01/2025"",""expiry_date"":""31/12/2025"",""settlement_due_date"":""30/03/2025"",""limit_amount"":""10,000,000.00"",""limit_currency"":""USD"",""limit_basis"":""PER OCC"",""deductible_amount"":""10,000.00"",""deductible_currency"":""USD"",""deductible_basis"":""PER OCC"",""tiv_amount_1"":""284,860,219.00"",""tiv_currency_1"":""USD"",""tiv_amount_2"":""1,045,000.00"",""tiv_currency_2"":""USD"",""clause_1"":""Found"",""clause_2"":""Found"",""clause_3"":""Found"",""clause_4"":""Found"",""clause_5"":""Found"",""clause_6"":""Not Found"",""clause_7"":""Found"",""clause_8"":""Found"",""clause_9"":""Found"",""clause_10"":""Found"",""clause_11"":""Found"",""clause_12"":""Found"",""clause_13"":""Found"",""clause_14"":""Not Found"",""clause_15"":""Not Found"",""clause_16"":""Found"",""clause_17"":""Found"",""clause_18"":""Found"",""clause_19"":""Not Found"",""clause_20"":""Not Found"",""deduction_type_1"":""Brokerage"",""deduction_percentage_1"":""20%"",""deduction_type_2"":""Commission"",""deduction_percentage_2"":""15%"",""deduction_type_3"":""Administrative Fee"",""deduction_percentage_3"":""5%"",""riskcode1"":""P3"",""riskcode1_percentage_1"":""100%"",""leader_overall"":""ABC Syndicate"",""Polreference"":"" "",""written_line_ref"":"" ""}",{}
JIR-1753602936147-bftyge08,Slip - Reference: AB12321223132QWQWQW,jira,pending_approval,2,7,XSX-4138,2025-07-27T07:55:36.147Z,2025-07-27T07:56:19.604Z,"{""contact_role"":""ABC Private Limited"",""title"":""Y"",""re_assured_name"":""John Doe"",""re_assured_main"":""Y"",""inception_date"":""01/01/2025"",""expiry_date"":""31/12/2025"",""settlement_due_date"":""30/03/2025"",""limit_amount"":""10,000,000.00"",""limit_currency"":""USD"",""limit_basis"":""PER OCC"",""deductible_amount"":""10,000.00"",""deductible_currency"":""USD"",""deductible_basis"":""PER OCC"",""tiv_amount_1"":""284,860,219.00"",""tiv_currency_1"":""USD"",""tiv_amount_2"":""1,045,000.00"",""tiv_currency_2"":""USD"",""clause_1"":""Found"",""clause_2"":""Found"",""clause_3"":""Found"",""clause_4"":""Found"",""clause_5"":""Found"",""clause_6"":""Not Found"",""clause_7"":""Found"",""clause_8"":""Found"",""clause_9"":""Found"",""clause_10"":""Found"",""clause_11"":""Found"",""clause_12"":""Found"",""clause_13"":""Found"",""clause_14"":""Not Found"",""clause_15"":""Not Found"",""clause_16"":""Found"",""clause_17"":""Found"",""clause_18"":""Found"",""clause_19"":""Not Found"",""clause_20"":""Not Found"",""deduction_type_1"":""Brokerage"",""deduction_percentage_1"":""20%"",""deduction_type_2"":""Commission"",""deduction_percentage_2"":""15%"",""deduction_type_3"":""Administrative Fee"",""deduction_percentage_3"":""5%"",""riskcode1"":""P3"",""riskcode1_percentage_1"":""100%"",""leader_overall"":""ABC Syndicate"",""Polreference"":"" "",""written_line_ref"":"" ""}",{}
JIR-1753603083378-gxh3ki6z,Test Line Formatting,jira,pending_approval,2,7,XSX-7778,2025-07-27T07:58:03.378Z,2025-07-27T07:58:44.935Z,"{""case_id"":""XSX-7778"",""priority"":""High""}",{}
JIR-1753603175423-y4bhbp3x,Slip - Reference: AB12321223132QWQWQW,jira,pending_approval,2,7,XSX-4138,2025-07-27T07:59:35.424Z,2025-07-27T08:00:22.344Z,"{""contact_role"":""ABC Private Limited"",""title"":""Y"",""re_assured_name"":""John Doe"",""re_assured_main"":""Y"",""inception_date"":""01/01/2025"",""expiry_date"":""31/12/2025"",""settlement_due_date"":""30/03/2025"",""limit_amount"":""10,000,000.00"",""limit_currency"":""USD"",""limit_basis"":""PER OCC"",""deductible_amount"":""10,000.00"",""deductible_currency"":""USD"",""deductible_basis"":""PER OCC"",""tiv_amount_1"":""284,860,219.00"",""tiv_currency_1"":""USD"",""tiv_amount_2"":""1,045,000.00"",""tiv_currency_2"":""USD"",""clause_1"":""Found"",""clause_2"":""Found"",""clause_3"":""Found"",""clause_4"":""Found"",""clause_5"":""Found"",""clause_6"":""Not Found"",""clause_7"":""Found"",""clause_8"":""Found"",""clause_9"":""Found"",""clause_10"":""Found"",""clause_11"":""Found"",""clause_12"":""Found"",""clause_13"":""Found"",""clause_14"":""Not Found"",""clause_15"":""Not Found"",""clause_16"":""Found"",""clause_17"":""Found"",""clause_18"":""Found"",""clause_19"":""Not Found"",""clause_20"":""Not Found"",""deduction_type_1"":""Brokerage"",""deduction_percentage_1"":""20%"",""deduction_type_2"":""Commission"",""deduction_percentage_2"":""15%"",""deduction_type_3"":""Administrative Fee"",""deduction_percentage_3"":""5%"",""riskcode1"":""P3"",""riskcode1_percentage_1"":""100%"",""leader_overall"":""ABC Syndicate"",""Polreference"":"" "",""written_line_ref"":"" ""}",{}
JIR-1753603361174-sdzxahyj,Slip - Reference: AB12321223132QWQWQW,jira,pending_approval,2,7,XSX-4138,2025-07-27T08:02:41.174Z,2025-07-27T08:03:24.788Z,"{""contact_role"":""ABC Private Limited"",""title"":""Y"",""re_assured_name"":""John Doe"",""re_assured_main"":""Y"",""inception_date"":""01/01/2025"",""expiry_date"":""31/12/2025"",""settlement_due_date"":""30/03/2025"",""limit_amount"":""10,000,000.00"",""limit_currency"":""USD"",""limit_basis"":""PER OCC"",""deductible_amount"":""10,000.00"",""deductible_currency"":""USD"",""deductible_basis"":""PER OCC"",""tiv_amount_1"":""284,860,219.00"",""tiv_currency_1"":""USD"",""tiv_amount_2"":""1,045,000.00"",""tiv_currency_2"":""USD"",""clause_1"":""Found"",""clause_2"":""Found"",""clause_3"":""Found"",""clause_4"":""Found"",""clause_5"":""Found"",""clause_6"":""Not Found"",""clause_7"":""Found"",""clause_8"":""Found"",""clause_9"":""Found"",""clause_10"":""Found"",""clause_11"":""Found"",""clause_12"":""Found"",""clause_13"":""Found"",""clause_14"":""Not Found"",""clause_15"":""Not Found"",""clause_16"":""Found"",""clause_17"":""Found"",""clause_18"":""Found"",""clause_19"":""Not Found"",""clause_20"":""Not Found"",""deduction_type_1"":""Brokerage"",""deduction_percentage_1"":""20%"",""deduction_type_2"":""Commission"",""deduction_percentage_2"":""15%"",""deduction_type_3"":""Administrative Fee"",""deduction_percentage_3"":""5%"",""riskcode1"":""P3"",""riskcode1_percentage_1"":""100%"",""leader_overall"":""ABC Syndicate"",""Polreference"":"" "",""written_line_ref"":"" ""}",{}
JIR-1753603502831-7t7v2p53,Slip - Reference: AB12321223132QWQWQW,jira,pending_approval,2,7,XSX-4138,2025-07-27T08:05:02.831Z,2025-07-27T08:06:02.405Z,"{""contact_role"":""ABC Private Limited"",""title"":""Y"",""re_assured_name"":""John Doe"",""re_assured_main"":""Y"",""inception_date"":""01/01/2025"",""expiry_date"":""31/12/2025"",""settlement_due_date"":""30/03/2025"",""limit_amount"":""10,000,000.00"",""limit_currency"":""USD"",""limit_basis"":""PER OCC"",""deductible_amount"":""10,000.00"",""deductible_currency"":""USD"",""deductible_basis"":""PER OCC"",""tiv_amount_1"":""284,860,219.00"",""tiv_currency_1"":""USD"",""tiv_amount_2"":""1,045,000.00"",""tiv_currency_2"":""USD"",""clause_1"":""Found"",""clause_2"":""Found"",""clause_3"":""Found"",""clause_4"":""Found"",""clause_5"":""Found"",""clause_6"":""Not Found"",""clause_7"":""Found"",""clause_8"":""Found"",""clause_9"":""Found"",""clause_10"":""Found"",""clause_11"":""Found"",""clause_12"":""Found"",""clause_13"":""Found"",""clause_14"":""Not Found"",""clause_15"":""Not Found"",""clause_16"":""Found"",""clause_17"":""Found"",""clause_18"":""Found"",""clause_19"":""Not Found"",""clause_20"":""Not Found"",""deduction_type_1"":""Brokerage"",""deduction_percentage_1"":""20%"",""deduction_type_2"":""Commission"",""deduction_percentage_2"":""15%"",""deduction_type_3"":""Administrative Fee"",""deduction_percentage_3"":""5%"",""riskcode1"":""P3"",""riskcode1_percentage_1"":""100%"",""leader_overall"":""ABC Syndicate"",""Polreference"":"" "",""written_line_ref"":"" ""}",{}
JIR-1753603667068-461mwj5s,Slip - Reference: AB12321223132QWQWQW,jira,pending_approval,2,7,XSX-4138,2025-07-27T08:07:47.069Z,2025-07-27T08:08:33.888Z,"{""contact_role"":""ABC Private Limited"",""title"":""Y"",""re_assured_name"":""John Doe"",""re_assured_main"":""Y"",""inception_date"":""01/01/2025"",""expiry_date"":""31/12/2025"",""settlement_due_date"":""30/03/2025"",""limit_amount"":""10,000,000.00"",""limit_currency"":""USD"",""limit_basis"":""PER OCC"",""deductible_amount"":""10,000.00"",""deductible_currency"":""USD"",""deductible_basis"":""PER OCC"",""tiv_amount_1"":""284,860,219.00"",""tiv_currency_1"":""USD"",""tiv_amount_2"":""1,045,000.00"",""tiv_currency_2"":""USD"",""clause_1"":""Found"",""clause_2"":""Found"",""clause_3"":""Found"",""clause_4"":""Found"",""clause_5"":""Found"",""clause_6"":""Not Found"",""clause_7"":""Found"",""clause_8"":""Found"",""clause_9"":""Found"",""clause_10"":""Found"",""clause_11"":""Found"",""clause_12"":""Found"",""clause_13"":""Found"",""clause_14"":""Not Found"",""clause_15"":""Not Found"",""clause_16"":""Found"",""clause_17"":""Found"",""clause_18"":""Found"",""clause_19"":""Not Found"",""clause_20"":""Not Found"",""deduction_type_1"":""Brokerage"",""deduction_percentage_1"":""20%"",""deduction_type_2"":""Commission"",""deduction_percentage_2"":""15%"",""deduction_type_3"":""Administrative Fee"",""deduction_percentage_3"":""5%"",""riskcode1"":""P3"",""riskcode1_percentage_1"":""100%"",""leader_overall"":""ABC Syndicate"",""Polreference"":"" "",""written_line_ref"":"" ""}",{}
JIR-1753603817485-vdgtkdg0,Slip - Reference: AB12321223132QWQWQW,jira,pending_approval,2,7,XSX-4138,2025-07-27T08:10:17.485Z,2025-07-27T08:11:09.515Z,"{""contact_role"":""ABC Private Limited"",""title"":""Y"",""re_assured_name"":""John Doe"",""re_assured_main"":""Y"",""inception_date"":""01/01/2025"",""expiry_date"":""31/12/2025"",""settlement_due_date"":""30/03/2025"",""limit_amount"":""10,000,000.00"",""limit_currency"":""USD"",""limit_basis"":""PER OCC"",""deductible_amount"":""10,000.00"",""deductible_currency"":""USD"",""deductible_basis"":""PER OCC"",""tiv_amount_1"":""284,860,219.00"",""tiv_currency_1"":""USD"",""tiv_amount_2"":""1,045,000.00"",""tiv_currency_2"":""USD"",""clause_1"":""Found"",""clause_2"":""Found"",""clause_3"":""Found"",""clause_4"":""Found"",""clause_5"":""Found"",""clause_6"":""Not Found"",""clause_7"":""Found"",""clause_8"":""Found"",""clause_9"":""Found"",""clause_10"":""Found"",""clause_11"":""Found"",""clause_12"":""Found"",""clause_13"":""Found"",""clause_14"":""Not Found"",""clause_15"":""Not Found"",""clause_16"":""Found"",""clause_17"":""Found"",""clause_18"":""Found"",""clause_19"":""Not Found"",""clause_20"":""Not Found"",""deduction_type_1"":""Brokerage"",""deduction_percentage_1"":""20%"",""deduction_type_2"":""Commission"",""deduction_percentage_2"":""15%"",""deduction_type_3"":""Administrative Fee"",""deduction_percentage_3"":""5%"",""riskcode1"":""P3"",""riskcode1_percentage_1"":""100%"",""leader_overall"":""ABC Syndicate"",""Polreference"":"" "",""written_line_ref"":"" ""}",{}
JIR-1753603916753-szebrvio,Slip - Reference: AB12321223132QWQWQW,jira,pending_approval,2,7,XSX-4138,2025-07-27T08:11:56.753Z,2025-07-27T08:12:41.520Z,"{""contact_role"":""ABC Private Limited"",""title"":""Y"",""re_assured_name"":""John Doe"",""re_assured_main"":""Y"",""inception_date"":""01/01/2025"",""expiry_date"":""31/12/2025"",""settlement_due_date"":""30/03/2025"",""limit_amount"":""10,000,000.00"",""limit_currency"":""USD"",""limit_basis"":""PER OCC"",""deductible_amount"":""10,000.00"",""deductible_currency"":""USD"",""deductible_basis"":""PER OCC"",""tiv_amount_1"":""284,860,219.00"",""tiv_currency_1"":""USD"",""tiv_amount_2"":""1,045,000.00"",""tiv_currency_2"":""USD"",""clause_1"":""Found"",""clause_2"":""Found"",""clause_3"":""Found"",""clause_4"":""Found"",""clause_5"":""Found"",""clause_6"":""Not Found"",""clause_7"":""Found"",""clause_8"":""Found"",""clause_9"":""Found"",""clause_10"":""Found"",""clause_11"":""Found"",""clause_12"":""Found"",""clause_13"":""Found"",""clause_14"":""Not Found"",""clause_15"":""Not Found"",""clause_16"":""Found"",""clause_17"":""Found"",""clause_18"":""Found"",""clause_19"":""Not Found"",""clause_20"":""Not Found"",""deduction_type_1"":""Brokerage"",""deduction_percentage_1"":""20%"",""deduction_type_2"":""Commission"",""deduction_percentage_2"":""15%"",""deduction_type_3"":""Administrative Fee"",""deduction_percentage_3"":""5%"",""riskcode1"":""P3"",""riskcode1_percentage_1"":""100%"",""leader_overall"":""ABC Syndicate"",""Polreference"":"" "",""written_line_ref"":"" ""}",{}
JIR-1753604148869-p6rlrudc,Slip - Reference: AB12321223132QWQWQW,jira,pending_approval,2,7,XSX-4138,2025-07-27T08:15:48.870Z,2025-07-27T08:16:37.868Z,"{""contact_role"":""ABC Private Limited"",""title"":""Y"",""re_assured_name"":""John Doe"",""re_assured_main"":""Y"",""inception_date"":""01/01/2025"",""expiry_date"":""31/12/2025"",""settlement_due_date"":""30/03/2025"",""limit_amount"":""10,000,000.00"",""limit_currency"":""USD"",""limit_basis"":""PER OCC"",""deductible_amount"":""10,000.00"",""deductible_currency"":""USD"",""deductible_basis"":""PER OCC"",""tiv_amount_1"":""284,860,219.00"",""tiv_currency_1"":""USD"",""tiv_amount_2"":""1,045,000.00"",""tiv_currency_2"":""USD"",""clause_1"":""Found"",""clause_2"":""Found"",""clause_3"":""Found"",""clause_4"":""Found"",""clause_5"":""Found"",""clause_6"":""Not Found"",""clause_7"":""Found"",""clause_8"":""Found"",""clause_9"":""Found"",""clause_10"":""Found"",""clause_11"":""Found"",""clause_12"":""Found"",""clause_13"":""Found"",""clause_14"":""Not Found"",""clause_15"":""Not Found"",""clause_16"":""Found"",""clause_17"":""Found"",""clause_18"":""Found"",""clause_19"":""Not Found"",""clause_20"":""Not Found"",""deduction_type_1"":""Brokerage"",""deduction_percentage_1"":""20%"",""deduction_type_2"":""Commission"",""deduction_percentage_2"":""15%"",""deduction_type_3"":""Administrative Fee"",""deduction_percentage_3"":""5%"",""riskcode1"":""P3"",""riskcode1_percentage_1"":""100%"",""leader_overall"":""ABC Syndicate"",""Polreference"":"" "",""written_line_ref"":"" ""}",{}
JIR-1753605994626-sek8d8mh,Slip - Reference: AB12321223132QWQWQW,jira,pending_approval,5,7,XSX-4138,2025-07-27T08:46:34.627Z,2025-07-27T08:47:57.020Z,"{""contact_role"":""ABC Private Limited"",""title"":""Y"",""re_assured_name"":""John Doe"",""re_assured_main"":""Y"",""inception_date"":""01/01/2025"",""expiry_date"":""31/12/2025"",""settlement_due_date"":""30/03/2025"",""limit_amount"":""10,000,000.00"",""limit_currency"":""USD"",""limit_basis"":""PER OCC"",""deductible_amount"":""10,000.00"",""deductible_currency"":""USD"",""deductible_basis"":""PER OCC"",""tiv_amount_1"":""284,860,219.00"",""tiv_currency_1"":""USD"",""tiv_amount_2"":""1,045,000.00"",""tiv_currency_2"":""USD"",""clause_1"":""Found"",""clause_2"":""Found"",""clause_3"":""Found"",""clause_4"":""Found"",""clause_5"":""Found"",""clause_6"":""Not Found"",""clause_7"":""Found"",""clause_8"":""Found"",""clause_9"":""Found"",""clause_10"":""Found"",""clause_11"":""Found"",""clause_12"":""Found"",""clause_13"":""Found"",""clause_14"":""Not Found"",""clause_15"":""Not Found"",""clause_16"":""Found"",""clause_17"":""Found"",""clause_18"":""Found"",""clause_19"":""Not Found"",""clause_20"":""Not Found"",""deduction_type_1"":""Brokerage"",""deduction_percentage_1"":""20%"",""deduction_type_2"":""Commission"",""deduction_percentage_2"":""15%"",""deduction_type_3"":""Administrative Fee"",""deduction_percentage_3"":""5%"",""riskcode1"":""P3"",""riskcode1_percentage_1"":""100%"",""leader_overall"":""ABC Syndicate"",""Polreference"":"" "",""written_line_ref"":"" ""}",{}
JIR-1753613215491-ojlbxqin,Slip - Reference: AB12321223132QWQWQW,jira,pending_approval,2,7,XSX-4138,2025-07-27T10:46:55.491Z,2025-07-27T10:53:00.346Z,"{""contact_role"":""ABC Private Limited"",""title"":""Y"",""re_assured_name"":""John Doe"",""re_assured_main"":""Y"",""inception_date"":""01/01/2025"",""expiry_date"":""31/12/2025"",""settlement_due_date"":""30/03/2025"",""limit_amount"":""10,000,000.00"",""limit_currency"":""USD"",""limit_basis"":""PER OCC"",""deductible_amount"":""10,000.00"",""deductible_currency"":""USD"",""deductible_basis"":""PER OCC"",""tiv_amount_1"":""284,860,219.00"",""tiv_currency_1"":""USD"",""tiv_amount_2"":""1,045,000.00"",""tiv_currency_2"":""USD"",""clause_1"":""Found"",""clause_2"":""Found"",""clause_3"":""Found"",""clause_4"":""Found"",""clause_5"":""Found"",""clause_6"":""Not Found"",""clause_7"":""Found"",""clause_8"":""Found"",""clause_9"":""Found"",""clause_10"":""Found"",""clause_11"":""Found"",""clause_12"":""Found"",""clause_13"":""Found"",""clause_14"":""Not Found"",""clause_15"":""Not Found"",""clause_16"":""Found"",""clause_17"":""Found"",""clause_18"":""Found"",""clause_19"":""Not Found"",""clause_20"":""Not Found"",""deduction_type_1"":""Brokerage"",""deduction_percentage_1"":""20%"",""deduction_type_2"":""Commission"",""deduction_percentage_2"":""15%"",""deduction_type_3"":""Administrative Fee"",""deduction_percentage_3"":""5%"",""riskcode1"":""P3"",""riskcode1_percentage_1"":""100%"",""leader_overall"":""ABC Syndicate"",""Polreference"":"" "",""written_line_ref"":"" ""}",{}
JIR-1753617452333-le0pw76v,Slip - Reference: AB12321223132QWQWQW,jira,pending_approval,4,7,XSX-4138,2025-07-27T11:57:32.333Z,2025-07-27T11:59:30.522Z,"{""contact_role"":""ABC Private Limited"",""title"":""Y"",""re_assured_name"":""John Doe"",""re_assured_main"":""Y"",""inception_date"":""01/01/2025"",""expiry_date"":""31/12/2025"",""settlement_due_date"":""30/03/2025"",""limit_amount"":""10,000,000.00"",""limit_currency"":""USD"",""limit_basis"":""PER OCC"",""deductible_amount"":""10,000.00"",""deductible_currency"":""USD"",""deductible_basis"":""PER OCC"",""tiv_amount_1"":""284,860,219.00"",""tiv_currency_1"":""USD"",""tiv_amount_2"":""1,045,000.00"",""tiv_currency_2"":""USD"",""clause_1"":""Found"",""clause_2"":""Found"",""clause_3"":""Found"",""clause_4"":""Found"",""clause_5"":""Found"",""clause_6"":""Not Found"",""clause_7"":""Found"",""clause_8"":""Found"",""clause_9"":""Found"",""clause_10"":""Found"",""clause_11"":""Found"",""clause_12"":""Found"",""clause_13"":""Found"",""clause_14"":""Not Found"",""clause_15"":""Not Found"",""clause_16"":""Found"",""clause_17"":""Found"",""clause_18"":""Found"",""clause_19"":""Not Found"",""clause_20"":""Not Found"",""deduction_type_1"":""Brokerage"",""deduction_percentage_1"":""20%"",""deduction_type_2"":""Commission"",""deduction_percentage_2"":""15%"",""deduction_type_3"":""Administrative Fee"",""deduction_percentage_3"":""5%"",""riskcode1"":""P3"",""riskcode1_percentage_1"":""100%"",""leader_overall"":""ABC Syndicate"",""Polreference"":"" "",""written_line_ref"":"" ""}",{}
JIR-1753617556621-yfdebkh2,Slip - Reference: AB12321223132QWQWQW,jira,completed,7,7,XSX-4138,2025-07-27T11:59:16.621Z,2025-07-27T12:05:20.562Z,"{""contact_role"":""ABC Private Limited"",""title"":""Y"",""re_assured_name"":""John Doe"",""re_assured_main"":""Y"",""inception_date"":""01/01/2025"",""expiry_date"":""31/12/2025"",""settlement_due_date"":""30/03/2025"",""limit_amount"":""10,000,000.00"",""limit_currency"":""USD"",""limit_basis"":""PER OCC"",""deductible_amount"":""10,000.00"",""deductible_currency"":""USD"",""deductible_basis"":""PER OCC"",""tiv_amount_1"":""284,860,219.00"",""tiv_currency_1"":""USD"",""tiv_amount_2"":""1,045,000.00"",""tiv_currency_2"":""USD"",""clause_1"":""Found"",""clause_2"":""Found"",""clause_3"":""Found"",""clause_4"":""Found"",""clause_5"":""Found"",""clause_6"":""Not Found"",""clause_7"":""Found"",""clause_8"":""Found"",""clause_9"":""Found"",""clause_10"":""Found"",""clause_11"":""Found"",""clause_12"":""Found"",""clause_13"":""Found"",""clause_14"":""Not Found"",""clause_15"":""Not Found"",""clause_16"":""Found"",""clause_17"":""Found"",""clause_18"":""Found"",""clause_19"":""Not Found"",""clause_20"":""Not Found"",""deduction_type_1"":""Brokerage"",""deduction_percentage_1"":""20%"",""deduction_type_2"":""Commission"",""deduction_percentage_2"":""15%"",""deduction_type_3"":""Administrative Fee"",""deduction_percentage_3"":""5%"",""riskcode1"":""P3"",""riskcode1_percentage_1"":""100%"",""leader_overall"":""ABC Syndicate"",""Polreference"":"" "",""written_line_ref"":"" ""}",{}
JIR-1753618047186-wbwv8cev,Slip - Reference: AB12321223132QWQWQW,jira,pending_approval,2,7,XSX-4138,2025-07-27T12:07:27.186Z,2025-07-27T12:08:16.972Z,"{""contact_role"":""ABC Private Limited"",""title"":""Y"",""re_assured_name"":""John Doe"",""re_assured_main"":""Y"",""inception_date"":""01/01/2025"",""expiry_date"":""31/12/2025"",""settlement_due_date"":""30/03/2025"",""limit_amount"":""10,000,000.00"",""limit_currency"":""USD"",""limit_basis"":""PER OCC"",""deductible_amount"":""10,000.00"",""deductible_currency"":""USD"",""deductible_basis"":""PER OCC"",""tiv_amount_1"":""284,860,219.00"",""tiv_currency_1"":""USD"",""tiv_amount_2"":""1,045,000.00"",""tiv_currency_2"":""USD"",""clause_1"":""Found"",""clause_2"":""Found"",""clause_3"":""Found"",""clause_4"":""Found"",""clause_5"":""Found"",""clause_6"":""Not Found"",""clause_7"":""Found"",""clause_8"":""Found"",""clause_9"":""Found"",""clause_10"":""Found"",""clause_11"":""Found"",""clause_12"":""Found"",""clause_13"":""Found"",""clause_14"":""Not Found"",""clause_15"":""Not Found"",""clause_16"":""Found"",""clause_17"":""Found"",""clause_18"":""Found"",""clause_19"":""Not Found"",""clause_20"":""Not Found"",""deduction_type_1"":""Brokerage"",""deduction_percentage_1"":""20%"",""deduction_type_2"":""Commission"",""deduction_percentage_2"":""15%"",""deduction_type_3"":""Administrative Fee"",""deduction_percentage_3"":""5%"",""riskcode1"":""P3"",""riskcode1_percentage_1"":""100%"",""leader_overall"":""ABC Syndicate"",""Polreference"":"" "",""written_line_ref"":"" ""}",{}
JIR-1753618408533-2occtuw7,Slip - Reference: AB12321223132QWQWQW,jira,pending_approval,2,7,XSX-4138,2025-07-27T12:13:28.533Z,2025-07-27T12:14:19.095Z,"{""contact_role"":""ABC Private Limited"",""title"":""Y"",""re_assured_name"":""John Doe"",""re_assured_main"":""Y"",""inception_date"":""01/01/2025"",""expiry_date"":""31/12/2025"",""settlement_due_date"":""30/03/2025"",""limit_amount"":""10,000,000.00"",""limit_currency"":""USD"",""limit_basis"":""PER OCC"",""deductible_amount"":""10,000.00"",""deductible_currency"":""USD"",""deductible_basis"":""PER OCC"",""tiv_amount_1"":""284,860,219.00"",""tiv_currency_1"":""USD"",""tiv_amount_2"":""1,045,000.00"",""tiv_currency_2"":""USD"",""clause_1"":""Found"",""clause_2"":""Found"",""clause_3"":""Found"",""clause_4"":""Found"",""clause_5"":""Found"",""clause_6"":""Not Found"",""clause_7"":""Found"",""clause_8"":""Found"",""clause_9"":""Found"",""clause_10"":""Found"",""clause_11"":""Found"",""clause_12"":""Found"",""clause_13"":""Found"",""clause_14"":""Not Found"",""clause_15"":""Not Found"",""clause_16"":""Found"",""clause_17"":""Found"",""clause_18"":""Found"",""clause_19"":""Not Found"",""clause_20"":""Not Found"",""deduction_type_1"":""Brokerage"",""deduction_percentage_1"":""20%"",""deduction_type_2"":""Commission"",""deduction_percentage_2"":""15%"",""deduction_type_3"":""Administrative Fee"",""deduction_percentage_3"":""5%"",""riskcode1"":""P3"",""riskcode1_percentage_1"":""100%"",""leader_overall"":""ABC Syndicate"",""Polreference"":"" "",""written_line_ref"":"" ""}",{}
JIR-1753619890979-kpu8b4ub,dfsfsds,jira,pending_data_extraction,1,7,XSX-4140,2025-07-27T12:38:10.980Z,2025-07-27T12:38:19.469Z,{},{}
JIR-1753619896208-owd7ocak,dfsfsds,jira,pending_approval,3,7,XSX-4140,2025-07-27T12:38:16.208Z,2025-07-28T04:11:02.543Z,"{""contact_role"":""ABC Private Limited"",""title"":""Y"",""re_assured_name"":""John Doe"",""re_assured_main"":""Y"",""inception_date"":""01/01/2025"",""expiry_date"":""31/12/2025"",""settlement_due_date"":""30/03/2025"",""limit_amount"":""10,000,000.00"",""limit_currency"":""USD"",""limit_basis"":""PER OCC"",""deductible_amount"":""10,000.00"",""deductible_currency"":""USD"",""deductible_basis"":""PER OCC"",""tiv_amount_1"":""284,860,219.00"",""tiv_currency_1"":""USD"",""tiv_amount_2"":""1,045,000.00"",""tiv_currency_2"":""USD"",""clause_1"":""Found"",""clause_2"":""Found"",""clause_3"":""Found"",""clause_4"":""Found"",""clause_5"":""Found"",""clause_6"":""Not Found"",""clause_7"":""Found"",""clause_8"":""Found"",""clause_9"":""Found"",""clause_10"":""Found"",""clause_11"":""Found"",""clause_12"":""Found"",""clause_13"":""Found"",""clause_14"":""Not Found"",""clause_15"":""Not Found"",""clause_16"":""Found"",""clause_17"":""Found"",""clause_18"":""Found"",""clause_19"":""Not Found"",""clause_20"":""Not Found"",""deduction_type_1"":""Brokerage"",""deduction_percentage_1"":""20%"",""deduction_type_2"":""Commission"",""deduction_percentage_2"":""15%"",""deduction_type_3"":""Administrative Fee"",""deduction_percentage_3"":""5%"",""riskcode1"":""P3"",""riskcode1_percentage_1"":""100%"",""leader_overall"":""ABC Syndicate"",""Polreference"":"" "",""written_line_ref"":"" ""}",{}
JIR-1753677617188-fmqjmi8a,dfsfsds,jira,pending_human_response,2,7,XSX-4140,2025-07-28T04:40:17.188Z,2025-07-28T04:43:00.881Z,"{""contact_role"":""ABC Private Limited"",""title"":""Y"",""re_assured_name"":""John Doe"",""re_assured_main"":""Y"",""inception_date"":""01/01/2025"",""expiry_date"":""31/12/2025"",""settlement_due_date"":""30/03/2025"",""limit_amount"":""10,000,000.00"",""limit_currency"":""USD"",""limit_basis"":""PER OCC"",""deductible_amount"":""10,000.00"",""deductible_currency"":""USD"",""deductible_basis"":""PER OCC"",""tiv_amount_1"":""284,860,219.00"",""tiv_currency_1"":""USD"",""tiv_amount_2"":""1,045,000.00"",""tiv_currency_2"":""USD"",""clause_1"":""Found"",""clause_2"":""Found"",""clause_3"":""Found"",""clause_4"":""Found"",""clause_5"":""Found"",""clause_6"":""Not Found"",""clause_7"":""Found"",""clause_8"":""Found"",""clause_9"":""Found"",""clause_10"":""Found"",""clause_11"":""Found"",""clause_12"":""Found"",""clause_13"":""Found"",""clause_14"":""Not Found"",""clause_15"":""Not Found"",""clause_16"":""Found"",""clause_17"":""Found"",""clause_18"":""Found"",""clause_19"":""Not Found"",""clause_20"":""Not Found"",""deduction_type_1"":""Brokerage"",""deduction_percentage_1"":""20%"",""deduction_type_2"":""Commission"",""deduction_percentage_2"":""15%"",""deduction_type_3"":""Administrative Fee"",""deduction_percentage_3"":""5%"",""riskcode1"":""P3"",""riskcode1_percentage_1"":""100%"",""leader_overall"":""ABC Syndicate"",""Polreference"":"" "",""written_line_ref"":"" ""}",{}
JIR-1753677873254-llvdux29,dfsfsds,jira,pending_data_extraction,1,7,XSX-4140,2025-07-28T04:44:33.254Z,2025-07-28T04:44:41.376Z,{},{}
JIR-1753677989187-armcb3pz,dfsfsds,jira,pending_data_extraction,1,7,XSX-4140,2025-07-28T04:46:29.187Z,2025-07-28T04:46:37.325Z,{},{}
JIR-1753678018495-5cew8vpe,dfsfsds,jira,pending_approval,2,7,XSX-4140,2025-07-28T04:46:58.495Z,2025-07-28T05:00:14.480Z,"{""contact_role"":""ABC Private Limited"",""title"":""Y"",""re_assured_name"":""John Doe"",""re_assured_main"":""Y"",""inception_date"":""01/01/2025"",""expiry_date"":""31/12/2025"",""settlement_due_date"":""30/03/2025"",""limit_amount"":""10,000,000.00"",""limit_currency"":""USD"",""limit_basis"":""PER OCC"",""deductible_amount"":""10,000.00"",""deductible_currency"":""USD"",""deductible_basis"":""PER OCC"",""tiv_amount_1"":""284,860,219.00"",""tiv_currency_1"":""USD"",""tiv_amount_2"":""1,045,000.00"",""tiv_currency_2"":""USD"",""clause_1"":""Found"",""clause_2"":""Found"",""clause_3"":""Found"",""clause_4"":""Found"",""clause_5"":""Found"",""clause_6"":""Not Found"",""clause_7"":""Found"",""clause_8"":""Found"",""clause_9"":""Found"",""clause_10"":""Found"",""clause_11"":""Found"",""clause_12"":""Found"",""clause_13"":""Found"",""clause_14"":""Not Found"",""clause_15"":""Not Found"",""clause_16"":""Found"",""clause_17"":""Found"",""clause_18"":""Found"",""clause_19"":""Not Found"",""clause_20"":""Not Found"",""deduction_type_1"":""Brokerage"",""deduction_percentage_1"":""20%"",""deduction_type_2"":""Commission"",""deduction_percentage_2"":""15%"",""deduction_type_3"":""Administrative Fee"",""deduction_percentage_3"":""5%"",""riskcode1"":""P3"",""riskcode1_percentage_1"":""100%"",""leader_overall"":""ABC Syndicate"",""Polreference"":"" "",""written_line_ref"":"" ""}",{}
JIR-1753679685557-p9amtt4y,dfsfsds,jira,pending_data_extraction,1,7,XSX-4140,2025-07-28T05:14:45.557Z,2025-07-28T05:14:54.518Z,{},{}
JIR-1753680926392-w2rqjn59,dfsfsds,jira,pending_approval,2,7,XSX-4140,2025-07-28T05:35:26.392Z,2025-07-28T05:38:01.657Z,"{""contact_role"":""ABC Private Limited"",""title"":""Y"",""re_assured_name"":""John Doe"",""re_assured_main"":""Y"",""inception_date"":""01/01/2025"",""expiry_date"":""31/12/2025"",""settlement_due_date"":""30/03/2025"",""limit_amount"":""10,000,000.00"",""limit_currency"":""USD"",""limit_basis"":""PER OCC"",""deductible_amount"":""10,000.00"",""deductible_currency"":""USD"",""deductible_basis"":""PER OCC"",""tiv_amount_1"":""284,860,219.00"",""tiv_currency_1"":""USD"",""tiv_amount_2"":""1,045,000.00"",""tiv_currency_2"":""USD"",""clause_1"":""Found"",""clause_2"":""Found"",""clause_3"":""Found"",""clause_4"":""Found"",""clause_5"":""Found"",""clause_6"":""Not Found"",""clause_7"":""Found"",""clause_8"":""Found"",""clause_9"":""Found"",""clause_10"":""Found"",""clause_11"":""Found"",""clause_12"":""Found"",""clause_13"":""Found"",""clause_14"":""Not Found"",""clause_15"":""Not Found"",""clause_16"":""Found"",""clause_17"":""Found"",""clause_18"":""Found"",""clause_19"":""Not Found"",""clause_20"":""Not Found"",""deduction_type_1"":""Brokerage"",""deduction_percentage_1"":""20%"",""deduction_type_2"":""Commission"",""deduction_percentage_2"":""15%"",""deduction_type_3"":""Administrative Fee"",""deduction_percentage_3"":""5%"",""riskcode1"":""P3"",""riskcode1_percentage_1"":""100%"",""leader_overall"":""ABC Syndicate"",""Polreference"":"" "",""written_line_ref"":"" ""}",{}
JIR-1753681124035-nvl9emhc,dfsfsds,jira,pending_data_extraction,1,7,XSX-4140,2025-07-28T05:38:44.035Z,2025-07-28T05:38:52.501Z,{},{}
JIR-1753681186004-ioymg04k,dfsfsds,jira,completed,7,7,XSX-4140,2025-07-28T05:39:46.004Z,2025-07-28T05:55:05.011Z,"{""contact_role"":""ABC Private Limited"",""title"":""Y"",""re_assured_name"":""John Doe"",""re_assured_main"":""Y"",""inception_date"":""01/01/2025"",""expiry_date"":""31/12/2025"",""settlement_due_date"":""30/03/2025"",""limit_amount"":""10,000,000.00"",""limit_currency"":""USD"",""limit_basis"":""PER OCC"",""deductible_amount"":""10,000.00"",""deductible_currency"":""USD"",""deductible_basis"":""PER OCC"",""tiv_amount_1"":""284,860,219.00"",""tiv_currency_1"":""USD"",""tiv_amount_2"":""1,045,000.00"",""tiv_currency_2"":""USD"",""clause_1"":""Found"",""clause_2"":""Found"",""clause_3"":""Found"",""clause_4"":""Found"",""clause_5"":""Found"",""clause_6"":""Not Found"",""clause_7"":""Found"",""clause_8"":""Found"",""clause_9"":""Found"",""clause_10"":""Found"",""clause_11"":""Found"",""clause_12"":""Found"",""clause_13"":""Found"",""clause_14"":""Not Found"",""clause_15"":""Not Found"",""clause_16"":""Found"",""clause_17"":""Found"",""clause_18"":""Found"",""clause_19"":""Not Found"",""clause_20"":""Not Found"",""deduction_type_1"":""Brokerage"",""deduction_percentage_1"":""20%"",""deduction_type_2"":""Commission"",""deduction_percentage_2"":""15%"",""deduction_type_3"":""Administrative Fee"",""deduction_percentage_3"":""5%"",""riskcode1"":""P3"",""riskcode1_percentage_1"":""100%"",""leader_overall"":""ABC Syndicate"",""Polreference"":"" "",""written_line_ref"":"" ""}",{}
JIR-1753871612802-m9fh6g7t,hkhkjjhk,jira,pending_data_extraction,3,7,XSX-4147,2025-07-30T10:33:32.802Z,2025-07-30T10:38:45.017Z,"{""contact_role"":""ABC Private Limited"",""title"":""Y"",""re_assured_name"":""John Doe"",""re_assured_main"":""Y"",""inception_date"":""01/01/2025"",""expiry_date"":""31/12/2025"",""settlement_due_date"":""30/03/2025"",""limit_amount"":""10,000,000.00"",""limit_currency"":""USD"",""limit_basis"":""PER OCC"",""deductible_amount"":""10,000.00"",""deductible_currency"":""USD"",""deductible_basis"":""PER OCC"",""tiv_amount_1"":""284,860,219.00"",""tiv_currency_1"":""USD"",""tiv_amount_2"":""1,045,000.00"",""tiv_currency_2"":""USD"",""clause_1"":""Found"",""clause_2"":""Found"",""clause_3"":""Found"",""clause_4"":""Found"",""clause_5"":""Found"",""clause_6"":""Not Found"",""clause_7"":""Found"",""clause_8"":""Found"",""clause_9"":""Found"",""clause_10"":""Found"",""clause_11"":""Found"",""clause_12"":""Found"",""clause_13"":""Found"",""clause_14"":""Not Found"",""clause_15"":""Not Found"",""clause_16"":""Found"",""clause_17"":""Found"",""clause_18"":""Found"",""clause_19"":""Not Found"",""clause_20"":""Not Found"",""deduction_type_1"":""Brokerage"",""deduction_percentage_1"":""20%"",""deduction_type_2"":""Commission"",""deduction_percentage_2"":""15%"",""deduction_type_3"":""Administrative Fee"",""deduction_percentage_3"":""5%"",""riskcode1"":""P3"",""riskcode1_percentage_1"":""100%"",""leader_overall"":""ABC Syndicate"",""Polreference"":"" "",""written_line_ref"":"" ""}",{}
JIR-1753871941934-i4qm4ig3,Fresh Test Quality Assurance Jira Posting,jira_workflow,pending_approval,2,7,XSX-4147,2025-07-30T10:39:01.934Z,2025-07-30T10:39:41.387Z,{},{}
JIR-1753871985232-hrqjy8fx,sfsdf,jira,pending_human_response,2,7,XSX-4146,2025-07-30T10:39:45.232Z,2025-07-30T10:40:40.317Z,"{""contact_role"":""ABC Private Limited"",""title"":""Y"",""re_assured_name"":""John Doe"",""re_assured_main"":""Y"",""inception_date"":""01/01/2025"",""expiry_date"":""31/12/2025"",""settlement_due_date"":""30/03/2025"",""limit_amount"":""10,000,000.00"",""limit_currency"":""USD"",""limit_basis"":""PER OCC"",""deductible_amount"":""10,000.00"",""deductible_currency"":""USD"",""deductible_basis"":""PER OCC"",""tiv_amount_1"":""284,860,219.00"",""tiv_currency_1"":""USD"",""tiv_amount_2"":""1,045,000.00"",""tiv_currency_2"":""USD"",""clause_1"":""Found"",""clause_2"":""Found"",""clause_3"":""Found"",""clause_4"":""Found"",""clause_5"":""Found"",""clause_6"":""Not Found"",""clause_7"":""Found"",""clause_8"":""Found"",""clause_9"":""Found"",""clause_10"":""Found"",""clause_11"":""Found"",""clause_12"":""Found"",""clause_13"":""Found"",""clause_14"":""Not Found"",""clause_15"":""Not Found"",""clause_16"":""Found"",""clause_17"":""Found"",""clause_18"":""Found"",""clause_19"":""Not Found"",""clause_20"":""Not Found"",""deduction_type_1"":""Brokerage"",""deduction_percentage_1"":""20%"",""deduction_type_2"":""Commission"",""deduction_percentage_2"":""15%"",""deduction_type_3"":""Administrative Fee"",""deduction_percentage_3"":""5%"",""riskcode1"":""P3"",""riskcode1_percentage_1"":""100%"",""leader_overall"":""ABC Syndicate"",""Polreference"":"" "",""written_line_ref"":"" ""}",{}
JIR-1753872134864-sgxz8kjq,New Test for Quality Assurance Jira Posting,jira_workflow,pending_approval,2,7,XSX-4147,2025-07-30T10:42:14.864Z,2025-07-30T10:42:45.380Z,{},{}
JIR-1753872196697-o9zws371,eqweqwioewqeq,jira,running,2,7,XSX-4148,2025-07-30T10:43:16.697Z,2025-07-30T10:44:34.224Z,"{""contact_role"":""ABC Private Limited"",""title"":""Y"",""re_assured_name"":""John Doe"",""re_assured_main"":""Y"",""inception_date"":""01/01/2025"",""expiry_date"":""31/12/2025"",""settlement_due_date"":""30/03/2025"",""limit_amount"":""10,000,000.00"",""limit_currency"":""USD"",""limit_basis"":""PER OCC"",""deductible_amount"":""10,000.00"",""deductible_currency"":""USD"",""deductible_basis"":""PER OCC"",""tiv_amount_1"":""284,860,219.00"",""tiv_currency_1"":""USD"",""tiv_amount_2"":""1,045,000.00"",""tiv_currency_2"":""USD"",""clause_1"":""Found"",""clause_2"":""Found"",""clause_3"":""Found"",""clause_4"":""Found"",""clause_5"":""Found"",""clause_6"":""Not Found"",""clause_7"":""Found"",""clause_8"":""Found"",""clause_9"":""Found"",""clause_10"":""Found"",""clause_11"":""Found"",""clause_12"":""Found"",""clause_13"":""Found"",""clause_14"":""Not Found"",""clause_15"":""Not Found"",""clause_16"":""Found"",""clause_17"":""Found"",""clause_18"":""Found"",""clause_19"":""Not Found"",""clause_20"":""Not Found"",""deduction_type_1"":""Brokerage"",""deduction_percentage_1"":""20%"",""deduction_type_2"":""Commission"",""deduction_percentage_2"":""15%"",""deduction_type_3"":""Administrative Fee"",""deduction_percentage_3"":""5%"",""riskcode1"":""P3"",""riskcode1_percentage_1"":""100%"",""leader_overall"":""ABC Syndicate"",""Polreference"":"" "",""written_line_ref"":"" ""}",{}
JIR-1753872442832-t4kkebs3,dasdsa,jira,pending_approval,5,7,XSX-4149,2025-07-30T10:47:22.832Z,2025-07-30T10:48:59.265Z,"{""contact_role"":""ABC Private Limited"",""title"":""Y"",""re_assured_name"":""John Doe"",""re_assured_main"":""Y"",""inception_date"":""01/01/2025"",""expiry_date"":""31/12/2025"",""settlement_due_date"":""30/03/2025"",""limit_amount"":""10,000,000.00"",""limit_currency"":""USD"",""limit_basis"":""PER OCC"",""deductible_amount"":""10,000.00"",""deductible_currency"":""USD"",""deductible_basis"":""PER OCC"",""tiv_amount_1"":""284,860,219.00"",""tiv_currency_1"":""USD"",""tiv_amount_2"":""1,045,000.00"",""tiv_currency_2"":""USD"",""clause_1"":""Found"",""clause_2"":""Found"",""clause_3"":""Found"",""clause_4"":""Found"",""clause_5"":""Found"",""clause_6"":""Not Found"",""clause_7"":""Found"",""clause_8"":""Found"",""clause_9"":""Found"",""clause_10"":""Found"",""clause_11"":""Found"",""clause_12"":""Found"",""clause_13"":""Found"",""clause_14"":""Not Found"",""clause_15"":""Not Found"",""clause_16"":""Found"",""clause_17"":""Found"",""clause_18"":""Found"",""clause_19"":""Not Found"",""clause_20"":""Not Found"",""deduction_type_1"":""Brokerage"",""deduction_percentage_1"":""20%"",""deduction_type_2"":""Commission"",""deduction_percentage_2"":""15%"",""deduction_type_3"":""Administrative Fee"",""deduction_percentage_3"":""5%"",""riskcode1"":""P3"",""riskcode1_percentage_1"":""100%"",""leader_overall"":""ABC Syndicate"",""Polreference"":"" "",""written_line_ref"":"" ""}",{}
JIR-1753872564689-ck3glw88,dasdsa,jira,pending_approval,2,7,XSX-4149,2025-07-30T10:49:24.690Z,2025-07-30T10:50:11.733Z,"{""contact_role"":""ABC Private Limited"",""title"":""Y"",""re_assured_name"":""John Doe"",""re_assured_main"":""Y"",""inception_date"":""01/01/2025"",""expiry_date"":""31/12/2025"",""settlement_due_date"":""30/03/2025"",""limit_amount"":""10,000,000.00"",""limit_currency"":""USD"",""limit_basis"":""PER OCC"",""deductible_amount"":""10,000.00"",""deductible_currency"":""USD"",""deductible_basis"":""PER OCC"",""tiv_amount_1"":""284,860,219.00"",""tiv_currency_1"":""USD"",""tiv_amount_2"":""1,045,000.00"",""tiv_currency_2"":""USD"",""clause_1"":""Found"",""clause_2"":""Found"",""clause_3"":""Found"",""clause_4"":""Found"",""clause_5"":""Found"",""clause_6"":""Not Found"",""clause_7"":""Found"",""clause_8"":""Found"",""clause_9"":""Found"",""clause_10"":""Found"",""clause_11"":""Found"",""clause_12"":""Found"",""clause_13"":""Found"",""clause_14"":""Not Found"",""clause_15"":""Not Found"",""clause_16"":""Found"",""clause_17"":""Found"",""clause_18"":""Found"",""clause_19"":""Not Found"",""clause_20"":""Not Found"",""deduction_type_1"":""Brokerage"",""deduction_percentage_1"":""20%"",""deduction_type_2"":""Commission"",""deduction_percentage_2"":""15%"",""deduction_type_3"":""Administrative Fee"",""deduction_percentage_3"":""5%"",""riskcode1"":""P3"",""riskcode1_percentage_1"":""100%"",""leader_overall"":""ABC Syndicate"",""Polreference"":"" "",""written_line_ref"":"" ""}",{}
JIR-1753872930151-9u0h1b1q,dadasdsdasdasdasd,jira,completed,7,7,XSX-4150,2025-07-30T10:55:30.151Z,2025-07-30T10:57:25.258Z,"{""contact_role"":""ABC Private Limited"",""title"":""Y"",""re_assured_name"":""John Doe"",""re_assured_main"":""Y"",""inception_date"":""01/01/2025"",""expiry_date"":""31/12/2025"",""settlement_due_date"":""30/03/2025"",""limit_amount"":""10,000,000.00"",""limit_currency"":""USD"",""limit_basis"":""PER OCC"",""deductible_amount"":""10,000.00"",""deductible_currency"":""USD"",""deductible_basis"":""PER OCC"",""tiv_amount_1"":""284,860,219.00"",""tiv_currency_1"":""USD"",""tiv_amount_2"":""1,045,000.00"",""tiv_currency_2"":""USD"",""clause_1"":""Found"",""clause_2"":""Found"",""clause_3"":""Found"",""clause_4"":""Found"",""clause_5"":""Found"",""clause_6"":""Not Found"",""clause_7"":""Found"",""clause_8"":""Found"",""clause_9"":""Found"",""clause_10"":""Found"",""clause_11"":""Found"",""clause_12"":""Found"",""clause_13"":""Found"",""clause_14"":""Not Found"",""clause_15"":""Not Found"",""clause_16"":""Found"",""clause_17"":""Found"",""clause_18"":""Found"",""clause_19"":""Not Found"",""clause_20"":""Not Found"",""deduction_type_1"":""Brokerage"",""deduction_percentage_1"":""20%"",""deduction_type_2"":""Commission"",""deduction_percentage_2"":""15%"",""deduction_type_3"":""Administrative Fee"",""deduction_percentage_3"":""5%"",""riskcode1"":""P3"",""riskcode1_percentage_1"":""100%"",""leader_overall"":""ABC Syndicate"",""Polreference"":"" "",""written_line_ref"":"" ""}",{}
JIR-1753873503103-hek5c9qf,AWS Credentials Test,jira_workflow,pending_approval,2,7,XSX-4151,2025-07-30T11:05:03.103Z,2025-07-30T11:05:33.077Z,{},{}
JIR-1753873619572-dq8492sp,Updated AWS Test,jira_workflow,pending_approval,2,7,XSX-4152,2025-07-30T11:06:59.572Z,2025-07-30T11:07:26.439Z,{},{}
JIR-1753874478942-79w9vw5n,XSX-4152 Jira Workflow,jira_workflow,pending_data_extraction,0,7,XSX-4152,2025-07-30T11:21:18.944Z,2025-07-30T11:21:27.711Z,{},{}
JIR-1753874543644-wuj7spad,kmllkl,jira,pending_approval,5,7,XSX-4153,2025-07-30T11:22:23.644Z,2025-07-30T11:23:41.607Z,"{""contact_role"":""ABC Private Limited"",""title"":""Y"",""re_assured_name"":""John Doe"",""re_assured_main"":""Y"",""inception_date"":""01/01/2025"",""expiry_date"":""31/12/2025"",""settlement_due_date"":""30/03/2025"",""limit_amount"":""10,000,000.00"",""limit_currency"":""USD"",""limit_basis"":""PER OCC"",""deductible_amount"":""10,000.00"",""deductible_currency"":""USD"",""deductible_basis"":""PER OCC"",""tiv_amount_1"":""284,860,219.00"",""tiv_currency_1"":""USD"",""tiv_amount_2"":""1,045,000.00"",""tiv_currency_2"":""USD"",""clause_1"":""Found"",""clause_2"":""Found"",""clause_3"":""Found"",""clause_4"":""Found"",""clause_5"":""Found"",""clause_6"":""Not Found"",""clause_7"":""Found"",""clause_8"":""Found"",""clause_9"":""Found"",""clause_10"":""Found"",""clause_11"":""Found"",""clause_12"":""Found"",""clause_13"":""Found"",""clause_14"":""Not Found"",""clause_15"":""Not Found"",""clause_16"":""Found"",""clause_17"":""Found"",""clause_18"":""Found"",""clause_19"":""Not Found"",""clause_20"":""Not Found"",""deduction_type_1"":""Brokerage"",""deduction_percentage_1"":""20%"",""deduction_type_2"":""Commission"",""deduction_percentage_2"":""15%"",""deduction_type_3"":""Administrative Fee"",""deduction_percentage_3"":""5%"",""riskcode1"":""P3"",""riskcode1_percentage_1"":""100%"",""leader_overall"":""ABC Syndicate"",""Polreference"":"" "",""written_line_ref"":"" ""}",{}
JIR-1753874688164-9yzp2jjw,fsdfsdfsdfsd,jira,pending_approval,5,7,XSX-4154,2025-07-30T11:24:48.165Z,2025-07-30T11:26:34.513Z,"{""contact_role"":""ABC Private Limited"",""title"":""Y"",""re_assured_name"":""John Doe"",""re_assured_main"":""Y"",""inception_date"":""01/01/2025"",""expiry_date"":""31/12/2025"",""settlement_due_date"":""30/03/2025"",""limit_amount"":""10,000,000.00"",""limit_currency"":""USD"",""limit_basis"":""PER OCC"",""deductible_amount"":""10,000.00"",""deductible_currency"":""USD"",""deductible_basis"":""PER OCC"",""tiv_amount_1"":""284,860,219.00"",""tiv_currency_1"":""USD"",""tiv_amount_2"":""1,045,000.00"",""tiv_currency_2"":""USD"",""clause_1"":""Found"",""clause_2"":""Found"",""clause_3"":""Found"",""clause_4"":""Found"",""clause_5"":""Found"",""clause_6"":""Not Found"",""clause_7"":""Found"",""clause_8"":""Found"",""clause_9"":""Found"",""clause_10"":""Found"",""clause_11"":""Found"",""clause_12"":""Found"",""clause_13"":""Found"",""clause_14"":""Not Found"",""clause_15"":""Not Found"",""clause_16"":""Found"",""clause_17"":""Found"",""clause_18"":""Found"",""clause_19"":""Not Found"",""clause_20"":""Not Found"",""deduction_type_1"":""Brokerage"",""deduction_percentage_1"":""20%"",""deduction_type_2"":""Commission"",""deduction_percentage_2"":""15%"",""deduction_type_3"":""Administrative Fee"",""deduction_percentage_3"":""5%"",""riskcode1"":""P3"",""riskcode1_percentage_1"":""100%"",""leader_overall"":""ABC Syndicate"",""Polreference"":"" "",""written_line_ref"":"" ""}",{}
JIR-1753878889114-99jrjqke,XSX-4155 Slip Processing,jira_workflow,pending_data_extraction,1,7,XSX-4155,2025-07-30T12:34:49.115Z,2025-07-30T12:34:58.708Z,{},{}
JIR-1753879075465-ycfs3ym5,XSX-4155 Quality Assurance,jira_workflow,pending_approval,2,7,XSX-4155,2025-07-30T12:37:55.465Z,2025-07-30T12:38:18.397Z,{},{}
JIR-1753879221560-va7slyt3,XSX-4155 Fixed Demo,jira_workflow,pending_approval,2,7,XSX-4155,2025-07-30T12:40:21.560Z,2025-07-30T12:41:14.323Z,{},{}
JIR-1753879738631-5vm1d0wv,XSX-4155 JIRA INTEGRATION FIXED,jira_workflow,pending_data_extraction,1,7,XSX-4155,2025-07-30T12:48:58.631Z,2025-07-30T12:49:07.094Z,{},{}
JIR-1753879922156-rragynro,dasda,jira,pending_approval,5,7,XSX-4156,2025-07-30T12:52:02.156Z,2025-07-30T12:53:35.202Z,"{""contact_role"":""ABC Private Limited"",""title"":""Y"",""re_assured_name"":""John Doe"",""re_assured_main"":""Y"",""inception_date"":""01/01/2025"",""expiry_date"":""31/12/2025"",""settlement_due_date"":""30/03/2025"",""limit_amount"":""10,000,000.00"",""limit_currency"":""USD"",""limit_basis"":""PER OCC"",""deductible_amount"":""10,000.00"",""deductible_currency"":""USD"",""deductible_basis"":""PER OCC"",""tiv_amount_1"":""284,860,219.00"",""tiv_currency_1"":""USD"",""tiv_amount_2"":""1,045,000.00"",""tiv_currency_2"":""USD"",""clause_1"":""Found"",""clause_2"":""Found"",""clause_3"":""Found"",""clause_4"":""Found"",""clause_5"":""Found"",""clause_6"":""Not Found"",""clause_7"":""Found"",""clause_8"":""Found"",""clause_9"":""Found"",""clause_10"":""Found"",""clause_11"":""Found"",""clause_12"":""Found"",""clause_13"":""Found"",""clause_14"":""Not Found"",""clause_15"":""Not Found"",""clause_16"":""Found"",""clause_17"":""Found"",""clause_18"":""Found"",""clause_19"":""Not Found"",""clause_20"":""Not Found"",""deduction_type_1"":""Brokerage"",""deduction_percentage_1"":""20%"",""deduction_type_2"":""Commission"",""deduction_percentage_2"":""15%"",""deduction_type_3"":""Administrative Fee"",""deduction_percentage_3"":""5%"",""riskcode1"":""P3"",""riskcode1_percentage_1"":""100%"",""leader_overall"":""ABC Syndicate"",""Polreference"":"" "",""written_line_ref"":"" ""}",{}
JIR-1753880607155-cvqwnnhv,Slip - Reference: AB12321223132,jira,completed,7,7,XSX-4158,2025-07-30T13:03:27.155Z,2025-07-30T13:06:04.541Z,"{""contact_role"":""ABC Private Limited"",""title"":""Y"",""re_assured_name"":""John Doe"",""re_assured_main"":""Y"",""inception_date"":""01/01/2025"",""expiry_date"":""31/12/2025"",""settlement_due_date"":""30/03/2025"",""limit_amount"":""10,000,000.00"",""limit_currency"":""USD"",""limit_basis"":""PER OCC"",""deductible_amount"":""10,000.00"",""deductible_currency"":""USD"",""deductible_basis"":""PER OCC"",""tiv_amount_1"":""284,860,219.00"",""tiv_currency_1"":""USD"",""tiv_amount_2"":""1,045,000.00"",""tiv_currency_2"":""USD"",""clause_1"":""Found"",""clause_2"":""Found"",""clause_3"":""Found"",""clause_4"":""Found"",""clause_5"":""Found"",""clause_6"":""Not Found"",""clause_7"":""Found"",""clause_8"":""Found"",""clause_9"":""Found"",""clause_10"":""Found"",""clause_11"":""Found"",""clause_12"":""Found"",""clause_13"":""Found"",""clause_14"":""Not Found"",""clause_15"":""Not Found"",""clause_16"":""Found"",""clause_17"":""Found"",""clause_18"":""Found"",""clause_19"":""Not Found"",""clause_20"":""Not Found"",""deduction_type_1"":""Brokerage"",""deduction_percentage_1"":""20%"",""deduction_type_2"":""Commission"",""deduction_percentage_2"":""15%"",""deduction_type_3"":""Administrative Fee"",""deduction_percentage_3"":""5%"",""riskcode1"":""P3"",""riskcode1_percentage_1"":""100%"",""leader_overall"":""ABC Syndicate"",""Polreference"":"" "",""written_line_ref"":"" ""}",{}
JIR-1753881605352-mgp03c62,Slip - Refrence: B2121213312,jira,completed,7,7,XSX-4159,2025-07-30T13:20:05.352Z,2025-07-30T13:26:33.717Z,"{""contact_role"":""ABC Private Limited"",""title"":""Y"",""re_assured_name"":""John Doe"",""re_assured_main"":""Y"",""inception_date"":""01/01/2025"",""expiry_date"":""31/12/2025"",""settlement_due_date"":""30/03/2025"",""limit_amount"":""10,000,000.00"",""limit_currency"":""USD"",""limit_basis"":""PER OCC"",""deductible_amount"":""10,000.00"",""deductible_currency"":""USD"",""deductible_basis"":""PER OCC"",""tiv_amount_1"":""284,860,219.00"",""tiv_currency_1"":""USD"",""tiv_amount_2"":""1,045,000.00"",""tiv_currency_2"":""USD"",""clause_1"":""Found"",""clause_2"":""Found"",""clause_3"":""Found"",""clause_4"":""Found"",""clause_5"":""Found"",""clause_6"":""Not Found"",""clause_7"":""Found"",""clause_8"":""Found"",""clause_9"":""Found"",""clause_10"":""Found"",""clause_11"":""Found"",""clause_12"":""Found"",""clause_13"":""Found"",""clause_14"":""Not Found"",""clause_15"":""Not Found"",""clause_16"":""Found"",""clause_17"":""Found"",""clause_18"":""Found"",""clause_19"":""Not Found"",""clause_20"":""Not Found"",""deduction_type_1"":""Brokerage"",""deduction_percentage_1"":""20%"",""deduction_type_2"":""Commission"",""deduction_percentage_2"":""15%"",""deduction_type_3"":""Administrative Fee"",""deduction_percentage_3"":""5%"",""riskcode1"":""P3"",""riskcode1_percentage_1"":""100%"",""leader_overall"":""ABC Syndicate"",""Polreference"":"" "",""written_line_ref"":"" ""}",{}
JIR-1753882642215-eze5zebd,Slip - Reference: AB12321223132,jira,completed,7,7,XSX-4160,2025-07-30T13:37:22.215Z,2025-07-30T13:39:37.120Z,"{""contact_role"":""ABC Private Limited"",""title"":""Y"",""re_assured_name"":""John Doe"",""re_assured_main"":""Y"",""inception_date"":""01/01/2025"",""expiry_date"":""31/12/2025"",""settlement_due_date"":""30/03/2025"",""limit_amount"":""10,000,000.00"",""limit_currency"":""USD"",""limit_basis"":""PER OCC"",""deductible_amount"":""10,000.00"",""deductible_currency"":""USD"",""deductible_basis"":""PER OCC"",""tiv_amount_1"":""284,860,219.00"",""tiv_currency_1"":""USD"",""tiv_amount_2"":""1,045,000.00"",""tiv_currency_2"":""USD"",""clause_1"":""Found"",""clause_2"":""Found"",""clause_3"":""Found"",""clause_4"":""Found"",""clause_5"":""Found"",""clause_6"":""Not Found"",""clause_7"":""Found"",""clause_8"":""Found"",""clause_9"":""Found"",""clause_10"":""Found"",""clause_11"":""Found"",""clause_12"":""Found"",""clause_13"":""Found"",""clause_14"":""Not Found"",""clause_15"":""Not Found"",""clause_16"":""Found"",""clause_17"":""Found"",""clause_18"":""Found"",""clause_19"":""Not Found"",""clause_20"":""Not Found"",""deduction_type_1"":""Brokerage"",""deduction_percentage_1"":""20%"",""deduction_type_2"":""Commission"",""deduction_percentage_2"":""15%"",""deduction_type_3"":""Administrative Fee"",""deduction_percentage_3"":""5%"",""riskcode1"":""P3"",""riskcode1_percentage_1"":""100%"",""leader_overall"":""ABC Syndicate"",""Polreference"":"" "",""written_line_ref"":"" ""}",{}
JIR-1753885734914-hn7bsute,Slip - Reference: AB12321223132,jira,completed,7,7,XSX-4161,2025-07-30T14:28:54.914Z,2025-07-30T14:46:21.601Z,"{""contact_role"":""ABC Private Limited"",""title"":""Y"",""re_assured_name"":""John Doe"",""re_assured_main"":""Y"",""inception_date"":""01/01/2025"",""expiry_date"":""31/12/2025"",""settlement_due_date"":""30/03/2025"",""limit_amount"":""10,000,000.00"",""limit_currency"":""USD"",""limit_basis"":""PER OCC"",""deductible_amount"":""10,000.00"",""deductible_currency"":""USD"",""deductible_basis"":""PER OCC"",""tiv_amount_1"":""284,860,219.00"",""tiv_currency_1"":""USD"",""tiv_amount_2"":""1,045,000.00"",""tiv_currency_2"":""USD"",""clause_1"":""Found"",""clause_2"":""Found"",""clause_3"":""Found"",""clause_4"":""Found"",""clause_5"":""Found"",""clause_6"":""Not Found"",""clause_7"":""Found"",""clause_8"":""Found"",""clause_9"":""Found"",""clause_10"":""Found"",""clause_11"":""Found"",""clause_12"":""Found"",""clause_13"":""Found"",""clause_14"":""Not Found"",""clause_15"":""Not Found"",""clause_16"":""Found"",""clause_17"":""Found"",""clause_18"":""Found"",""clause_19"":""Not Found"",""clause_20"":""Not Found"",""deduction_type_1"":""Brokerage"",""deduction_percentage_1"":""20%"",""deduction_type_2"":""Commission"",""deduction_percentage_2"":""15%"",""deduction_type_3"":""Administrative Fee"",""deduction_percentage_3"":""5%"",""riskcode1"":""P3"",""riskcode1_percentage_1"":""100%"",""leader_overall"":""ABC Syndicate"",""Polreference"":"" "",""written_line_ref"":"" ""}",{}
JIR-1755006986149-dut1vzwb,JIRA TOKEN FIXED - XSX-4161,jira_workflow,pending_data_extraction,1,7,XSX-4161,2025-08-12T13:56:26.150Z,2025-08-12T13:56:34.856Z,{},{}
JIR-1755007170747-opg9ydia,MLKM,jira,pending_approval,5,7,XSX-4164,2025-08-12T13:59:30.747Z,2025-08-12T14:01:05.730Z,"{""contact_role"":""ABC Private Limited"",""title"":""Y"",""re_assured_name"":""John Doe"",""re_assured_main"":""Y"",""inception_date"":""01/01/2025"",""expiry_date"":""31/12/2025"",""settlement_due_date"":""30/03/2025"",""limit_amount"":""10,000,000.00"",""limit_currency"":""USD"",""limit_basis"":""PER OCC"",""deductible_amount"":""10,000.00"",""deductible_currency"":""USD"",""deductible_basis"":""PER OCC"",""tiv_amount_1"":""284,860,219.00"",""tiv_currency_1"":""USD"",""tiv_amount_2"":""1,045,000.00"",""tiv_currency_2"":""USD"",""clause_1"":""Found"",""clause_2"":""Found"",""clause_3"":""Found"",""clause_4"":""Found"",""clause_5"":""Found"",""clause_6"":""Not Found"",""clause_7"":""Found"",""clause_8"":""Found"",""clause_9"":""Found"",""clause_10"":""Found"",""clause_11"":""Found"",""clause_12"":""Found"",""clause_13"":""Found"",""clause_14"":""Not Found"",""clause_15"":""Not Found"",""clause_16"":""Found"",""clause_17"":""Found"",""clause_18"":""Found"",""clause_19"":""Not Found"",""clause_20"":""Not Found"",""deduction_type_1"":""Brokerage"",""deduction_percentage_1"":""20%"",""deduction_type_2"":""Commission"",""deduction_percentage_2"":""15%"",""deduction_type_3"":""Administrative Fee"",""deduction_percentage_3"":""5%"",""riskcode1"":""P3"",""riskcode1_percentage_1"":""100%"",""leader_overall"":""ABC Syndicate"",""Polreference"":"" "",""written_line_ref"":"" ""}",{}
JIR-1755012998625-dv2n5cy2,Slip - Reference: AB12321223132,jira,completed,7,7,XSX-4165,2025-08-12T15:36:38.625Z,2025-08-12T15:39:29.796Z,"{""contact_role"":""ABC Private Limited"",""title"":""Y"",""re_assured_name"":""John Doe"",""re_assured_main"":""Y"",""inception_date"":""01/01/2025"",""expiry_date"":""31/12/2025"",""settlement_due_date"":""30/03/2025"",""limit_amount"":""10,000,000.00"",""limit_currency"":""USD"",""limit_basis"":""PER OCC"",""deductible_amount"":""10,000.00"",""deductible_currency"":""USD"",""deductible_basis"":""PER OCC"",""tiv_amount_1"":""284,860,219.00"",""tiv_currency_1"":""USD"",""tiv_amount_2"":""1,045,000.00"",""tiv_currency_2"":""USD"",""clause_1"":""Found"",""clause_2"":""Found"",""clause_3"":""Found"",""clause_4"":""Found"",""clause_5"":""Found"",""clause_6"":""Not Found"",""clause_7"":""Found"",""clause_8"":""Found"",""clause_9"":""Found"",""clause_10"":""Found"",""clause_11"":""Found"",""clause_12"":""Found"",""clause_13"":""Found"",""clause_14"":""Not Found"",""clause_15"":""Not Found"",""clause_16"":""Found"",""clause_17"":""Found"",""clause_18"":""Found"",""clause_19"":""Not Found"",""clause_20"":""Not Found"",""deduction_type_1"":""Brokerage"",""deduction_percentage_1"":""20%"",""deduction_type_2"":""Commission"",""deduction_percentage_2"":""15%"",""deduction_type_3"":""Administrative Fee"",""deduction_percentage_3"":""5%"",""riskcode1"":""P3"",""riskcode1_percentage_1"":""100%"",""leader_overall"":""ABC Syndicate"",""Polreference"":"" "",""written_line_ref"":"" ""}",{}
JIR-1755013446510-z1illlkv,Slip - Reference: AB12321223132,jira,pending_human_response,2,7,XSX-4166,2025-08-12T15:44:06.510Z,2025-08-12T15:45:18.889Z,"{""contact_role"":""ABC Private Limited"",""title"":""Y"",""re_assured_name"":""John Doe"",""re_assured_main"":""Y"",""inception_date"":""01/01/2025"",""expiry_date"":""31/12/2025"",""settlement_due_date"":""30/03/2025"",""limit_amount"":""10,000,000.00"",""limit_currency"":""USD"",""limit_basis"":""PER OCC"",""deductible_amount"":""10,000.00"",""deductible_currency"":""USD"",""deductible_basis"":""PER OCC"",""tiv_amount_1"":""284,860,219.00"",""tiv_currency_1"":""USD"",""tiv_amount_2"":""1,045,000.00"",""tiv_currency_2"":""USD"",""clause_1"":""Found"",""clause_2"":""Found"",""clause_3"":""Found"",""clause_4"":""Found"",""clause_5"":""Found"",""clause_6"":""Not Found"",""clause_7"":""Found"",""clause_8"":""Found"",""clause_9"":""Found"",""clause_10"":""Found"",""clause_11"":""Found"",""clause_12"":""Found"",""clause_13"":""Found"",""clause_14"":""Not Found"",""clause_15"":""Not Found"",""clause_16"":""Found"",""clause_17"":""Found"",""clause_18"":""Found"",""clause_19"":""Not Found"",""clause_20"":""Not Found"",""deduction_type_1"":""Brokerage"",""deduction_percentage_1"":""20%"",""deduction_type_2"":""Commission"",""deduction_percentage_2"":""15%"",""deduction_type_3"":""Administrative Fee"",""deduction_percentage_3"":""5%"",""riskcode1"":""P3"",""riskcode1_percentage_1"":""100%"",""leader_overall"":""ABC Syndicate"",""Polreference"":"" "",""written_line_ref"":"" ""}",{}
JIR-1755013607353-nc9ow6qp,Slip - Reference: AB12321223132,jira,completed,7,7,XSX-4167,2025-08-12T15:46:47.353Z,2025-08-12T15:49:20.798Z,"{""contact_role"":""ABC Private Limited"",""title"":""Y"",""re_assured_name"":""John Doe"",""re_assured_main"":""Y"",""inception_date"":""01/01/2025"",""expiry_date"":""31/12/2025"",""settlement_due_date"":""30/03/2025"",""limit_amount"":""10,000,000.00"",""limit_currency"":""USD"",""limit_basis"":""PER OCC"",""deductible_amount"":""10,000.00"",""deductible_currency"":""USD"",""deductible_basis"":""PER OCC"",""tiv_amount_1"":""284,860,219.00"",""tiv_currency_1"":""USD"",""tiv_amount_2"":""1,045,000.00"",""tiv_currency_2"":""USD"",""clause_1"":""Found"",""clause_2"":""Found"",""clause_3"":""Found"",""clause_4"":""Found"",""clause_5"":""Found"",""clause_6"":""Not Found"",""clause_7"":""Found"",""clause_8"":""Found"",""clause_9"":""Found"",""clause_10"":""Found"",""clause_11"":""Found"",""clause_12"":""Found"",""clause_13"":""Found"",""clause_14"":""Not Found"",""clause_15"":""Not Found"",""clause_16"":""Found"",""clause_17"":""Found"",""clause_18"":""Found"",""clause_19"":""Not Found"",""clause_20"":""Not Found"",""deduction_type_1"":""Brokerage"",""deduction_percentage_1"":""20%"",""deduction_type_2"":""Commission"",""deduction_percentage_2"":""15%"",""deduction_type_3"":""Administrative Fee"",""deduction_percentage_3"":""5%"",""riskcode1"":""P3"",""riskcode1_percentage_1"":""100%"",""leader_overall"":""ABC Syndicate"",""Polreference"":"" "",""written_line_ref"":"" ""}",{}
JIR-1755668883205-ef7e654a,Slip - Reference: AB12321223132,jira,pending_approval,5,7,XSX-4168,2025-08-20T05:48:03.205Z,2025-08-20T05:49:22.729Z,"{""contact_role"":""ABC Private Limited"",""title"":""Y"",""re_assured_name"":""John Doe"",""re_assured_main"":""Y"",""inception_date"":""01/01/2025"",""expiry_date"":""31/12/2025"",""settlement_due_date"":""30/03/2025"",""limit_amount"":""10,000,000.00"",""limit_currency"":""USD"",""limit_basis"":""PER OCC"",""deductible_amount"":""10,000.00"",""deductible_currency"":""USD"",""deductible_basis"":""PER OCC"",""tiv_amount_1"":""284,860,219.00"",""tiv_currency_1"":""USD"",""tiv_amount_2"":""1,045,000.00"",""tiv_currency_2"":""USD"",""clause_1"":""Found"",""clause_2"":""Found"",""clause_3"":""Found"",""clause_4"":""Found"",""clause_5"":""Found"",""clause_6"":""Not Found"",""clause_7"":""Found"",""clause_8"":""Found"",""clause_9"":""Found"",""clause_10"":""Found"",""clause_11"":""Found"",""clause_12"":""Found"",""clause_13"":""Found"",""clause_14"":""Not Found"",""clause_15"":""Not Found"",""clause_16"":""Found"",""clause_17"":""Found"",""clause_18"":""Found"",""clause_19"":""Not Found"",""clause_20"":""Not Found"",""deduction_type_1"":""Brokerage"",""deduction_percentage_1"":""20%"",""deduction_type_2"":""Commission"",""deduction_percentage_2"":""15%"",""deduction_type_3"":""Administrative Fee"",""deduction_percentage_3"":""5%"",""riskcode1"":""P3"",""riskcode1_percentage_1"":""100%"",""leader_overall"":""ABC Syndicate"",""Polreference"":"" "",""written_line_ref"":"" ""}",{}
JIR-1755687738121-ay3vv47c,Slip - Reference: AB12321223132,jira,completed,7,7,XSX-4170,2025-08-20T11:02:18.121Z,2025-08-20T11:04:30.302Z,"{""contact_role"":""ABC Private Limited"",""title"":""Y"",""re_assured_name"":""John Doe"",""re_assured_main"":""Y"",""inception_date"":""01/01/2025"",""expiry_date"":""31/12/2025"",""settlement_due_date"":""30/03/2025"",""limit_amount"":""10,000,000.00"",""limit_currency"":""USD"",""limit_basis"":""PER OCC"",""deductible_amount"":""10,000.00"",""deductible_currency"":""USD"",""deductible_basis"":""PER OCC"",""tiv_amount_1"":""284,860,219.00"",""tiv_currency_1"":""USD"",""tiv_amount_2"":""1,045,000.00"",""tiv_currency_2"":""USD"",""clause_1"":""Found"",""clause_2"":""Found"",""clause_3"":""Found"",""clause_4"":""Found"",""clause_5"":""Found"",""clause_6"":""Not Found"",""clause_7"":""Found"",""clause_8"":""Found"",""clause_9"":""Found"",""clause_10"":""Found"",""clause_11"":""Found"",""clause_12"":""Found"",""clause_13"":""Found"",""clause_14"":""Not Found"",""clause_15"":""Not Found"",""clause_16"":""Found"",""clause_17"":""Found"",""clause_18"":""Found"",""clause_19"":""Not Found"",""clause_20"":""Not Found"",""deduction_type_1"":""Brokerage"",""deduction_percentage_1"":""20%"",""deduction_type_2"":""Commission"",""deduction_percentage_2"":""15%"",""deduction_type_3"":""Administrative Fee"",""deduction_percentage_3"":""5%"",""riskcode1"":""P3"",""riskcode1_percentage_1"":""100%"",""leader_overall"":""ABC Syndicate"",""Polreference"":"" "",""written_line_ref"":"" ""}",{}
JIR-1756302937658-imu1w5m0,Slip - Reference: AB12321223132,jira,pending_approval,2,7,XSX-4177,2025-08-27T13:55:37.659Z,2025-08-27T13:56:22.063Z,"{""contact_role"":""ABC Private Limited"",""title"":""Y"",""re_assured_name"":""John Doe"",""re_assured_main"":""Y"",""inception_date"":""30/11/2024"",""expiry_date"":""29/11/2025"",""settlement_due_date"":""30/03/2025"",""limit_amount"":""10,000,000.00"",""limit_currency"":""USD"",""limit_basis"":""PER OCC"",""deductible_amount"":""10,000.00"",""deductible_currency"":""USD"",""deductible_basis"":""PER OCC"",""tiv_amount_1"":""284,860,219.00"",""tiv_currency_1"":""USD"",""tiv_amount_2"":""1,045,000.00"",""tiv_currency_2"":""USD"",""clause_1"":""Found"",""clause_2"":""Found"",""clause_3"":""Found"",""clause_4"":""Found"",""clause_5"":""Found"",""clause_6"":""Not Found"",""clause_7"":""Found"",""clause_8"":""Found"",""clause_9"":""Found"",""clause_10"":""Found"",""clause_11"":""Found"",""clause_12"":""Found"",""clause_13"":""Found"",""clause_14"":""Not Found"",""clause_15"":""Not Found"",""clause_16"":""Found"",""clause_17"":""Found"",""clause_18"":""Found"",""clause_19"":""Not Found"",""clause_20"":""Not Found"",""deduction_type_1"":""Brokerage"",""deduction_percentage_1"":""20%"",""deduction_type_2"":""Commission"",""deduction_percentage_2"":""15%"",""deduction_type_3"":""Administrative Fee"",""deduction_percentage_3"":""5%"",""riskcode1"":""P3"",""riskcode1_percentage_1"":""100%"",""leader_overall"":""ABC Syndicate"",""Polreference"":"" "",""written_line_ref"":"" ""}",{}
JIR-1756303111560-457ygc57,Test Agent Naming Consistency,jira,running,0,7,TEST-001,2025-08-27T13:58:31.560Z,2025-08-27T13:58:31.560Z,{},{}
JIR-1756303156202-qv3ctext,Slip - Reference: AB12321223132,jira,pending_approval,2,7,XSX-4177,2025-08-27T13:59:16.202Z,2025-08-27T14:00:07.310Z,"{""contact_role"":""ABC Private Limited"",""title"":""Y"",""re_assured_name"":""John Doe"",""re_assured_main"":""Y"",""inception_date"":""30/11/2024"",""expiry_date"":""29/11/2025"",""settlement_due_date"":""30/03/2025"",""limit_amount"":""10,000,000.00"",""limit_currency"":""USD"",""limit_basis"":""PER OCC"",""deductible_amount"":""10,000.00"",""deductible_currency"":""USD"",""deductible_basis"":""PER OCC"",""tiv_amount_1"":""284,860,219.00"",""tiv_currency_1"":""USD"",""tiv_amount_2"":""1,045,000.00"",""tiv_currency_2"":""USD"",""clause_1"":""Found"",""clause_2"":""Found"",""clause_3"":""Found"",""clause_4"":""Found"",""clause_5"":""Found"",""clause_6"":""Not Found"",""clause_7"":""Found"",""clause_8"":""Found"",""clause_9"":""Found"",""clause_10"":""Found"",""clause_11"":""Found"",""clause_12"":""Found"",""clause_13"":""Found"",""clause_14"":""Not Found"",""clause_15"":""Not Found"",""clause_16"":""Found"",""clause_17"":""Found"",""clause_18"":""Found"",""clause_19"":""Not Found"",""clause_20"":""Not Found"",""deduction_type_1"":""Brokerage"",""deduction_percentage_1"":""20%"",""deduction_type_2"":""Commission"",""deduction_percentage_2"":""15%"",""deduction_type_3"":""Administrative Fee"",""deduction_percentage_3"":""5%"",""riskcode1"":""P3"",""riskcode1_percentage_1"":""100%"",""leader_overall"":""ABC Syndicate"",""Polreference"":"" "",""written_line_ref"":"" ""}",{}
JIR-1756303383160-95y4aijq,Test Data Validation Agent Naming,jira,pending_data_extraction,1,7,TEST-002,2025-08-27T14:03:03.160Z,2025-08-27T14:03:11.817Z,{},{}
JIR-1756303452747-fp625e69,Slip - Reference: AB12321223132,jira,pending_data_extraction,1,7,XSX-4177,2025-08-27T14:04:12.747Z,2025-08-27T14:04:21.366Z,{},{}
JIR-1756303522234-bvbtc0k5,Fixed Agent Names Test,jira,pending_data_extraction,1,7,TEST-003,2025-08-27T14:05:22.234Z,2025-08-27T14:05:30.968Z,{},{}
JIR-1756303614912-1icv6z5r,Final Agent Names Test,jira,pending_data_extraction,1,7,TEST-FINAL,2025-08-27T14:06:54.912Z,2025-08-27T14:07:06.196Z,{},{}
JIR-1756303700862-y2xar68i,Slip - Reference: AB1232122313221,jira,pending_approval,2,7,XSX-4178,2025-08-27T14:08:20.862Z,2025-08-27T14:09:07.832Z,"{""contact_role"":""ABC Private Limited"",""title"":""Y"",""re_assured_name"":""John Doe"",""re_assured_main"":""Y"",""inception_date"":""30/11/2024"",""expiry_date"":""29/11/2025"",""settlement_due_date"":""30/03/2025"",""limit_amount"":""10,000,000.00"",""limit_currency"":""USD"",""limit_basis"":""PER OCC"",""deductible_amount"":""10,000.00"",""deductible_currency"":""USD"",""deductible_basis"":""PER OCC"",""tiv_amount_1"":""284,860,219.00"",""tiv_currency_1"":""USD"",""tiv_amount_2"":""1,045,000.00"",""tiv_currency_2"":""USD"",""clause_1"":""Found"",""clause_2"":""Found"",""clause_3"":""Found"",""clause_4"":""Found"",""clause_5"":""Found"",""clause_6"":""Not Found"",""clause_7"":""Found"",""clause_8"":""Found"",""clause_9"":""Found"",""clause_10"":""Found"",""clause_11"":""Found"",""clause_12"":""Found"",""clause_13"":""Found"",""clause_14"":""Not Found"",""clause_15"":""Not Found"",""clause_16"":""Found"",""clause_17"":""Found"",""clause_18"":""Found"",""clause_19"":""Not Found"",""clause_20"":""Not Found"",""deduction_type_1"":""Brokerage"",""deduction_percentage_1"":""20%"",""deduction_type_2"":""Commission"",""deduction_percentage_2"":""15%"",""deduction_type_3"":""Administrative Fee"",""deduction_percentage_3"":""5%"",""riskcode1"":""P3"",""riskcode1_percentage_1"":""100%"",""leader_overall"":""ABC Syndicate"",""Polreference"":"" "",""written_line_ref"":"" ""}",{}
JIR-1756304388704-xlagkyq0,Slip - Reference: AB1232122313221,jira,completed,7,7,XSX-4178,2025-08-27T14:19:48.704Z,2025-08-27T14:22:05.535Z,"{""contact_role"":""ABC Private Limited"",""title"":""Y"",""re_assured_name"":""John Doe"",""re_assured_main"":""Y"",""inception_date"":""30/11/2024"",""expiry_date"":""29/11/2025"",""settlement_due_date"":""30/03/2025"",""limit_amount"":""10,000,000.00"",""limit_currency"":""USD"",""limit_basis"":""PER OCC"",""deductible_amount"":""10,000.00"",""deductible_currency"":""USD"",""deductible_basis"":""PER OCC"",""tiv_amount_1"":""284,860,219.00"",""tiv_currency_1"":""USD"",""tiv_amount_2"":""1,045,000.00"",""tiv_currency_2"":""USD"",""clause_1"":""Found"",""clause_2"":""Found"",""clause_3"":""Found"",""clause_4"":""Found"",""clause_5"":""Found"",""clause_6"":""Not Found"",""clause_7"":""Found"",""clause_8"":""Found"",""clause_9"":""Found"",""clause_10"":""Found"",""clause_11"":""Found"",""clause_12"":""Found"",""clause_13"":""Found"",""clause_14"":""Not Found"",""clause_15"":""Not Found"",""clause_16"":""Found"",""clause_17"":""Found"",""clause_18"":""Found"",""clause_19"":""Not Found"",""clause_20"":""Not Found"",""deduction_type_1"":""Brokerage"",""deduction_percentage_1"":""20%"",""deduction_type_2"":""Commission"",""deduction_percentage_2"":""15%"",""deduction_type_3"":""Administrative Fee"",""deduction_percentage_3"":""5%"",""riskcode1"":""P3"",""riskcode1_percentage_1"":""100%"",""leader_overall"":""ABC Syndicate"",""Polreference"":"" "",""written_line_ref"":"" ""}",{}
JIR-1759983810036-czocpcu5,XSX-123456 Slip,jira,pending_data_extraction,1,7,XSX-4248,2025-10-09T04:23:30.036Z,2025-10-09T04:23:39.221Z,{},{}
JIR-1759985245890-jegp7ybn,dfsdfsd,jira,pending_approval,2,7,XSX-4251,2025-10-09T04:47:25.891Z,2025-10-09T04:48:14.954Z,"{""contact_role"":""ABC Private Limited"",""title"":""Y"",""re_assured_name"":""John Doe"",""re_assured_main"":""Y"",""inception_date"":""30/11/2024"",""expiry_date"":""29/11/2025"",""settlement_due_date"":""30/03/2025"",""limit_amount"":""10,000,000.00"",""limit_currency"":""USD"",""limit_basis"":""PER OCC"",""deductible_amount"":""10,000.00"",""deductible_currency"":""USD"",""deductible_basis"":""PER OCC"",""tiv_amount_1"":""284,860,219.00"",""tiv_currency_1"":""USD"",""tiv_amount_2"":""1,045,000.00"",""tiv_currency_2"":""USD"",""clause_1"":""Found"",""clause_2"":""Found"",""clause_3"":""Found"",""clause_4"":""Found"",""clause_5"":""Found"",""clause_6"":""Not Found"",""clause_7"":""Found"",""clause_8"":""Found"",""clause_9"":""Found"",""clause_10"":""Found"",""clause_11"":""Found"",""clause_12"":""Found"",""clause_13"":""Found"",""clause_14"":""Not Found"",""clause_15"":""Not Found"",""clause_16"":""Found"",""clause_17"":""Found"",""clause_18"":""Found"",""clause_19"":""Not Found"",""clause_20"":""Not Found"",""deduction_type_1"":""Brokerage"",""deduction_percentage_1"":""20%"",""deduction_type_2"":""Commission"",""deduction_percentage_2"":""15%"",""deduction_type_3"":""Administrative Fee"",""deduction_percentage_3"":""5%"",""riskcode1"":""P3"",""riskcode1_percentage_1"":""100%"",""leader_overall"":""ABC Syndicate"",""Polreference"":"" "",""written_line_ref"":"" ""}",{}
JIR-1759986546907-9b8yxi3m,dgfhgh,jira,pending_data_extraction,1,7,XSX-4252,2025-10-09T05:09:06.907Z,2025-10-09T05:09:15.653Z,{},{}
JIR-1759986694021-z04bhmk3,sadasad,jira,pending_approval,3,8,XSX-4253,2025-10-09T05:11:34.022Z,2025-10-09T05:14:56.601Z,"{""contact_role"":""ABC Private Limited"",""title"":""Y"",""re_assured_name"":""John Doe"",""re_assured_main"":""Y"",""inception_date"":""30/11/2024"",""expiry_date"":""29/11/2025"",""settlement_due_date"":""30/03/2025"",""limit_amount"":""10,000,000.00"",""limit_currency"":""USD"",""limit_basis"":""PER OCC"",""deductible_amount"":""10,000.00"",""deductible_currency"":""USD"",""deductible_basis"":""PER OCC"",""tiv_amount_1"":""284,860,219.00"",""tiv_currency_1"":""USD"",""tiv_amount_2"":""1,045,000.00"",""tiv_currency_2"":""USD"",""clause_1"":""Found"",""clause_2"":""Found"",""clause_3"":""Found"",""clause_4"":""Found"",""clause_5"":""Found"",""clause_6"":""Not Found"",""clause_7"":""Found"",""clause_8"":""Found"",""clause_9"":""Found"",""clause_10"":""Found"",""clause_11"":""Found"",""clause_12"":""Found"",""clause_13"":""Found"",""clause_14"":""Not Found"",""clause_15"":""Not Found"",""clause_16"":""Found"",""clause_17"":""Found"",""clause_18"":""Found"",""clause_19"":""Not Found"",""clause_20"":""Not Found"",""deduction_type_1"":""Brokerage"",""deduction_percentage_1"":""20%"",""deduction_type_2"":""Commission"",""deduction_percentage_2"":""15%"",""deduction_type_3"":""Administrative Fee"",""deduction_percentage_3"":""5%"",""riskcode1"":""P3"",""riskcode1_percentage_1"":""100%"",""leader_overall"":""ABC Syndicate"",""Polreference"":"" "",""written_line_ref"":"" ""}",{}
JIR-1759999799691-rpivpeip,rfsdfs,jira,pending_approval,4,8,XSX-4254,2025-10-09T08:49:59.691Z,2025-10-09T08:54:13.976Z,"{""contact_role"":""ABC Private Limited"",""title"":""Y"",""re_assured_name"":""John Doe"",""re_assured_main"":""Y"",""inception_date"":""30/11/2024"",""expiry_date"":""29/11/2025"",""settlement_due_date"":""30/03/2025"",""limit_amount"":""10,000,000.00"",""limit_currency"":""USD"",""limit_basis"":""PER OCC"",""deductible_amount"":""10,000.00"",""deductible_currency"":""USD"",""deductible_basis"":""PER OCC"",""tiv_amount_1"":""284,860,219.00"",""tiv_currency_1"":""USD"",""tiv_amount_2"":""1,045,000.00"",""tiv_currency_2"":""USD"",""clause_1"":""Found"",""clause_2"":""Found"",""clause_3"":""Found"",""clause_4"":""Found"",""clause_5"":""Found"",""clause_6"":""Not Found"",""clause_7"":""Found"",""clause_8"":""Found"",""clause_9"":""Found"",""clause_10"":""Found"",""clause_11"":""Found"",""clause_12"":""Found"",""clause_13"":""Found"",""clause_14"":""Not Found"",""clause_15"":""Not Found"",""clause_16"":""Found"",""clause_17"":""Found"",""clause_18"":""Found"",""clause_19"":""Not Found"",""clause_20"":""Not Found"",""deduction_type_1"":""Brokerage"",""deduction_percentage_1"":""20%"",""deduction_type_2"":""Commission"",""deduction_percentage_2"":""15%"",""deduction_type_3"":""Administrative Fee"",""deduction_percentage_3"":""5%"",""riskcode1"":""P3"",""riskcode1_percentage_1"":""100%"",""leader_overall"":""ABC Syndicate"",""Polreference"":"" "",""written_line_ref"":"" ""}",{}
JIR-1760003657794-3y7v154q,aca,jira,pending_data_extraction,1,8,XSX-4255,2025-10-09T09:54:17.795Z,2025-10-09T09:54:26.167Z,{},{}
JIR-1760003802272-ia7ds3v0,dssd,jira,pending_data_extraction,1,8,XSX-4256,2025-10-09T09:56:42.273Z,2025-10-09T09:56:51.313Z,{},{}
JIR-1760003981101-lgae2zxz,dsadad,jira,pending_data_extraction,1,8,XSX-4257,2025-10-09T09:59:41.101Z,2025-10-09T09:59:50.567Z,{},{}
JIR-1760004347739-r6jh105c,nkjjh,jira,pending_data_extraction,2,8,XSX-4258,2025-10-09T10:05:47.739Z,2025-10-09T10:05:58.399Z,{},{}
JIR-1760004697526-fa6dwxdh,dasda,jira,pending_approval,3,8,XSX-4259,2025-10-09T10:11:37.527Z,2025-10-09T10:12:44.347Z,"{""contact_role"":""ABC Private Limited"",""title"":""Y"",""re_assured_name"":""John Doe"",""re_assured_main"":""Y"",""inception_date"":""30/11/2024"",""expiry_date"":""29/11/2025"",""settlement_due_date"":""30/03/2025"",""limit_amount"":""10,000,000.00"",""limit_currency"":""USD"",""limit_basis"":""PER OCC"",""deductible_amount"":""10,000.00"",""deductible_currency"":""USD"",""deductible_basis"":""PER OCC"",""tiv_amount_1"":""284,860,219.00"",""tiv_currency_1"":""USD"",""tiv_amount_2"":""1,045,000.00"",""tiv_currency_2"":""USD"",""clause_1"":""Found"",""clause_2"":""Found"",""clause_3"":""Found"",""clause_4"":""Found"",""clause_5"":""Found"",""clause_6"":""Not Found"",""clause_7"":""Found"",""clause_8"":""Found"",""clause_9"":""Found"",""clause_10"":""Found"",""clause_11"":""Found"",""clause_12"":""Found"",""clause_13"":""Found"",""clause_14"":""Not Found"",""clause_15"":""Not Found"",""clause_16"":""Found"",""clause_17"":""Found"",""clause_18"":""Found"",""clause_19"":""Not Found"",""clause_20"":""Not Found"",""deduction_type_1"":""Brokerage"",""deduction_percentage_1"":""20%"",""deduction_type_2"":""Commission"",""deduction_percentage_2"":""15%"",""deduction_type_3"":""Administrative Fee"",""deduction_percentage_3"":""5%"",""riskcode1"":""P3"",""riskcode1_percentage_1"":""100%"",""leader_overall"":""ABC Syndicate"",""Polreference"":"" "",""written_line_ref"":"" ""}",{}
JIR-1760006779429-loq9j6ba,nhkjk,jira,pending_data_extraction,2,8,XSX-4260,2025-10-09T10:46:19.430Z,2025-10-09T10:46:30.773Z,{},{}
JIR-1760007427499-jki2dfrt,dadadsas,jira,pending_data_extraction,2,8,XSX-4261,2025-10-09T10:57:07.500Z,2025-10-09T10:57:18.981Z,{},{}
JIR-1760007578046-6na7fdkl,dasda,jira,pending_data_extraction,2,8,XSX-4262,2025-10-09T10:59:38.047Z,2025-10-09T11:00:10.620Z,{},{}
JIR-1760020913028-mxrlp53m,dfsfsfs,jira,pending_data_extraction,2,8,XSX-4263,2025-10-09T14:41:53.028Z,2025-10-09T14:42:25.841Z,{},{}
JIR-1760282540412-v38lyj54,SAssSa,jira,pending_data_extraction,2,8,XSX-4264,2025-10-12T15:22:20.413Z,2025-10-12T15:22:55.843Z,{},{}
JIR-1760284285636-gjkwwab8,nknkjnnln,jira,pending_data_extraction,2,8,XSX-4265,2025-10-12T15:51:25.636Z,2025-10-12T15:51:57.938Z,{},{}
JIR-1760284500700-gmj2v6pd,",mnmnmnbmbmn",jira,pending_data_extraction,2,8,XSX-4266,2025-10-12T15:55:00.700Z,2025-10-12T15:55:32.995Z,{},{}
JIR-1760285312082-kktt0lia,kjnknknkb,jira,pending_data_extraction,2,8,XSX-4267,2025-10-12T16:08:32.083Z,2025-10-12T16:09:04.376Z,{},{}
JIR-1760339394778-5d12mabb,asdad,jira,pending_approval,3,8,XSX-4268,2025-10-13T07:09:54.779Z,2025-10-13T07:12:28.187Z,"{""contact_role"":""ABC Private Limited"",""title"":""Y"",""re_assured_name"":""John Doe"",""re_assured_main"":""Y"",""inception_date"":""30/11/2024"",""expiry_date"":""29/11/2025"",""settlement_due_date"":""30/03/2025"",""limit_amount"":""10,000,000.00"",""limit_currency"":""USD"",""limit_basis"":""PER OCC"",""deductible_amount"":""10,000.00"",""deductible_currency"":""USD"",""deductible_basis"":""PER OCC"",""tiv_amount_1"":""284,860,219.00"",""tiv_currency_1"":""USD"",""tiv_amount_2"":""1,045,000.00"",""tiv_currency_2"":""USD"",""clause_1"":""Found"",""clause_2"":""Found"",""clause_3"":""Found"",""clause_4"":""Found"",""clause_5"":""Found"",""clause_6"":""Not Found"",""clause_7"":""Found"",""clause_8"":""Found"",""clause_9"":""Found"",""clause_10"":""Found"",""clause_11"":""Found"",""clause_12"":""Found"",""clause_13"":""Found"",""clause_14"":""Not Found"",""clause_15"":""Not Found"",""clause_16"":""Found"",""clause_17"":""Found"",""clause_18"":""Found"",""clause_19"":""Not Found"",""clause_20"":""Not Found"",""deduction_type_1"":""Brokerage"",""deduction_percentage_1"":""20%"",""deduction_type_2"":""Commission"",""deduction_percentage_2"":""15%"",""deduction_type_3"":""Administrative Fee"",""deduction_percentage_3"":""5%"",""riskcode1"":""P3"",""riskcode1_percentage_1"":""100%"",""leader_overall"":""ABC Syndicate"",""Polreference"":"" "",""written_line_ref"":"" ""}",{}
JIR-1760339597374-ck3k0jpi,fsdfs,jira,pending_data_extraction,2,8,XSX-4269,2025-10-13T07:13:17.375Z,2025-10-13T07:13:49.485Z,{},{}
JIR-1760339820510-235ruitp,dasdsa,jira,pending_data_extraction,2,8,XSX-4270,2025-10-13T07:17:00.510Z,2025-10-13T07:17:32.952Z,{},{}
JIR-1760344266744-h4ijk0tv,SAD,jira,pending_data_extraction,2,8,XSX-4271,2025-10-13T08:31:06.744Z,2025-10-13T08:31:39.461Z,{},{}
JIR-1760347896353-g8myvu64,mlmlkmlmlmlml,jira,pending_data_extraction,2,8,XSX-4272,2025-10-13T09:31:36.354Z,2025-10-13T09:32:10.026Z,{},{}
JIR-1760367537680-2tfjcsp5,kjkljlk,jira,pending_data_extraction,2,8,XSX-4273,2025-10-13T14:58:57.681Z,2025-10-13T15:02:33.166Z,{},{}
JIR-1760435212689-2xhah43r,lkmm,jira,pending_approval,3,8,XSX-4274,2025-10-14T09:46:52.689Z,2025-10-14T09:57:48.154Z,"{""contact_role"":""ABC Private Limited"",""title"":""Y"",""re_assured_name"":""John Doe"",""re_assured_main"":""Y"",""inception_date"":""30/11/2024"",""expiry_date"":""29/11/2025"",""settlement_due_date"":""30/03/2025"",""limit_amount"":""10,000,000.00"",""limit_currency"":""USD"",""limit_basis"":""PER OCC"",""deductible_amount"":""10,000.00"",""deductible_currency"":""USD"",""deductible_basis"":""PER OCC"",""tiv_amount_1"":""284,860,219.00"",""tiv_currency_1"":""USD"",""tiv_amount_2"":""1,045,000.00"",""tiv_currency_2"":""USD"",""clause_1"":""Found"",""clause_2"":""Found"",""clause_3"":""Found"",""clause_4"":""Found"",""clause_5"":""Found"",""clause_6"":""Not Found"",""clause_7"":""Found"",""clause_8"":""Found"",""clause_9"":""Found"",""clause_10"":""Found"",""clause_11"":""Found"",""clause_12"":""Found"",""clause_13"":""Found"",""clause_14"":""Not Found"",""clause_15"":""Not Found"",""clause_16"":""Found"",""clause_17"":""Found"",""clause_18"":""Found"",""clause_19"":""Not Found"",""clause_20"":""Not Found"",""deduction_type_1"":""Brokerage"",""deduction_percentage_1"":""20%"",""deduction_type_2"":""Commission"",""deduction_percentage_2"":""15%"",""deduction_type_3"":""Administrative Fee"",""deduction_percentage_3"":""5%"",""riskcode1"":""P3"",""riskcode1_percentage_1"":""100%"",""leader_overall"":""ABC Syndicate"",""Polreference"":"" "",""written_line_ref"":"" ""}",{}
JIR-1760436052238-2uugyetn,kjhkhkjh,jira,pending_approval,6,8,XSX-4275,2025-10-14T10:00:52.239Z,2025-10-14T10:07:07.462Z,"{""contact_role"":""ABC Private Limited"",""title"":""Y"",""re_assured_name"":""John Doe"",""re_assured_main"":""Y"",""inception_date"":""30/11/2024"",""expiry_date"":""29/11/2025"",""settlement_due_date"":""30/03/2025"",""limit_amount"":""10,000,000.00"",""limit_currency"":""USD"",""limit_basis"":""PER OCC"",""deductible_amount"":""10,000.00"",""deductible_currency"":""USD"",""deductible_basis"":""PER OCC"",""tiv_amount_1"":""284,860,219.00"",""tiv_currency_1"":""USD"",""tiv_amount_2"":""1,045,000.00"",""tiv_currency_2"":""USD"",""clause_1"":""Found"",""clause_2"":""Found"",""clause_3"":""Found"",""clause_4"":""Found"",""clause_5"":""Found"",""clause_6"":""Not Found"",""clause_7"":""Found"",""clause_8"":""Found"",""clause_9"":""Found"",""clause_10"":""Found"",""clause_11"":""Found"",""clause_12"":""Found"",""clause_13"":""Found"",""clause_14"":""Not Found"",""clause_15"":""Not Found"",""clause_16"":""Found"",""clause_17"":""Found"",""clause_18"":""Found"",""clause_19"":""Not Found"",""clause_20"":""Not Found"",""deduction_type_1"":""Brokerage"",""deduction_percentage_1"":""20%"",""deduction_type_2"":""Commission"",""deduction_percentage_2"":""15%"",""deduction_type_3"":""Administrative Fee"",""deduction_percentage_3"":""5%"",""riskcode1"":""P3"",""riskcode1_percentage_1"":""100%"",""leader_overall"":""ABC Syndicate"",""Polreference"":"" "",""written_line_ref"":"" ""}",{}
JIR-1760436605559-gbcdu4ic,kljl,jira,pending_data_extraction,2,8,XSX-4276,2025-10-14T10:10:05.560Z,2025-10-14T10:13:10.371Z,{},{}
JIR-1760437024682-9vr9wriu,kmlkmklkl,jira,completed,8,8,XSX-4277,2025-10-14T10:17:04.682Z,2025-10-14T10:22:54.817Z,"{""contact_role"":""ABC Private Limited"",""title"":""Y"",""re_assured_name"":""John Doe"",""re_assured_main"":""Y"",""inception_date"":""30/11/2024"",""expiry_date"":""29/11/2025"",""settlement_due_date"":""30/03/2025"",""limit_amount"":""10,000,000.00"",""limit_currency"":""USD"",""limit_basis"":""PER OCC"",""deductible_amount"":""10,000.00"",""deductible_currency"":""USD"",""deductible_basis"":""PER OCC"",""tiv_amount_1"":""284,860,219.00"",""tiv_currency_1"":""USD"",""tiv_amount_2"":""1,045,000.00"",""tiv_currency_2"":""USD"",""clause_1"":""Found"",""clause_2"":""Found"",""clause_3"":""Found"",""clause_4"":""Found"",""clause_5"":""Found"",""clause_6"":""Not Found"",""clause_7"":""Found"",""clause_8"":""Found"",""clause_9"":""Found"",""clause_10"":""Found"",""clause_11"":""Found"",""clause_12"":""Found"",""clause_13"":""Found"",""clause_14"":""Not Found"",""clause_15"":""Not Found"",""clause_16"":""Found"",""clause_17"":""Found"",""clause_18"":""Found"",""clause_19"":""Not Found"",""clause_20"":""Not Found"",""deduction_type_1"":""Brokerage"",""deduction_percentage_1"":""20%"",""deduction_type_2"":""Commission"",""deduction_percentage_2"":""15%"",""deduction_type_3"":""Administrative Fee"",""deduction_percentage_3"":""5%"",""riskcode1"":""P3"",""riskcode1_percentage_1"":""100%"",""leader_overall"":""ABC Syndicate"",""Polreference"":"" "",""written_line_ref"":"" ""}",{}
JIR-1760446013423-7qmmot3i,tythtry,jira,completed,8,8,XSX-4278,2025-10-14T12:46:53.424Z,2025-10-14T12:53:06.163Z,"{""contact_role"":""ABC Private Limited"",""title"":""Y"",""re_assured_name"":""John Doe"",""re_assured_main"":""Y"",""inception_date"":""30/11/2024"",""expiry_date"":""29/11/2025"",""settlement_due_date"":""30/03/2025"",""limit_amount"":""10,000,000.00"",""limit_currency"":""USD"",""limit_basis"":""PER OCC"",""deductible_amount"":""10,000.00"",""deductible_currency"":""USD"",""deductible_basis"":""PER OCC"",""tiv_amount_1"":""284,860,219.00"",""tiv_currency_1"":""USD"",""tiv_amount_2"":""1,045,000.00"",""tiv_currency_2"":""USD"",""clause_1"":""Found"",""clause_2"":""Found"",""clause_3"":""Found"",""clause_4"":""Found"",""clause_5"":""Found"",""clause_6"":""Not Found"",""clause_7"":""Found"",""clause_8"":""Found"",""clause_9"":""Found"",""clause_10"":""Found"",""clause_11"":""Found"",""clause_12"":""Found"",""clause_13"":""Found"",""clause_14"":""Not Found"",""clause_15"":""Not Found"",""clause_16"":""Found"",""clause_17"":""Found"",""clause_18"":""Found"",""clause_19"":""Not Found"",""clause_20"":""Not Found"",""deduction_type_1"":""Brokerage"",""deduction_percentage_1"":""20%"",""deduction_type_2"":""Commission"",""deduction_percentage_2"":""15%"",""deduction_type_3"":""Administrative Fee"",""deduction_percentage_3"":""5%"",""riskcode1"":""P3"",""riskcode1_percentage_1"":""100%"",""leader_overall"":""ABC Syndicate"",""Polreference"":"" "",""written_line_ref"":"" ""}",{}
JIR-1760453304813-l2j4w82w,Slip - Reference: AB12321223132,jira,completed,8,8,XSX-4280,2025-10-14T14:48:24.813Z,2025-10-14T14:57:26.261Z,"{""contact_role"":""ABC Private Limited"",""title"":""Y"",""re_assured_name"":""John Doe"",""re_assured_main"":""Y"",""inception_date"":""30/11/2024"",""expiry_date"":""29/11/2025"",""settlement_due_date"":""30/03/2025"",""limit_amount"":""10,000,000.00"",""limit_currency"":""USD"",""limit_basis"":""PER OCC"",""deductible_amount"":""10,000.00"",""deductible_currency"":""USD"",""deductible_basis"":""PER OCC"",""tiv_amount_1"":""284,860,219.00"",""tiv_currency_1"":""USD"",""tiv_amount_2"":""1,045,000.00"",""tiv_currency_2"":""USD"",""clause_1"":""Found"",""clause_2"":""Found"",""clause_3"":""Found"",""clause_4"":""Found"",""clause_5"":""Found"",""clause_6"":""Not Found"",""clause_7"":""Found"",""clause_8"":""Found"",""clause_9"":""Found"",""clause_10"":""Found"",""clause_11"":""Found"",""clause_12"":""Found"",""clause_13"":""Found"",""clause_14"":""Not Found"",""clause_15"":""Not Found"",""clause_16"":""Found"",""clause_17"":""Found"",""clause_18"":""Found"",""clause_19"":""Not Found"",""clause_20"":""Not Found"",""deduction_type_1"":""Brokerage"",""deduction_percentage_1"":""20%"",""deduction_type_2"":""Commission"",""deduction_percentage_2"":""15%"",""deduction_type_3"":""Administrative Fee"",""deduction_percentage_3"":""5%"",""riskcode1"":""P3"",""riskcode1_percentage_1"":""100%"",""leader_overall"":""ABC Syndicate"",""Polreference"":"" "",""written_line_ref"":"" ""}",{}
JIR-1763112819415-76d0fium,Slip - Reference: AB12321223132,jira,pending_approval,6,8,XSX-4285,2025-11-14T09:33:39.415Z,2025-11-14T09:38:28.715Z,"{""contact_role"":""ABC Private Limited"",""title"":""Y"",""re_assured_name"":""John Doe"",""re_assured_main"":""Y"",""inception_date"":""30/11/2024"",""expiry_date"":""29/11/2025"",""settlement_due_date"":""30/03/2025"",""limit_amount"":""10,000,000.00"",""limit_currency"":""USD"",""limit_basis"":""PER OCC"",""deductible_amount"":""10,000.00"",""deductible_currency"":""USD"",""deductible_basis"":""PER OCC"",""tiv_amount_1"":""284,860,219.00"",""tiv_currency_1"":""USD"",""tiv_amount_2"":""1,045,000.00"",""tiv_currency_2"":""USD"",""clause_1"":""Found"",""clause_2"":""Found"",""clause_3"":""Found"",""clause_4"":""Found"",""clause_5"":""Found"",""clause_6"":""Not Found"",""clause_7"":""Found"",""clause_8"":""Found"",""clause_9"":""Found"",""clause_10"":""Found"",""clause_11"":""Found"",""clause_12"":""Found"",""clause_13"":""Found"",""clause_14"":""Not Found"",""clause_15"":""Not Found"",""clause_16"":""Found"",""clause_17"":""Found"",""clause_18"":""Found"",""clause_19"":""Not Found"",""clause_20"":""Not Found"",""deduction_type_1"":""Brokerage"",""deduction_percentage_1"":""20%"",""deduction_type_2"":""Commission"",""deduction_percentage_2"":""15%"",""deduction_type_3"":""Administrative Fee"",""deduction_percentage_3"":""5%"",""riskcode1"":""P3"",""riskcode1_percentage_1"":""100%"",""leader_overall"":""ABC Syndicate"",""Polreference"":"" "",""written_line_ref"":"" ""}",{}
JIR-1763114865726-vnsod2wz,Test Insurance Workflow - Communication Agent,jira,running,1,8,XSX-4161,2025-11-14T10:07:45.726Z,2025-11-14T10:08:49.078Z,{},{}
SUB-1763115031858-3mldz764,Test Communication Agent - Marine Hull Coverage,submission,pending_approval,5,7,UK-2025-999,2025-11-14T10:10:31.858Z,2025-11-14T10:28:23.343Z,"{""businessName"":""Test Marine Company Ltd"",""policyType"":""Marine Hull Coverage"",""coverageAmount"":""£2,500,000"",""premium"":""£15,000"",""insuredName"":""Test Vessel Owner"",""vesselName"":""MV Communication Test"",""vesselType"":""Cargo Vessel"",""yearBuilt"":""2020"",""broker"":""Test Broker Ltd"",""brokerEmail"":""test@broker.com"",""riskLocation"":""Global Waters"",""effectiveDate"":""2025-12-01""}",{}
SUB-1763124896687-7h3rp5qo,Test Config Loading - Submission,submission,pending_human_response,5,7,TEST-CONFIG-001,2025-11-14T12:54:56.688Z,2025-11-14T12:56:00.797Z,{},{}
SUB-1763124901560-h7o8c6s4,Test Config Loading - Submission,submission,running,3,7,TEST-CONFIG-001,2025-11-14T12:55:01.561Z,2025-11-14T12:55:47.386Z,{},{}
SLI-1763124931702-60kvuzey,Test Config Loading - Slip,slip,running,1,8,TEST-SLIP-001,2025-11-14T12:55:31.702Z,2025-11-14T12:55:48.970Z,{},{}
SUB-1763125204199-wm0mxtdk,Test Submission Workflow,submission,pending_human_response,5,7,SUB-2025-001,2025-11-14T13:00:04.199Z,2025-11-14T13:01:07.775Z,{},{}
SLI-1763125205113-a3f0aks9,Test Slip Workflow Should Fail,slip,pending_human_response,5,7,SLP-TEST-001,2025-11-14T13:00:05.114Z,2025-11-14T13:01:08.579Z,{},{}
SUB-1763125285466-yla4xhxq,Submission Processing - UW-2025-019,submission,pending_human_response,5,7,UW-2025-019,2025-11-14T13:01:25.467Z,2025-11-14T13:02:28.596Z,{},{}
SUB-1763125579441-ew2ure8i,Test Email Draft Fix - Commercial Auto,submission,pending_approval,6,7,SUB-2025-001,2025-11-14T13:06:19.442Z,2025-11-14T13:07:50.305Z,{},{}
SUB-1763125606816-8y40z7ei,Submission Processing - UW-2025-020,submission,completed,7,7,UW-2025-020,2025-11-14T13:06:46.816Z,2025-11-14T13:08:52.079Z,{},{}
SUB-1763125883460-7v9ubbku,Test Email Draft Approval - Cyber Liability,submission,pending_approval,5,7,SUB-2025-002,2025-11-14T13:11:23.461Z,2025-11-14T13:12:38.729Z,{},{}
SUB-1763128287710-c0lbzjst,Submission Processing - UW-2025-020,submission,pending_approval,5,7,UW-2025-001,2025-11-14T13:51:27.711Z,2025-11-14T13:52:44.639Z,{},{}
SUB-1763128772823-6o204x3m,Submission Processing - UW-2025-020,submission,running,2,7,UW-2025-001,2025-11-14T13:59:32.824Z,2025-11-14T14:00:04.599Z,{},{}
SUB-1763128977158-u8ss56io,Submission Processing - UW-2025-020,submission,pending_approval,4,7,UW-2025-001,2025-11-14T14:02:57.158Z,2025-11-14T14:04:23.619Z,"{""submission_id"":""UW-2025-001"",""token"":""token-abc123"",""broker_ref_hu_number"":""REF-HU-2024001"",""intermediary_name"":""Arthur J Gallaghar (UK) Ltd"",""broker_contact_name"":""Peters Charley"",""broker_email"":""james_potter1@ajg.com"",""target_premium"":""£8021"",""quote_effective_date"":""10/9/24"",""previous_insurer"":""Aviva Insurance"",""insurance_declined"":""No"",""convictions"":""No"",""bankruptcy"":""No"",""claims_count"":""1"",""contact_role"":""Main Policy Holder"",""title"":""Ms"",""first_name"":""Lee"",""middle_name"":""Warner"",""surname"":""Jones"",""date_of_birth"":""5/19/56"",""occupation"":""Director"",""house_number"":""122"",""house_name"":""Hamilton House"",""address_line1"":""Victoria Street"",""city"":""Princess Road"",""postcode"":""CW5 8JE"",""property_house_number"":""122"",""property_house_name"":""Hamilton House"",""property_address_line1"":""Victoria Street"",""property_city"":""Princess Road"",""property_postcode"":""CW5 8JE"",""cover_type"":""Combined"",""building_sums_insured"":""£2230555"",""content_sums_insured"":""£291655"",""total_jewellery_value"":""£97507"",""art_collections_value"":"""",""solely_occupied"":""Yes"",""property_ownership"":""Owner Occupied"",""property_type"":""House - Detached"",""year_built"":""1820"",""number_of_bedrooms"":""4"",""listed_building"":""Grade II Listed"",""roof_construction"":""Slate"",""wall_construction"":""Stone"",""jewellery_type"":""Necklace"",""jewellery_description"":""Victorian diamond necklace with sapphires"",""jewellery_value"":""£29014"",""created_at"":""2024-07-10T09:15:00"",""updated_at"":""2024-07-10T09:15:00"",""email_subject"":""RE: Home Insurance Quote Request - Lee Warner Jones, Hamilton House, Victoria Street""}",{}
SUB-1763129232305-83ppxjdu,Submission Processing - UW-2025-020,submission,pending_data_extraction,1,7,UW-2025-001,2025-11-14T14:07:12.306Z,2025-11-14T14:07:29.419Z,{},{}
SUB-1763139799879-6om30lfl,Submission Processing - UW-2025-020,submission,pending_approval,5,7,UW-2025-001,2025-11-14T17:03:19.880Z,2025-11-14T17:05:33.712Z,"{""submission_id"":""UW-2025-001"",""token"":""token-abc123"",""broker_ref_hu_number"":""REF-HU-2024001"",""intermediary_name"":""Arthur J Gallaghar (UK) Ltd"",""broker_contact_name"":""Peters Charley"",""broker_email"":""james_potter1@ajg.com"",""target_premium"":""£8021"",""quote_effective_date"":""10/9/24"",""previous_insurer"":""Aviva Insurance"",""insurance_declined"":""No"",""convictions"":""No"",""bankruptcy"":""No"",""claims_count"":""1"",""contact_role"":""Main Policy Holder"",""title"":""Ms"",""first_name"":""Lee"",""middle_name"":""Warner"",""surname"":""Jones"",""date_of_birth"":""5/19/56"",""occupation"":""Director"",""house_number"":""122"",""house_name"":""Hamilton House"",""address_line1"":""Victoria Street"",""city"":""Princess Road"",""postcode"":""CW5 8JE"",""property_house_number"":""122"",""property_house_name"":""Hamilton House"",""property_address_line1"":""Victoria Street"",""property_city"":""Princess Road"",""property_postcode"":""CW5 8JE"",""cover_type"":""Combined"",""building_sums_insured"":""£2230555"",""content_sums_insured"":""£291655"",""total_jewellery_value"":""£97507"",""art_collections_value"":"""",""solely_occupied"":""Yes"",""property_ownership"":""Owner Occupied"",""property_type"":""House - Detached"",""year_built"":""1820"",""number_of_bedrooms"":""4"",""listed_building"":""Grade II Listed"",""roof_construction"":""Slate"",""wall_construction"":""Stone"",""jewellery_type"":""Necklace"",""jewellery_description"":""Victorian diamond necklace with sapphires"",""jewellery_value"":""£29014"",""created_at"":""2024-07-10T09:15:00"",""updated_at"":""2024-07-10T09:15:00"",""email_subject"":""RE: Home Insurance Quote Request - Lee Warner Jones, Hamilton House, Victoria Street""}",{}
SUB-1763139892734-fbtzbqbg,Submission Processing - UW-2025-020,submission,pending_approval,5,7,UW-2025-001,2025-11-14T17:04:52.735Z,2025-11-14T17:06:13.317Z,"{""submission_id"":""UW-2025-001"",""token"":""token-abc123"",""broker_ref_hu_number"":""REF-HU-2024001"",""intermediary_name"":""Arthur J Gallaghar (UK) Ltd"",""broker_contact_name"":""Peters Charley"",""broker_email"":""james_potter1@ajg.com"",""target_premium"":""£8021"",""quote_effective_date"":""10/9/24"",""previous_insurer"":""Aviva Insurance"",""insurance_declined"":""No"",""convictions"":""No"",""bankruptcy"":""No"",""claims_count"":""1"",""contact_role"":""Main Policy Holder"",""title"":""Ms"",""first_name"":""Lee"",""middle_name"":""Warner"",""surname"":""Jones"",""date_of_birth"":""5/19/56"",""occupation"":""Director"",""house_number"":""122"",""house_name"":""Hamilton House"",""address_line1"":""Victoria Street"",""city"":""Princess Road"",""postcode"":""CW5 8JE"",""property_house_number"":""122"",""property_house_name"":""Hamilton House"",""property_address_line1"":""Victoria Street"",""property_city"":""Princess Road"",""property_postcode"":""CW5 8JE"",""cover_type"":""Combined"",""building_sums_insured"":""£2230555"",""content_sums_insured"":""£291655"",""total_jewellery_value"":""£97507"",""art_collections_value"":"""",""solely_occupied"":""Yes"",""property_ownership"":""Owner Occupied"",""property_type"":""House - Detached"",""year_built"":""1820"",""number_of_bedrooms"":""4"",""listed_building"":""Grade II Listed"",""roof_construction"":""Slate"",""wall_construction"":""Stone"",""jewellery_type"":""Necklace"",""jewellery_description"":""Victorian diamond necklace with sapphires"",""jewellery_value"":""£29014"",""created_at"":""2024-07-10T09:15:00"",""updated_at"":""2024-07-10T09:15:00"",""email_subject"":""RE: Home Insurance Quote Request - Lee Warner Jones, Hamilton House, Victoria Street""}",{}
JIR-1764248512849-w08xfued,Slip - Reference: AB12321223132,jira,pending_data_extraction,2,8,XSX-4292,2025-11-27T13:01:52.849Z,2025-11-27T13:07:18.559Z,{},{}
JIR-1764249535270-34mjoj8a,km,jira,pending_approval,2,7,XSX-4293,2025-11-27T13:18:55.270Z,2025-11-27T13:20:29.085Z,{},{}
JIR-1764251395422-1o2vxc0s,jlk,jira,pending_approval,2,7,XSX-4294,2025-11-27T13:49:55.424Z,2025-11-27T13:51:29.546Z,{},{}
JIR-1764525823839-nf0lwnc9,gjgj,jira,pending_approval,1,7,XSX-4295,2025-11-30T18:03:43.840Z,2025-11-30T18:05:20.365Z,"{""contact_role"":""ABC Private Limited"",""title"":""Y"",""re_assured_name"":""John Doe"",""re_assured_main"":""Y"",""inception_date"":""30/11/2024"",""expiry_date"":""29/11/2025"",""settlement_due_date"":""30/03/2025"",""limit_amount"":""10,000,000.00"",""limit_currency"":""USD"",""limit_basis"":""PER OCC"",""deductible_amount"":""10,000.00"",""deductible_currency"":""USD"",""deductible_basis"":""PER OCC"",""tiv_amount_1"":""284,860,219.00"",""tiv_currency_1"":""USD"",""tiv_amount_2"":""1,045,000.00"",""tiv_currency_2"":""USD"",""clause_1"":""Found"",""clause_2"":""Found"",""clause_3"":""Found"",""clause_4"":""Found"",""clause_5"":""Found"",""clause_6"":""Not Found"",""clause_7"":""Found"",""clause_8"":""Found"",""clause_9"":""Found"",""clause_10"":""Found"",""clause_11"":""Found"",""clause_12"":""Found"",""clause_13"":""Found"",""clause_14"":""Not Found"",""clause_15"":""Not Found"",""clause_16"":""Found"",""clause_17"":""Found"",""clause_18"":""Found"",""clause_19"":""Not Found"",""clause_20"":""Not Found"",""deduction_type_1"":""Brokerage"",""deduction_percentage_1"":""20%"",""deduction_type_2"":""Commission"",""deduction_percentage_2"":""15%"",""deduction_type_3"":""Administrative Fee"",""deduction_percentage_3"":""5%"",""riskcode1"":""P3"",""riskcode1_percentage_1"":""100%"",""leader_overall"":""ABC Syndicate"",""Polreference"":"" "",""written_line_ref"":"" ""}",{}
JIR-1764657525381-fio07enl,sdsds,jira,running,2,7,XSX-4296,2025-12-02T06:38:45.382Z,2025-12-02T06:40:04.958Z,{},{}
JIR-1764657910590-ei7fnix8,aasdas,jira,pending_approval,2,7,XSX-4297,2025-12-02T06:45:10.590Z,2025-12-02T06:46:43.030Z,{},{}
JIR-1764658660411-j0wpxmw2,klkkkll,jira,pending_approval,3,7,XSX-4299,2025-12-02T06:57:40.412Z,2025-12-02T06:59:51.776Z,"{""contact_role"":""ABC Private Limited"",""title"":""Y"",""re_assured_name"":""John Doe"",""re_assured_main"":""Y"",""inception_date"":""30/11/2024"",""expiry_date"":""29/11/2025"",""settlement_due_date"":""30/03/2025"",""limit_amount"":""10,000,000.00"",""limit_currency"":""USD"",""limit_basis"":""PER OCC"",""deductible_amount"":""10,000.00"",""deductible_currency"":""USD"",""deductible_basis"":""PER OCC"",""tiv_amount_1"":""284,860,219.00"",""tiv_currency_1"":""USD"",""tiv_amount_2"":""1,045,000.00"",""tiv_currency_2"":""USD"",""clause_1"":""Found"",""clause_2"":""Found"",""clause_3"":""Found"",""clause_4"":""Found"",""clause_5"":""Found"",""clause_6"":""Not Found"",""clause_7"":""Found"",""clause_8"":""Found"",""clause_9"":""Found"",""clause_10"":""Found"",""clause_11"":""Found"",""clause_12"":""Found"",""clause_13"":""Found"",""clause_14"":""Not Found"",""clause_15"":""Not Found"",""clause_16"":""Found"",""clause_17"":""Found"",""clause_18"":""Found"",""clause_19"":""Not Found"",""clause_20"":""Not Found"",""deduction_type_1"":""Brokerage"",""deduction_percentage_1"":""20%"",""deduction_type_2"":""Commission"",""deduction_percentage_2"":""15%"",""deduction_type_3"":""Administrative Fee"",""deduction_percentage_3"":""5%"",""riskcode1"":""P3"",""riskcode1_percentage_1"":""100%"",""leader_overall"":""ABC Syndicate"",""Polreference"":"" "",""written_line_ref"":"" ""}",{}
JIR-1764659064925-kmfwvur6,dadsa,jira,pending_data_extraction,1,7,XSX-4300,2025-12-02T07:04:24.925Z,2025-12-02T07:05:28.055Z,{},{}
JIR-1764659186097-bi1jxjp3,JLJLJ,jira,running,1,7,XSX-4301,2025-12-02T07:06:26.097Z,2025-12-02T07:07:36.923Z,"{""contact_role"":""ABC Private Limited"",""title"":""Y"",""re_assured_name"":""John Doe"",""re_assured_main"":""Y"",""inception_date"":""30/11/2024"",""expiry_date"":""29/11/2025"",""settlement_due_date"":""30/03/2025"",""limit_amount"":""10,000,000.00"",""limit_currency"":""USD"",""limit_basis"":""PER OCC"",""deductible_amount"":""10,000.00"",""deductible_currency"":""USD"",""deductible_basis"":""PER OCC"",""tiv_amount_1"":""284,860,219.00"",""tiv_currency_1"":""USD"",""tiv_amount_2"":""1,045,000.00"",""tiv_currency_2"":""USD"",""clause_1"":""Found"",""clause_2"":""Found"",""clause_3"":""Found"",""clause_4"":""Found"",""clause_5"":""Found"",""clause_6"":""Not Found"",""clause_7"":""Found"",""clause_8"":""Found"",""clause_9"":""Found"",""clause_10"":""Found"",""clause_11"":""Found"",""clause_12"":""Found"",""clause_13"":""Found"",""clause_14"":""Not Found"",""clause_15"":""Not Found"",""clause_16"":""Found"",""clause_17"":""Found"",""clause_18"":""Found"",""clause_19"":""Not Found"",""clause_20"":""Not Found"",""deduction_type_1"":""Brokerage"",""deduction_percentage_1"":""20%"",""deduction_type_2"":""Commission"",""deduction_percentage_2"":""15%"",""deduction_type_3"":""Administrative Fee"",""deduction_percentage_3"":""5%"",""riskcode1"":""P3"",""riskcode1_percentage_1"":""100%"",""leader_overall"":""ABC Syndicate"",""Polreference"":"" "",""written_line_ref"":"" ""}",{}
JIR-1764659380102-l35iz2rs,KJL,jira,pending_approval,1,7,XSX-4302,2025-12-02T07:09:40.103Z,2025-12-02T07:11:38.649Z,"{""contact_role"":""ABC Private Limited"",""title"":""Y"",""re_assured_name"":""John Doe"",""re_assured_main"":""Y"",""inception_date"":""30/11/2024"",""expiry_date"":""29/11/2025"",""settlement_due_date"":""30/03/2025"",""limit_amount"":""10,000,000.00"",""limit_currency"":""USD"",""limit_basis"":""PER OCC"",""deductible_amount"":""10,000.00"",""deductible_currency"":""USD"",""deductible_basis"":""PER OCC"",""tiv_amount_1"":""284,860,219.00"",""tiv_currency_1"":""USD"",""tiv_amount_2"":""1,045,000.00"",""tiv_currency_2"":""USD"",""clause_1"":""Found"",""clause_2"":""Found"",""clause_3"":""Found"",""clause_4"":""Found"",""clause_5"":""Found"",""clause_6"":""Not Found"",""clause_7"":""Found"",""clause_8"":""Found"",""clause_9"":""Found"",""clause_10"":""Found"",""clause_11"":""Found"",""clause_12"":""Found"",""clause_13"":""Found"",""clause_14"":""Not Found"",""clause_15"":""Not Found"",""clause_16"":""Found"",""clause_17"":""Found"",""clause_18"":""Found"",""clause_19"":""Not Found"",""clause_20"":""Not Found"",""deduction_type_1"":""Brokerage"",""deduction_percentage_1"":""20%"",""deduction_type_2"":""Commission"",""deduction_percentage_2"":""15%"",""deduction_type_3"":""Administrative Fee"",""deduction_percentage_3"":""5%"",""riskcode1"":""P3"",""riskcode1_percentage_1"":""100%"",""leader_overall"":""ABC Syndicate"",""Polreference"":"" "",""written_line_ref"":"" ""}",{}
JIR-1764659660390-ye36giog,JL,jira,pending_approval,1,7,XSX-4303,2025-12-02T07:14:20.390Z,2025-12-02T07:16:29.936Z,"{""contact_role"":""ABC Private Limited"",""title"":""Y"",""re_assured_name"":""John Doe"",""re_assured_main"":""Y"",""inception_date"":""30/11/2024"",""expiry_date"":""29/11/2025"",""settlement_due_date"":""30/03/2025"",""limit_amount"":""10,000,000.00"",""limit_currency"":""USD"",""limit_basis"":""PER OCC"",""deductible_amount"":""10,000.00"",""deductible_currency"":""USD"",""deductible_basis"":""PER OCC"",""tiv_amount_1"":""284,860,219.00"",""tiv_currency_1"":""USD"",""tiv_amount_2"":""1,045,000.00"",""tiv_currency_2"":""USD"",""clause_1"":""Found"",""clause_2"":""Found"",""clause_3"":""Found"",""clause_4"":""Found"",""clause_5"":""Found"",""clause_6"":""Not Found"",""clause_7"":""Found"",""clause_8"":""Found"",""clause_9"":""Found"",""clause_10"":""Found"",""clause_11"":""Found"",""clause_12"":""Found"",""clause_13"":""Found"",""clause_14"":""Not Found"",""clause_15"":""Not Found"",""clause_16"":""Found"",""clause_17"":""Found"",""clause_18"":""Found"",""clause_19"":""Not Found"",""clause_20"":""Not Found"",""deduction_type_1"":""Brokerage"",""deduction_percentage_1"":""20%"",""deduction_type_2"":""Commission"",""deduction_percentage_2"":""15%"",""deduction_type_3"":""Administrative Fee"",""deduction_percentage_3"":""5%"",""riskcode1"":""P3"",""riskcode1_percentage_1"":""100%"",""leader_overall"":""ABC Syndicate"",""Polreference"":"" "",""written_line_ref"":"" ""}",{}
JIR-1764659976992-ocz34rip,jlkjlljl,jira,pending_approval,4,7,XSX-4304,2025-12-02T07:19:36.992Z,2025-12-02T07:21:35.738Z,"{""contact_role"":""ABC Private Limited"",""title"":""Y"",""re_assured_name"":""John Doe"",""re_assured_main"":""Y"",""inception_date"":""30/11/2024"",""expiry_date"":""29/11/2025"",""settlement_due_date"":""30/03/2025"",""limit_amount"":""10,000,000.00"",""limit_currency"":""USD"",""limit_basis"":""PER OCC"",""deductible_amount"":""10,000.00"",""deductible_currency"":""USD"",""deductible_basis"":""PER OCC"",""tiv_amount_1"":""284,860,219.00"",""tiv_currency_1"":""USD"",""tiv_amount_2"":""1,045,000.00"",""tiv_currency_2"":""USD"",""clause_1"":""Found"",""clause_2"":""Found"",""clause_3"":""Found"",""clause_4"":""Found"",""clause_5"":""Found"",""clause_6"":""Not Found"",""clause_7"":""Found"",""clause_8"":""Found"",""clause_9"":""Found"",""clause_10"":""Found"",""clause_11"":""Found"",""clause_12"":""Found"",""clause_13"":""Found"",""clause_14"":""Not Found"",""clause_15"":""Not Found"",""clause_16"":""Found"",""clause_17"":""Found"",""clause_18"":""Found"",""clause_19"":""Not Found"",""clause_20"":""Not Found"",""deduction_type_1"":""Brokerage"",""deduction_percentage_1"":""20%"",""deduction_type_2"":""Commission"",""deduction_percentage_2"":""15%"",""deduction_type_3"":""Administrative Fee"",""deduction_percentage_3"":""5%"",""riskcode1"":""P3"",""riskcode1_percentage_1"":""100%"",""leader_overall"":""ABC Syndicate"",""Polreference"":"" "",""written_line_ref"":"" ""}",{}
JIR-1764660311418-dgr9gsm9,jlkjlljl,jira,pending_approval,2,7,XSX-4304,2025-12-02T07:25:11.418Z,2025-12-02T07:26:51.429Z,"{""contact_role"":""ABC Private Limited"",""title"":""Y"",""re_assured_name"":""John Doe"",""re_assured_main"":""Y"",""inception_date"":""30/11/2024"",""expiry_date"":""29/11/2025"",""settlement_due_date"":""30/03/2025"",""limit_amount"":""10,000,000.00"",""limit_currency"":""USD"",""limit_basis"":""PER OCC"",""deductible_amount"":""10,000.00"",""deductible_currency"":""USD"",""deductible_basis"":""PER OCC"",""tiv_amount_1"":""284,860,219.00"",""tiv_currency_1"":""USD"",""tiv_amount_2"":""1,045,000.00"",""tiv_currency_2"":""USD"",""clause_1"":""Found"",""clause_2"":""Found"",""clause_3"":""Found"",""clause_4"":""Found"",""clause_5"":""Found"",""clause_6"":""Not Found"",""clause_7"":""Found"",""clause_8"":""Found"",""clause_9"":""Found"",""clause_10"":""Found"",""clause_11"":""Found"",""clause_12"":""Found"",""clause_13"":""Found"",""clause_14"":""Not Found"",""clause_15"":""Not Found"",""clause_16"":""Found"",""clause_17"":""Found"",""clause_18"":""Found"",""clause_19"":""Not Found"",""clause_20"":""Not Found"",""deduction_type_1"":""Brokerage"",""deduction_percentage_1"":""20%"",""deduction_type_2"":""Commission"",""deduction_percentage_2"":""15%"",""deduction_type_3"":""Administrative Fee"",""deduction_percentage_3"":""5%"",""riskcode1"":""P3"",""riskcode1_percentage_1"":""100%"",""leader_overall"":""ABC Syndicate"",""Polreference"":"" "",""written_line_ref"":"" ""}",{}
JIR-1764660576824-0qs2izej,DASDADASDADADA,jira,pending_approval,4,7,XSX-4305,2025-12-02T07:29:36.825Z,2025-12-02T07:31:52.415Z,"{""contact_role"":""ABC Private Limited"",""title"":""Y"",""re_assured_name"":""John Doe"",""re_assured_main"":""Y"",""inception_date"":""30/11/2024"",""expiry_date"":""29/11/2025"",""settlement_due_date"":""30/03/2025"",""limit_amount"":""10,000,000.00"",""limit_currency"":""USD"",""limit_basis"":""PER OCC"",""deductible_amount"":""10,000.00"",""deductible_currency"":""USD"",""deductible_basis"":""PER OCC"",""tiv_amount_1"":""284,860,219.00"",""tiv_currency_1"":""USD"",""tiv_amount_2"":""1,045,000.00"",""tiv_currency_2"":""USD"",""clause_1"":""Found"",""clause_2"":""Found"",""clause_3"":""Found"",""clause_4"":""Found"",""clause_5"":""Found"",""clause_6"":""Not Found"",""clause_7"":""Found"",""clause_8"":""Found"",""clause_9"":""Found"",""clause_10"":""Found"",""clause_11"":""Found"",""clause_12"":""Found"",""clause_13"":""Found"",""clause_14"":""Not Found"",""clause_15"":""Not Found"",""clause_16"":""Found"",""clause_17"":""Found"",""clause_18"":""Found"",""clause_19"":""Not Found"",""clause_20"":""Not Found"",""deduction_type_1"":""Brokerage"",""deduction_percentage_1"":""20%"",""deduction_type_2"":""Commission"",""deduction_percentage_2"":""15%"",""deduction_type_3"":""Administrative Fee"",""deduction_percentage_3"":""5%"",""riskcode1"":""P3"",""riskcode1_percentage_1"":""100%"",""leader_overall"":""ABC Syndicate"",""Polreference"":"" "",""written_line_ref"":"" ""}",{}
JIR-1764660976360-8bjeurgh,JLJLJLJL,jira,pending_approval,5,7,XSX-4306,2025-12-02T07:36:16.360Z,2025-12-02T07:39:42.767Z,"{""contact_role"":""ABC Private Limited"",""title"":""Y"",""re_assured_name"":""John Doe"",""re_assured_main"":""Y"",""inception_date"":""30/11/2024"",""expiry_date"":""29/11/2025"",""settlement_due_date"":""30/03/2025"",""limit_amount"":""10,000,000.00"",""limit_currency"":""USD"",""limit_basis"":""PER OCC"",""deductible_amount"":""10,000.00"",""deductible_currency"":""USD"",""deductible_basis"":""PER OCC"",""tiv_amount_1"":""284,860,219.00"",""tiv_currency_1"":""USD"",""tiv_amount_2"":""1,045,000.00"",""tiv_currency_2"":""USD"",""clause_1"":""Found"",""clause_2"":""Found"",""clause_3"":""Found"",""clause_4"":""Found"",""clause_5"":""Found"",""clause_6"":""Not Found"",""clause_7"":""Found"",""clause_8"":""Found"",""clause_9"":""Found"",""clause_10"":""Found"",""clause_11"":""Found"",""clause_12"":""Found"",""clause_13"":""Found"",""clause_14"":""Not Found"",""clause_15"":""Not Found"",""clause_16"":""Found"",""clause_17"":""Found"",""clause_18"":""Found"",""clause_19"":""Not Found"",""clause_20"":""Not Found"",""deduction_type_1"":""Brokerage"",""deduction_percentage_1"":""20%"",""deduction_type_2"":""Commission"",""deduction_percentage_2"":""15%"",""deduction_type_3"":""Administrative Fee"",""deduction_percentage_3"":""5%"",""riskcode1"":""P3"",""riskcode1_percentage_1"":""100%"",""leader_overall"":""ABC Syndicate"",""Polreference"":"" "",""written_line_ref"":"" ""}",{}
JIR-1764680878202-r8aoigm9,Slip - Reference: AB12321223132,jira,pending_data_extraction,1,7,XSX-4205,2025-12-02T13:07:58.202Z,2025-12-02T13:09:02.394Z,{},{}
JIR-1764681041094-8mdppaim,Slip - Reference: AB12321223132,jira,completed,6,7,XSX-4307,2025-12-02T13:10:41.094Z,2025-12-02T13:16:22.941Z,"{""contact_role"":""ABC Private Limited"",""title"":""Y"",""re_assured_name"":""John Doe"",""re_assured_main"":""Y"",""inception_date"":""30/11/2024"",""expiry_date"":""29/11/2025"",""settlement_due_date"":""30/03/2025"",""limit_amount"":""10,000,000.00"",""limit_currency"":""USD"",""limit_basis"":""PER OCC"",""deductible_amount"":""10,000.00"",""deductible_currency"":""USD"",""deductible_basis"":""PER OCC"",""tiv_amount_1"":""284,860,219.00"",""tiv_currency_1"":""USD"",""tiv_amount_2"":""1,045,000.00"",""tiv_currency_2"":""USD"",""clause_1"":""Found"",""clause_2"":""Found"",""clause_3"":""Found"",""clause_4"":""Found"",""clause_5"":""Found"",""clause_6"":""Not Found"",""clause_7"":""Found"",""clause_8"":""Found"",""clause_9"":""Found"",""clause_10"":""Found"",""clause_11"":""Found"",""clause_12"":""Found"",""clause_13"":""Found"",""clause_14"":""Not Found"",""clause_15"":""Not Found"",""clause_16"":""Found"",""clause_17"":""Found"",""clause_18"":""Found"",""clause_19"":""Not Found"",""clause_20"":""Not Found"",""deduction_type_1"":""Brokerage"",""deduction_percentage_1"":""20%"",""deduction_type_2"":""Commission"",""deduction_percentage_2"":""15%"",""deduction_type_3"":""Administrative Fee"",""deduction_percentage_3"":""5%"",""riskcode1"":""P3"",""riskcode1_percentage_1"":""100%"",""leader_overall"":""ABC Syndicate"",""Polreference"":"" "",""written_line_ref"":"" ""}",{}
JIR-1769504060120-uqsnj09b,Slip - Reference: AB12321223132,jira,pending_approval,5,7,XSX-4309,2026-01-27T08:54:20.120Z,2026-01-27T08:56:55.674Z,"{""contact_role"":""ABC Private Limited"",""title"":""Y"",""re_assured_name"":""John Doe"",""re_assured_main"":""Y"",""inception_date"":""30/11/2024"",""expiry_date"":""29/11/2025"",""settlement_due_date"":""30/03/2025"",""limit_amount"":""10,000,000.00"",""limit_currency"":""USD"",""limit_basis"":""PER OCC"",""deductible_amount"":""10,000.00"",""deductible_currency"":""USD"",""deductible_basis"":""PER OCC"",""tiv_amount_1"":""284,860,219.00"",""tiv_currency_1"":""USD"",""tiv_amount_2"":""1,045,000.00"",""tiv_currency_2"":""USD"",""clause_1"":""Found"",""clause_2"":""Found"",""clause_3"":""Found"",""clause_4"":""Found"",""clause_5"":""Found"",""clause_6"":""Not Found"",""clause_7"":""Found"",""clause_8"":""Found"",""clause_9"":""Found"",""clause_10"":""Found"",""clause_11"":""Found"",""clause_12"":""Found"",""clause_13"":""Found"",""clause_14"":""Not Found"",""clause_15"":""Not Found"",""clause_16"":""Found"",""clause_17"":""Found"",""clause_18"":""Found"",""clause_19"":""Not Found"",""clause_20"":""Not Found"",""deduction_type_1"":""Brokerage"",""deduction_percentage_1"":""20%"",""deduction_type_2"":""Commission"",""deduction_percentage_2"":""15%"",""deduction_type_3"":""Administrative Fee"",""deduction_percentage_3"":""5%"",""riskcode1"":""P3"",""riskcode1_percentage_1"":""100%"",""leader_overall"":""ABC Syndicate"",""Polreference"":"" "",""written_line_ref"":"" ""}",{}
JIR-1769512547730-z5xg6pkc,Slip - Reference: AB12321223132,jira,completed,6,7,XSX-4311,2026-01-27T11:15:47.730Z,2026-01-27T11:22:31.907Z,"{""contact_role"":""ABC Private Limited"",""title"":""Y"",""re_assured_name"":""John Doe"",""re_assured_main"":""Y"",""inception_date"":""30/11/2024"",""expiry_date"":""29/11/2025"",""settlement_due_date"":""30/03/2025"",""limit_amount"":""10,000,000.00"",""limit_currency"":""USD"",""limit_basis"":""PER OCC"",""deductible_amount"":""10,000.00"",""deductible_currency"":""USD"",""deductible_basis"":""PER OCC"",""tiv_amount_1"":""284,860,219.00"",""tiv_currency_1"":""USD"",""tiv_amount_2"":""1,045,000.00"",""tiv_currency_2"":""USD"",""clause_1"":""Found"",""clause_2"":""Found"",""clause_3"":""Found"",""clause_4"":""Found"",""clause_5"":""Found"",""clause_6"":""Not Found"",""clause_7"":""Found"",""clause_8"":""Found"",""clause_9"":""Found"",""clause_10"":""Found"",""clause_11"":""Found"",""clause_12"":""Found"",""clause_13"":""Found"",""clause_14"":""Not Found"",""clause_15"":""Not Found"",""clause_16"":""Found"",""clause_17"":""Found"",""clause_18"":""Found"",""clause_19"":""Not Found"",""clause_20"":""Not Found"",""deduction_type_1"":""Brokerage"",""deduction_percentage_1"":""20%"",""deduction_type_2"":""Commission"",""deduction_percentage_2"":""15%"",""deduction_type_3"":""Administrative Fee"",""deduction_percentage_3"":""5%"",""riskcode1"":""P3"",""riskcode1_percentage_1"":""100%"",""leader_overall"":""ABC Syndicate"",""Polreference"":"" "",""written_line_ref"":"" ""}",{}
JIR-1770371141592-4jlzy3ed,Slip - Reference: AB12321223132,jira,pending_data_extraction,1,7,XSX-4312,2026-02-06T09:45:41.593Z,2026-02-06T09:46:45.458Z,{},{}
JIR-1770372860189-5bg8qkok,Slip - Reference: AB12321223132,jira,completed,6,7,XSX-4313,2026-02-06T10:14:20.189Z,2026-02-06T10:18:42.685Z,"{""contact_role"":""ABC Private Limited"",""title"":""Y"",""re_assured_name"":""John Doe"",""re_assured_main"":""Y"",""inception_date"":""30/11/2024"",""expiry_date"":""29/11/2025"",""settlement_due_date"":""30/03/2025"",""limit_amount"":""10,000,000.00"",""limit_currency"":""USD"",""limit_basis"":""PER OCC"",""deductible_amount"":""10,000.00"",""deductible_currency"":""USD"",""deductible_basis"":""PER OCC"",""tiv_amount_1"":""284,860,219.00"",""tiv_currency_1"":""USD"",""tiv_amount_2"":""1,045,000.00"",""tiv_currency_2"":""USD"",""clause_1"":""Found"",""clause_2"":""Found"",""clause_3"":""Found"",""clause_4"":""Found"",""clause_5"":""Found"",""clause_6"":""Not Found"",""clause_7"":""Found"",""clause_8"":""Found"",""clause_9"":""Found"",""clause_10"":""Found"",""clause_11"":""Found"",""clause_12"":""Found"",""clause_13"":""Found"",""clause_14"":""Not Found"",""clause_15"":""Not Found"",""clause_16"":""Found"",""clause_17"":""Found"",""clause_18"":""Found"",""clause_19"":""Not Found"",""clause_20"":""Not Found"",""deduction_type_1"":""Brokerage"",""deduction_percentage_1"":""20%"",""deduction_type_2"":""Commission"",""deduction_percentage_2"":""15%"",""deduction_type_3"":""Administrative Fee"",""deduction_percentage_3"":""5%"",""riskcode1"":""P3"",""riskcode1_percentage_1"":""100%"",""leader_overall"":""ABC Syndicate"",""Polreference"":"" "",""written_line_ref"":"" ""}",{}
JIR-1773481513838-r1y9iq3r,"j,hmgnfbgnhjklklhjgfdb",jira,pending_approval,2,7,XSX-4333,2026-03-14T09:45:13.839Z,2026-03-14T12:47:08.728Z,"{""contact_role"":""ABC Private Limited"",""title"":""Y"",""re_assured_name"":""John Doe"",""re_assured_main"":""Y"",""inception_date"":""30/11/2024"",""expiry_date"":""29/11/2025"",""settlement_due_date"":""30/03/2025"",""limit_amount"":""10,000,000.00"",""limit_currency"":""USD"",""limit_basis"":""PER OCC"",""deductible_amount"":""10,000.00"",""deductible_currency"":""USD"",""deductible_basis"":""PER OCC"",""tiv_amount_1"":""284,860,219.00"",""tiv_currency_1"":""USD"",""tiv_amount_2"":""1,045,000.00"",""tiv_currency_2"":""USD"",""clause_1"":""Found"",""clause_2"":""Found"",""clause_3"":""Found"",""clause_4"":""Found"",""clause_5"":""Found"",""clause_6"":""Not Found"",""clause_7"":""Found"",""clause_8"":""Found"",""clause_9"":""Found"",""clause_10"":""Found"",""clause_11"":""Found"",""clause_12"":""Found"",""clause_13"":""Found"",""clause_14"":""Not Found"",""clause_15"":""Not Found"",""clause_16"":""Found"",""clause_17"":""Found"",""clause_18"":""Found"",""clause_19"":""Not Found"",""clause_20"":""Not Found"",""deduction_type_1"":""Brokerage"",""deduction_percentage_1"":""20%"",""deduction_type_2"":""Commission"",""deduction_percentage_2"":""15%"",""deduction_type_3"":""Administrative Fee"",""deduction_percentage_3"":""5%"",""riskcode1"":""P3"",""riskcode1_percentage_1"":""100%"",""leader_overall"":""ABC Syndicate"",""Polreference"":"" "",""written_line_ref"":"" ""}",{}
JIR-1773484385422-i21bqisr,mjhchkhjfdsvxcmhkjfgd,jira,pending_data_extraction,1,7,XSX-4334,2026-03-14T10:33:05.422Z,2026-03-14T10:34:08.040Z,{},{}
JIR-1773485213031-bi0rx9do,jghgdfskdfszxcvgjyd,jira,pending_data_extraction,1,7,XSX-4335,2026-03-14T10:46:53.031Z,2026-03-14T10:47:55.610Z,{},{}
JIR-1773486973624-h74c4bul,mjhchkhjfdsvxcmhkjfgd,jira,pending_data_extraction,1,7,XSX-4334,2026-03-14T11:16:13.624Z,2026-03-14T11:17:16.219Z,{},{}
JIR-1773487183119-b6oxi6sl,mjhchkhjfdsvxcmhkjfgd,jira,pending_data_extraction,1,7,XSX-4334,2026-03-14T11:19:43.120Z,2026-03-14T11:20:45.722Z,{},{}
JIR-1773487188231-4yfkmys3,mjhchkhjfdsvxcmhkjfgd,jira,pending_data_extraction,1,7,XSX-4334,2026-03-14T11:19:48.232Z,2026-03-14T11:20:50.827Z,{},{}
JIR-1773487498920-j1cdyyo7,mjhchkhjfdsvxcmhkjfgd,jira,pending_data_extraction,1,7,XSX-4334,2026-03-14T11:24:58.920Z,2026-03-14T11:26:01.601Z,{},{}
JIR-1773487566900-b1o62jyw,mjhchkhjfdsvxcmhkjfgd,jira,pending_data_extraction,1,7,XSX-4334,2026-03-14T11:26:06.900Z,2026-03-14T11:27:09.535Z,{},{}
JIR-1773487597639-iox4vxn7,mjhchkhjfdsvxcmhkjfgd,jira,pending_data_extraction,1,7,XSX-4334,2026-03-14T11:26:37.639Z,2026-03-14T11:27:40.257Z,{},{}
JIR-1773490394641-d830lctb,mjhchkhjfdsvxcmhkjfgd,jira,pending_approval,2,7,XSX-4334,2026-03-14T12:13:14.642Z,2026-03-14T12:26:52.915Z,"{""contact_role"":""ABC Private Limited"",""title"":""Y"",""re_assured_name"":""John Doe"",""re_assured_main"":""Y"",""inception_date"":""30/11/2024"",""expiry_date"":""29/11/2025"",""settlement_due_date"":""30/03/2025"",""limit_amount"":""10,000,000.00"",""limit_currency"":""USD"",""limit_basis"":""PER OCC"",""deductible_amount"":""10,000.00"",""deductible_currency"":""USD"",""deductible_basis"":""PER OCC"",""tiv_amount_1"":""284,860,219.00"",""tiv_currency_1"":""USD"",""tiv_amount_2"":""1,045,000.00"",""tiv_currency_2"":""USD"",""clause_1"":""Found"",""clause_2"":""Found"",""clause_3"":""Found"",""clause_4"":""Found"",""clause_5"":""Found"",""clause_6"":""Not Found"",""clause_7"":""Found"",""clause_8"":""Found"",""clause_9"":""Found"",""clause_10"":""Found"",""clause_11"":""Found"",""clause_12"":""Found"",""clause_13"":""Found"",""clause_14"":""Not Found"",""clause_15"":""Not Found"",""clause_16"":""Found"",""clause_17"":""Found"",""clause_18"":""Found"",""clause_19"":""Not Found"",""clause_20"":""Not Found"",""deduction_type_1"":""Brokerage"",""deduction_percentage_1"":""20%"",""deduction_type_2"":""Commission"",""deduction_percentage_2"":""15%"",""deduction_type_3"":""Administrative Fee"",""deduction_percentage_3"":""5%"",""riskcode1"":""P3"",""riskcode1_percentage_1"":""100%"",""leader_overall"":""ABC Syndicate"",""Polreference"":"" "",""written_line_ref"":"" ""}",{}
JIR-1773492601834-z9bbq2tu,"j,hmgnfbgnhjklklhjgfdb",jira,pending_data_extraction,1,7,XSX-4333,2026-03-14T12:50:01.835Z,2026-03-14T12:51:04.412Z,{},{}
JIR-1773492638545-1u5ffvuo,"j,hmgnfbgnhjklklhjgfdb",jira,pending_data_extraction,1,7,XSX-4333,2026-03-14T12:50:38.545Z,2026-03-14T12:51:41.110Z,{},{}
JIR-1773492638941-y5f9ycvm,"j,hmgnfbgnhjklklhjgfdb",jira,pending_approval,2,7,XSX-4333,2026-03-14T12:50:38.941Z,2026-03-14T12:52:49.129Z,"{""contact_role"":""ABC Private Limited"",""title"":""Y"",""re_assured_name"":""John Doe"",""re_assured_main"":""Y"",""inception_date"":""30/11/2024"",""expiry_date"":""29/11/2025"",""settlement_due_date"":""30/03/2025"",""limit_amount"":""10,000,000.00"",""limit_currency"":""USD"",""limit_basis"":""PER OCC"",""deductible_amount"":""10,000.00"",""deductible_currency"":""USD"",""deductible_basis"":""PER OCC"",""tiv_amount_1"":""284,860,219.00"",""tiv_currency_1"":""USD"",""tiv_amount_2"":""1,045,000.00"",""tiv_currency_2"":""USD"",""clause_1"":""Found"",""clause_2"":""Found"",""clause_3"":""Found"",""clause_4"":""Found"",""clause_5"":""Found"",""clause_6"":""Not Found"",""clause_7"":""Found"",""clause_8"":""Found"",""clause_9"":""Found"",""clause_10"":""Found"",""clause_11"":""Found"",""clause_12"":""Found"",""clause_13"":""Found"",""clause_14"":""Not Found"",""clause_15"":""Not Found"",""clause_16"":""Found"",""clause_17"":""Found"",""clause_18"":""Found"",""clause_19"":""Not Found"",""clause_20"":""Not Found"",""deduction_type_1"":""Brokerage"",""deduction_percentage_1"":""20%"",""deduction_type_2"":""Commission"",""deduction_percentage_2"":""15%"",""deduction_type_3"":""Administrative Fee"",""deduction_percentage_3"":""5%"",""riskcode1"":""P3"",""riskcode1_percentage_1"":""100%"",""leader_overall"":""ABC Syndicate"",""Polreference"":"" "",""written_line_ref"":"" ""}",{}
JIR-1773493161204-1cantj2t,"j,hmgnfbgnhjklklhjgfdb",jira,pending_approval,2,7,XSX-4333,2026-03-14T12:59:21.204Z,2026-03-14T13:00:58.965Z,"{""contact_role"":""ABC Private Limited"",""title"":""Y"",""re_assured_name"":""John Doe"",""re_assured_main"":""Y"",""inception_date"":""30/11/2024"",""expiry_date"":""29/11/2025"",""settlement_due_date"":""30/03/2025"",""limit_amount"":""10,000,000.00"",""limit_currency"":""USD"",""limit_basis"":""PER OCC"",""deductible_amount"":""10,000.00"",""deductible_currency"":""USD"",""deductible_basis"":""PER OCC"",""tiv_amount_1"":""284,860,219.00"",""tiv_currency_1"":""USD"",""tiv_amount_2"":""1,045,000.00"",""tiv_currency_2"":""USD"",""clause_1"":""Found"",""clause_2"":""Found"",""clause_3"":""Found"",""clause_4"":""Found"",""clause_5"":""Found"",""clause_6"":""Not Found"",""clause_7"":""Found"",""clause_8"":""Found"",""clause_9"":""Found"",""clause_10"":""Found"",""clause_11"":""Found"",""clause_12"":""Found"",""clause_13"":""Found"",""clause_14"":""Not Found"",""clause_15"":""Not Found"",""clause_16"":""Found"",""clause_17"":""Found"",""clause_18"":""Found"",""clause_19"":""Not Found"",""clause_20"":""Not Found"",""deduction_type_1"":""Brokerage"",""deduction_percentage_1"":""20%"",""deduction_type_2"":""Commission"",""deduction_percentage_2"":""15%"",""deduction_type_3"":""Administrative Fee"",""deduction_percentage_3"":""5%"",""riskcode1"":""P3"",""riskcode1_percentage_1"":""100%"",""leader_overall"":""ABC Syndicate"",""Polreference"":"" "",""written_line_ref"":"" ""}",{}
JIR-1773493360830-rqh5y6m9,"j,hmgnfbgnhjklklhjgfdb",jira,pending_data_extraction,3,7,XSX-4333,2026-03-14T13:02:40.830Z,2026-03-14T14:00:46.219Z,"{""contact_role"":""ABC Private Limited"",""title"":""Y"",""re_assured_name"":""John Doe"",""re_assured_main"":""Y"",""inception_date"":""30/11/2024"",""expiry_date"":""29/11/2025"",""settlement_due_date"":""30/03/2025"",""limit_amount"":""10,000,000.00"",""limit_currency"":""USD"",""limit_basis"":""PER OCC"",""deductible_amount"":""10,000.00"",""deductible_currency"":""USD"",""deductible_basis"":""PER OCC"",""tiv_amount_1"":""284,860,219.00"",""tiv_currency_1"":""USD"",""tiv_amount_2"":""1,045,000.00"",""tiv_currency_2"":""USD"",""clause_1"":""Found"",""clause_2"":""Found"",""clause_3"":""Found"",""clause_4"":""Found"",""clause_5"":""Found"",""clause_6"":""Not Found"",""clause_7"":""Found"",""clause_8"":""Found"",""clause_9"":""Found"",""clause_10"":""Found"",""clause_11"":""Found"",""clause_12"":""Found"",""clause_13"":""Found"",""clause_14"":""Not Found"",""clause_15"":""Not Found"",""clause_16"":""Found"",""clause_17"":""Found"",""clause_18"":""Found"",""clause_19"":""Not Found"",""clause_20"":""Not Found"",""deduction_type_1"":""Brokerage"",""deduction_percentage_1"":""20%"",""deduction_type_2"":""Commission"",""deduction_percentage_2"":""15%"",""deduction_type_3"":""Administrative Fee"",""deduction_percentage_3"":""5%"",""riskcode1"":""P3"",""riskcode1_percentage_1"":""100%"",""leader_overall"":""ABC Syndicate"",""Polreference"":"" "",""written_line_ref"":"" ""}",{}
SUB-1773494888287-hqwitue4,Personal Lines Submission — UW-2025-001,submission,pending_data_extraction,1,7,UW-2025-001,2026-03-14T13:28:08.287Z,2026-03-14T13:28:24.649Z,{},{}
SUB-1773495239765-wyg63yph,Personal Lines Submission — UW-2025-001,submission,pending_data_extraction,1,7,UW-2025-001,2026-03-14T13:33:59.766Z,2026-03-14T13:34:16.105Z,{},{}
SUB-1773495318079-onbev236,Personal Lines Submission — UW-2025-001,submission,pending_data_extraction,1,7,UW-2025-001,2026-03-14T13:35:18.080Z,2026-03-14T13:35:34.463Z,{},{}
SUB-1773495329344-4bt07ts5,Personal Lines Submission — UW-2025-001,submission,pending_data_extraction,1,7,UW-2025-001,2026-03-14T13:35:29.344Z,2026-03-14T13:35:45.683Z,{},{}
SUB-1773495887153-6bifutjg,Personal Lines Submission — UW-2025-001,submission,pending_data_extraction,1,7,UW-2025-001,2026-03-14T13:44:47.154Z,2026-03-14T13:45:07.980Z,{},{}
SUB-1773496040143-7ikyykdu,Personal Lines Submission — UW-2025-001,submission,pending_data_extraction,1,7,UW-2025-001,2026-03-14T13:47:20.143Z,2026-03-14T13:47:40.874Z,{},{}
SUB-1773496114113-ewa9e2kv,Personal Lines Submission — UW-2025-002,submission,pending_data_extraction,1,7,UW-2025-002,2026-03-14T13:48:34.114Z,2026-03-14T13:48:54.806Z,{},{}
SUB-1773496144984-nj154knw,Personal Lines Submission — UW-2025-002,submission,pending_data_extraction,1,7,UW-2025-002,2026-03-14T13:49:04.984Z,2026-03-14T13:49:25.651Z,{},{}
SUB-1773496278833-vbavtltb,Personal Lines Submission — UW-2025-001,submission,pending_data_extraction,1,7,UW-2025-001,2026-03-14T13:51:18.833Z,2026-03-14T13:51:39.636Z,{},{}
SUB-1773496406250-xzq625sy,Personal Lines Submission — UW-2025-001,submission,completed,7,7,UW-2025-001,2026-03-14T13:53:26.250Z,2026-03-14T13:57:29.794Z,"{""insured_name"":"""",""insured_address_line1"":"""",""insured_city"":"""",""insured_state"":"""",""insured_zip"":"""",""policy_number"":"""",""property_address_line1"":"""",""property_city"":"""",""property_state"":"""",""property_zip"":"""",""property_type"":"""",""occupancy_type"":"""",""year_built"":"""",""construction_type"":"""",""coverage_type"":"""",""dwelling_limit"":"""",""other_structures_limit"":"""",""personal_property_limit"":"""",""loss_of_use_limit"":"""",""liability_limit"":"""",""medical_payments_limit"":"""",""all_peril_deductible"":"""",""wind_hail_deductible"":"""",""hurricane_deductible"":"""",""annual_premium"":"""",""policy_fee"":"""",""inception_date"":"""",""expiry_date"":"""",""carrier_name"":"""",""producing_agent"":"""",""agent_email"":"""",""endorsements"":"""",""discounts"":"""",""prior_claims"":""""}",{}
SUB-1773496654043-6xusn785,Personal Lines Submission — UW-2025-001,submission,pending_data_extraction,1,7,UW-2025-001,2026-03-14T13:57:34.043Z,2026-03-14T13:57:54.723Z,{},{}
SUB-1773496796448-ibacr259,Personal Lines Submission — UW-2025-001,submission,completed,7,7,UW-2025-001,2026-03-14T13:59:56.448Z,2026-03-14T14:11:51.422Z,"{""insured_name"":""Robert J. Harrington & Elena M. Harrington"",""insured_address_line1"":""842 Elmwood Drive"",""insured_city"":""Pasadena"",""insured_state"":""California"",""insured_zip"":""91104"",""policy_number"":""HO-2024-7731845-CA"",""property_address_line1"":""842 Elmwood Drive"",""property_city"":""Pasadena"",""property_state"":""California"",""property_zip"":""91104"",""property_type"":""HO-3 Special Form — Homeowners"",""occupancy_type"":""Owner-Occupied Primary Residence"",""year_built"":""1987"",""construction_type"":""Wood Frame — Stucco Exterior"",""coverage_type"":""HO-3 Special Form — Homeowners"",""dwelling_limit"":""$875,000"",""other_structures_limit"":""$87,500"",""personal_property_limit"":""$350,000"",""loss_of_use_limit"":""$175,000"",""liability_limit"":""$300,000"",""medical_payments_limit"":""$5,000 per person"",""all_peril_deductible"":""$2,500"",""wind_hail_deductible"":""2% of Coverage A"",""hurricane_deductible"":""Not Covered"",""annual_premium"":""$3,142.83"",""policy_fee"":""$35.00"",""inception_date"":""03/15/2024"",""expiry_date"":""03/15/2025"",""carrier_name"":""Pinnacle Mutual Insurance Group"",""producing_agent"":""Pacific Coast Insurance Brokers (Lic #0F28841)"",""agent_email"":"""",""endorsements"":""HO-61: Scheduled Personal Property — Jewelry ($45,000); HO-77: Home Business Endorsement; HO-91: Water Backup & Sump Overflow ($25,000); HO-112: Identity Fraud Expense ($25,000); HO-201: Ordinance or Law (25% of Cov A); HO-215: Extended Replacement Cost (up to 150%)"",""discounts"":""Multi-Policy Discount (Auto + Home): -$185.00; Protective Device Credit (Alarm System): -$68.00; New Roof Credit (roof < 10 years): -$112.00"",""prior_claims"":""""}",{}
SUB-1773497537246-1hlkt5da,Personal Lines Submission — UW-2025-001,submission,pending_data_extraction,1,7,UW-2025-001,2026-03-14T14:12:17.247Z,2026-03-14T14:12:37.980Z,{},{}
SUB-1773497712474-oq51deef,Personal Lines Submission — UW-2025-001,submission,pending_data_extraction,1,7,UW-2025-001,2026-03-14T14:15:12.474Z,2026-03-14T14:15:33.239Z,{},{}
SUB-1773498030488-gy6mrxot,Personal Lines Submission — UW-2025-001,submission,completed,7,7,UW-2025-001,2026-03-14T14:20:30.489Z,2026-03-14T14:27:01.662Z,"{""insured_name"":""Robert J. Harrington & Elena M. Harrington"",""insured_address_line1"":""842 Elmwood Drive"",""insured_city"":""Pasadena"",""insured_state"":""California"",""insured_zip"":""91104"",""policy_number"":""HO-2024-7731845-CA"",""property_address_line1"":""842 Elmwood Drive"",""property_city"":""Pasadena"",""property_state"":""California"",""property_zip"":""91104"",""property_type"":""HO-3 Special Form — Homeowners"",""occupancy_type"":""Owner-Occupied Primary Residence"",""year_built"":""1987"",""construction_type"":""Wood Frame — Stucco Exterior"",""coverage_type"":""HO-3 Special Form — Homeowners"",""dwelling_limit"":""$875,000"",""other_structures_limit"":""$87,500"",""personal_property_limit"":""$350,000"",""loss_of_use_limit"":""$175,000"",""liability_limit"":""$300,000"",""medical_payments_limit"":""$5,000 per person"",""all_peril_deductible"":""$2,500"",""wind_hail_deductible"":""2% of Coverage A"",""hurricane_deductible"":""Not Covered"",""annual_premium"":""$3,142.83"",""policy_fee"":""$35.00"",""inception_date"":""03/15/2024"",""expiry_date"":""03/15/2025"",""carrier_name"":""Pinnacle Mutual Insurance Group"",""producing_agent"":""Pacific Coast Insurance Brokers (Lic #0F28841)"",""agent_email"":""""}",{}
SUB-1773499275288-cd2bgpgr,Personal Lines Submission — UW-2025-001,submission,completed,7,7,UW-2025-001,2026-03-14T14:41:15.288Z,2026-03-14T14:43:14.973Z,"{""insured_name"":""Robert J. Harrington & Elena M. Harrington"",""insured_address_line1"":""842 Elmwood Drive"",""insured_city"":""Pasadena"",""insured_state"":""California"",""insured_zip"":""91104"",""policy_number"":""HO-2024-7731845-CA"",""property_address_line1"":""842 Elmwood Drive"",""property_city"":""Pasadena"",""property_state"":""California"",""property_zip"":""91104"",""property_type"":""HO-3 Special Form — Homeowners"",""occupancy_type"":""Owner-Occupied Primary Residence"",""year_built"":""1987"",""construction_type"":""Wood Frame — Stucco Exterior"",""coverage_type"":""HO-3 Special Form — Homeowners"",""dwelling_limit"":""$875,000"",""other_structures_limit"":""$87,500"",""personal_property_limit"":""$350,000"",""loss_of_use_limit"":""$175,000"",""liability_limit"":""$300,000"",""medical_payments_limit"":""$5,000 per person"",""all_peril_deductible"":""$2,500"",""wind_hail_deductible"":""2% of Coverage A"",""hurricane_deductible"":""Not Covered"",""annual_premium"":""$3,142.83"",""policy_fee"":""$35.00"",""inception_date"":""03/15/2024"",""expiry_date"":""03/15/2025"",""carrier_name"":""Pinnacle Mutual Insurance Group"",""producing_agent"":""Pacific Coast Insurance Brokers (Lic #0F28841)"",""agent_email"":""""}",{}
SUB-1773501995874-w0kn1fsp,Personal Lines Submission — UW-2025-001,submission,completed,7,7,UW-2025-001,2026-03-14T15:26:35.875Z,2026-03-14T15:29:43.880Z,"{""insured_name"":""Robert J. Harrington & Elena M. Harrington"",""insured_address_line1"":""842 Elmwood Drive"",""insured_city"":""Pasadena"",""insured_state"":""California"",""insured_zip"":""91104"",""policy_number"":""HO-2024-7731845-CA"",""property_address_line1"":""842 Elmwood Drive"",""property_city"":""Pasadena"",""property_state"":""California"",""property_zip"":""91104"",""property_type"":""HO-3 Special Form — Homeowners"",""occupancy_type"":""Owner-Occupied Primary Residence"",""year_built"":""1987"",""construction_type"":""Wood Frame — Stucco Exterior"",""coverage_type"":""HO-3 Special Form — Homeowners"",""dwelling_limit"":""$875,000"",""other_structures_limit"":""$87,500"",""personal_property_limit"":""$350,000"",""loss_of_use_limit"":""$175,000"",""liability_limit"":""$300,000"",""medical_payments_limit"":""$5,000 per person"",""all_peril_deductible"":""$2,500"",""wind_hail_deductible"":""2% of Coverage A"",""hurricane_deductible"":""Not Covered"",""annual_premium"":""$3,142.83"",""policy_fee"":""$35.00"",""inception_date"":""03/15/2024"",""expiry_date"":""03/15/2025"",""carrier_name"":""Pinnacle Mutual Insurance Group"",""producing_agent"":""Pacific Coast Insurance Brokers (Lic #0F28841)"",""agent_email"":""""}",{}
JIR-1773502287468-9fhfjuur,mjhchkhjfdsvxcmhkjfgd,jira,pending_data_extraction,1,7,XSX-4334-archived-1773504792710,2026-03-14T15:31:27.468Z,2026-03-14T16:13:12.711Z,{},{}
JIR-1773502626179-xo6dc39a,jghgdfskdfszxcvgjyd,jira,pending_data_extraction,1,7,XSX-4335-archived-1773504728050,2026-03-14T15:37:06.180Z,2026-03-14T16:12:08.050Z,{},{}
JIR-1773502639303-5khjd7q7,kll;'lkdfsafghjkl;,jira,pending_data_extraction,1,7,XSX-4331,2026-03-14T15:37:19.303Z,2026-03-14T15:37:52.744Z,{},{}
JIR-1773502647108-3iwegguh,dasdsdasdsa,jira,pending_data_extraction,1,7,XSX-4330,2026-03-14T15:37:27.108Z,2026-03-14T15:38:00.529Z,{},{}
JIR-1773502653457-cgr4foci,"j,hmgnfbgnhjklklhjgfdb",jira,pending_data_extraction,1,7,XSX-4333,2026-03-14T15:37:33.458Z,2026-03-14T15:38:06.973Z,{},{}
SUB-1773502721740-fq1dgo2a,Personal Lines Submission — UW-2025-001,submission,pending_data_extraction,1,7,UW-2025-001-archived-1773506755764,2026-03-14T15:38:41.742Z,2026-03-14T16:45:55.765Z,"{""_formConfig"":{""form_title"":""Policy Data Extraction Review"",""form_subtitle"":""Review and approve extracted data from the uploaded property insurance policy document"",""confidence_threshold"":{""high"":0.9,""medium"":0.75,""low"":0},""sections"":[{""id"":""insured_details"",""title"":""Insured Details"",""fields"":[{""id"":""insured_name"",""label"":""Insured Name"",""value"":""Robert J. Harrington & Elena M. Harrington"",""confidence"":0.97,""type"":""text"",""required"":true,""source"":{""page"":1,""bbox"":[146,453,281,474]}},{""id"":""insured_address_line1"",""label"":""Mailing Address"",""value"":""842 Elmwood Drive"",""confidence"":0.95,""type"":""text"",""required"":true,""source"":{""page"":1,""bbox"":[400,462,532,474]}},{""id"":""insured_city"",""label"":""City"",""value"":""Pasadena"",""confidence"":0.94,""type"":""text"",""required"":false,""source"":{""page"":1,""bbox"":[400,453,532,462]}},{""id"":""insured_state"",""label"":""State"",""value"":""California"",""confidence"":0.96,""type"":""text"",""required"":false,""source"":{""page"":1,""bbox"":[400,405,442,414]}},{""id"":""insured_zip"",""label"":""ZIP Code"",""value"":""91104"",""confidence"":0.97,""type"":""text"",""required"":true,""source"":{""page"":1,""bbox"":[146,405,171,414]}},{""id"":""policy_number"",""label"":""Policy Number"",""value"":""HO-2024-7731845-CA"",""confidence"":0.99,""type"":""text"",""required"":true,""source"":{""page"":1,""bbox"":[146,602,236,611]}}]},{""id"":""property_details"",""title"":""Property Details"",""fields"":[{""id"":""property_address_line1"",""label"":""Property Address"",""value"":""842 Elmwood Drive"",""confidence"":0.96,""type"":""text"",""required"":true,""source"":{""page"":1,""bbox"":[146,435,293,444]}},{""id"":""property_city"",""label"":""City"",""value"":""Pasadena"",""confidence"":0.95,""type"":""text"",""required"":true,""source"":{""page"":1,""bbox"":[146,435,293,444]}},{""id"":""property_state"",""label"":""State"",""value"":""California"",""confidence"":0.96,""type"":""text"",""required"":true,""source"":{""page"":1,""bbox"":[400,405,442,414]}},{""id"":""property_zip"",""label"":""ZIP Code"",""value"":""91104"",""confidence"":0.97,""type"":""text"",""required"":true,""source"":{""page"":1,""bbox"":[146,405,171,414]}},{""id"":""property_type"",""label"":""Property Type"",""value"":""HO-3 Special Form — Homeowners"",""confidence"":0.93,""type"":""text"",""required"":true,""source"":{""page"":1,""bbox"":[400,590,492,611]}},{""id"":""occupancy_type"",""label"":""Occupancy Type"",""value"":""Owner-Occupied Primary Residence"",""confidence"":0.91,""type"":""text"",""required"":true,""source"":{""page"":1,""bbox"":[400,375,508,396]}},{""id"":""year_built"",""label"":""Year Built"",""value"":""1987"",""confidence"":0.89,""type"":""text"",""required"":false,""source"":{""page"":1,""bbox"":[146,310,166,319]}},{""id"":""construction_type"",""label"":""Construction Type"",""value"":""Wood Frame — Stucco Exterior"",""confidence"":0.88,""type"":""text"",""required"":false,""source"":{""page"":1,""bbox"":[307,298,374,319]}}]},{""id"":""coverage_details"",""title"":""Coverage Details"",""fields"":[{""id"":""coverage_type"",""label"":""Coverage Form"",""value"":""HO-3 Special Form — Homeowners"",""confidence"":0.95,""type"":""text"",""required"":true,""source"":{""page"":1,""bbox"":[400,590,492,611]}},{""id"":""dwelling_limit"",""label"":""Dwelling Coverage (Coverage A)"",""value"":""$875,000"",""confidence"":0.97,""type"":""text"",""required"":true,""source"":{""page"":1,""bbox"":[429,75,466,84]}},{""id"":""other_structures_limit"",""label"":""Other Structures (Coverage B)"",""value"":""$87,500"",""confidence"":0.94,""type"":""text"",""required"":false,""source"":{""page"":2,""bbox"":[434,710,466,719]}},{""id"":""personal_property_limit"",""label"":""Personal Property (Coverage C)"",""value"":""$350,000"",""confidence"":0.93,""type"":""text"",""required"":false,""source"":{""page"":2,""bbox"":[429,690,466,699]}},{""id"":""loss_of_use_limit"",""label"":""Loss of Use (Coverage D)"",""value"":""$175,000"",""confidence"":0.91,""type"":""text"",""required"":false,""source"":{""page"":2,""bbox"":[429,670,466,679]}},{""id"":""liability_limit"",""label"":""Liability (Coverage E)"",""value"":""$300,000"",""confidence"":0.95,""type"":""text"",""required"":true,""source"":{""page"":2,""bbox"":[429,650,466,659]}},{""id"":""medical_payments_limit"",""label"":""Medical Payments (Coverage F)"",""value"":""$5,000 per person"",""confidence"":0.9,""type"":""text"",""required"":false,""source"":{""page"":2,""bbox"":[393,630,466,639]}}]},{""id"":""deductibles_and_premium"",""title"":""Deductibles & Premium"",""fields"":[{""id"":""all_peril_deductible"",""label"":""All Peril Deductible"",""value"":""$2,500"",""confidence"":0.96,""type"":""text"",""required"":true,""source"":{""page"":2,""bbox"":[517,596,545,605]}},{""id"":""wind_hail_deductible"",""label"":""Wind / Hail Deductible"",""value"":""2% of Coverage A"",""confidence"":0.9,""type"":""text"",""required"":false,""source"":{""page"":2,""bbox"":[492,564,545,573]}},{""id"":""hurricane_deductible"",""label"":""Hurricane Deductible"",""value"":""Not Covered"",""confidence"":0.88,""type"":""text"",""required"":false,""source"":{""page"":2,""bbox"":[400,532,466,541]}},{""id"":""annual_premium"",""label"":""Annual Premium"",""value"":""$3,142.83"",""confidence"":0.97,""type"":""text"",""required"":true,""source"":{""page"":3,""bbox"":[498,642,543,652]}},{""id"":""policy_fee"",""label"":""Policy Fee"",""value"":""$35.00"",""confidence"":0.92,""type"":""text"",""required"":false,""source"":{""page"":3,""bbox"":[515,664,543,673]}}]},{""id"":""policy_period_and_carrier"",""title"":""Policy Period & Carrier"",""fields"":[{""id"":""inception_date"",""label"":""Inception Date"",""value"":""03/15/2024"",""confidence"":0.98,""type"":""text"",""required"":true,""source"":{""page"":1,""bbox"":[146,572,220,581]}},{""id"":""expiry_date"",""label"":""Expiry Date"",""value"":""03/15/2025"",""confidence"":0.98,""type"":""text"",""required"":true,""source"":{""page"":1,""bbox"":[220,572,292,581]}},{""id"":""carrier_name"",""label"":""Carrier Name"",""value"":""Pinnacle Mutual Insurance Group"",""confidence"":0.96,""type"":""text"",""required"":true,""source"":{""page"":1,""bbox"":[67,682,289,714]}},{""id"":""producing_agent"",""label"":""Producing Agent / Broker"",""value"":""Pacific Coast Insurance Brokers (Lic #0F28841)"",""confidence"":0.93,""type"":""text"",""required"":false,""source"":{""page"":1,""bbox"":[400,526,543,547]}},{""id"":""agent_email"",""label"":""Agent / Broker Email"",""value"":"""",""confidence"":0.6,""type"":""text"",""required"":false,""source"":{""page"":1,""bbox"":[400,526,543,547]}}]}]}}",{}
JIR-1773502726717-ke5j7esf,"j,hmgnfbgnhjklklhjgfdb",jira,pending_data_extraction,1,7,XSX-4333,2026-03-14T15:38:46.717Z,2026-03-14T15:39:20.178Z,{},{}
JIR-1773503184906-2kvfqnfj,kll;'lkdfsafghjkl;,jira,pending_approval,2,7,XSX-4331,2026-03-14T15:46:24.906Z,2026-03-14T15:49:02.386Z,"{""contact_role"":""ABC Private Limited"",""title"":""Y"",""re_assured_name"":""John Doe"",""re_assured_main"":""Y"",""inception_date"":""30/11/2024"",""expiry_date"":""29/11/2025"",""settlement_due_date"":""30/03/2025"",""limit_amount"":""10,000,000.00"",""limit_currency"":""USD"",""limit_basis"":""PER OCC"",""deductible_amount"":""10,000.00"",""deductible_currency"":""USD"",""deductible_basis"":""PER OCC"",""tiv_amount_1"":""284,860,219.00"",""tiv_currency_1"":""USD"",""tiv_amount_2"":""1,045,000.00"",""tiv_currency_2"":""USD"",""clause_1"":""Found"",""clause_2"":""Found"",""clause_3"":""Found"",""clause_4"":""Found"",""clause_5"":""Found"",""clause_6"":""Not Found"",""clause_7"":""Found"",""clause_8"":""Found"",""clause_9"":""Found"",""clause_10"":""Found"",""clause_11"":""Found"",""clause_12"":""Found"",""clause_13"":""Found"",""clause_14"":""Not Found"",""clause_15"":""Not Found"",""clause_16"":""Found"",""clause_17"":""Found"",""clause_18"":""Found"",""clause_19"":""Not Found"",""clause_20"":""Not Found"",""deduction_type_1"":""Brokerage"",""deduction_percentage_1"":""20%"",""deduction_type_2"":""Commission"",""deduction_percentage_2"":""15%"",""deduction_type_3"":""Administrative Fee"",""deduction_percentage_3"":""5%"",""riskcode1"":""P3"",""riskcode1_percentage_1"":""100%"",""leader_overall"":""ABC Syndicate"",""Polreference"":"" "",""written_line_ref"":"" ""}",{}
JIR-1773503459328-bccmnw05,"j,hmgnfbgnhjklklhjgfdb",jira,pending_data_extraction,1,7,XSX-4333,2026-03-14T15:50:59.329Z,2026-03-14T15:51:32.842Z,{},{}
JIR-1773503822056-dicuqyxq,"j,hmgnfbgnhjklklhjgfdb",jira,pending_data_extraction,1,7,XSX-4333-archived-1773503954269,2026-03-14T15:57:02.056Z,2026-03-14T15:59:14.270Z,{},{}
JIR-1773503954281-xk9j1vqt,"j,hmgnfbgnhjklklhjgfdb",jira,pending_approval,2,7,XSX-4333-archived-1773505938022,2026-03-14T15:59:14.282Z,2026-03-14T16:32:18.022Z,"{""contact_role"":""ABC Private Limited"",""title"":""Y"",""re_assured_name"":""John Doe"",""re_assured_main"":""Y"",""inception_date"":""30/11/2024"",""expiry_date"":""29/11/2025"",""settlement_due_date"":""30/03/2025"",""limit_amount"":""10,000,000.00"",""limit_currency"":""USD"",""limit_basis"":""PER OCC"",""deductible_amount"":""10,000.00"",""deductible_currency"":""USD"",""deductible_basis"":""PER OCC"",""tiv_amount_1"":""284,860,219.00"",""tiv_currency_1"":""USD"",""tiv_amount_2"":""1,045,000.00"",""tiv_currency_2"":""USD"",""clause_1"":""Found"",""clause_2"":""Found"",""clause_3"":""Found"",""clause_4"":""Found"",""clause_5"":""Found"",""clause_6"":""Not Found"",""clause_7"":""Found"",""clause_8"":""Found"",""clause_9"":""Found"",""clause_10"":""Found"",""clause_11"":""Found"",""clause_12"":""Found"",""clause_13"":""Found"",""clause_14"":""Not Found"",""clause_15"":""Not Found"",""clause_16"":""Found"",""clause_17"":""Found"",""clause_18"":""Found"",""clause_19"":""Not Found"",""clause_20"":""Not Found"",""deduction_type_1"":""Brokerage"",""deduction_percentage_1"":""20%"",""deduction_type_2"":""Commission"",""deduction_percentage_2"":""15%"",""deduction_type_3"":""Administrative Fee"",""deduction_percentage_3"":""5%"",""riskcode1"":""P3"",""riskcode1_percentage_1"":""100%"",""leader_overall"":""ABC Syndicate"",""Polreference"":"" "",""written_line_ref"":"" ""}",{}
JIR-1773504728062-hjm9kq3r,jghgdfskdfszxcvgjyd,jira,pending_data_extraction,1,7,XSX-4335,2026-03-14T16:12:08.062Z,2026-03-14T16:12:41.497Z,{},{}
JIR-1773504792737-b49tgr1a,mjhchkhjfdsvxcmhkjfgd,jira,pending_data_extraction,1,7,XSX-4334,2026-03-14T16:13:12.737Z,2026-03-14T16:14:22.986Z,{},{}
JIR-1773505938044-5tk5j3uy,"j,hmgnfbgnhjklklhjgfdb",jira,pending_data_extraction,1,7,XSX-4333-archived-1773507843177,2026-03-14T16:32:18.045Z,2026-03-14T17:04:03.177Z,{},{}
SUB-1773506755786-qe1tagod,Personal Lines Submission — UW-2025-001,submission,completed,7,7,UW-2025-001-archived-1773507823250,2026-03-14T16:45:55.786Z,2026-03-14T17:03:43.251Z,"{""insured_name"":""Robert J. Harrington & Elena M. Harrington"",""insured_address_line1"":""842 Elmwood Drive"",""insured_city"":""Pasadena"",""insured_state"":""California"",""insured_zip"":""91104"",""policy_number"":""HO-2024-7731845-CA"",""property_address_line1"":""842 Elmwood Drive"",""property_city"":""Pasadena"",""property_state"":""California"",""property_zip"":""91104"",""property_type"":""HO-3 Special Form — Homeowners"",""occupancy_type"":""Owner-Occupied Primary Residence"",""year_built"":""1987"",""construction_type"":""Wood Frame — Stucco Exterior"",""coverage_type"":""HO-3 Special Form — Homeowners"",""dwelling_limit"":""$875,000"",""other_structures_limit"":""$87,500"",""personal_property_limit"":""$350,000"",""loss_of_use_limit"":""$175,000"",""liability_limit"":""$300,000"",""medical_payments_limit"":""$5,000 per person"",""all_peril_deductible"":""$2,500"",""wind_hail_deductible"":""2% of Coverage A"",""hurricane_deductible"":""Not Covered"",""annual_premium"":""$3,142.83"",""policy_fee"":""$35.00"",""inception_date"":""03/15/2024"",""expiry_date"":""03/15/2025"",""carrier_name"":""Pinnacle Mutual Insurance Group"",""producing_agent"":""Pacific Coast Insurance Brokers (Lic #0F28841)"",""agent_email"":""""}",{}
SUB-1773507823291-zux4oaas,Personal Lines Submission — UW-2025-001,submission,pending_data_extraction,1,7,UW-2025-001-archived-1773509509823,2026-03-14T17:03:43.292Z,2026-03-14T17:31:49.824Z,"{""_formConfig"":{""form_title"":""Policy Data Extraction Review"",""form_subtitle"":""Review and approve extracted data from the uploaded property insurance policy document"",""confidence_threshold"":{""high"":0.9,""medium"":0.75,""low"":0},""sections"":[{""id"":""insured_details"",""title"":""Insured Details"",""fields"":[{""id"":""insured_name"",""label"":""Insured Name"",""value"":""Robert J. Harrington & Elena M. Harrington"",""confidence"":0.97,""type"":""text"",""required"":true,""source"":{""page"":1,""bbox"":[146,453,281,474]}},{""id"":""insured_address_line1"",""label"":""Mailing Address"",""value"":""842 Elmwood Drive"",""confidence"":0.95,""type"":""text"",""required"":true,""source"":{""page"":1,""bbox"":[400,462,532,474]}},{""id"":""insured_city"",""label"":""City"",""value"":""Pasadena"",""confidence"":0.94,""type"":""text"",""required"":false,""source"":{""page"":1,""bbox"":[400,453,532,462]}},{""id"":""insured_state"",""label"":""State"",""value"":""California"",""confidence"":0.96,""type"":""text"",""required"":false,""source"":{""page"":1,""bbox"":[400,405,442,414]}},{""id"":""insured_zip"",""label"":""ZIP Code"",""value"":""91104"",""confidence"":0.97,""type"":""text"",""required"":true,""source"":{""page"":1,""bbox"":[146,405,171,414]}},{""id"":""policy_number"",""label"":""Policy Number"",""value"":""HO-2024-7731845-CA"",""confidence"":0.99,""type"":""text"",""required"":true,""source"":{""page"":1,""bbox"":[146,602,236,611]}}]},{""id"":""property_details"",""title"":""Property Details"",""fields"":[{""id"":""property_address_line1"",""label"":""Property Address"",""value"":""842 Elmwood Drive"",""confidence"":0.96,""type"":""text"",""required"":true,""source"":{""page"":1,""bbox"":[146,435,293,444]}},{""id"":""property_city"",""label"":""City"",""value"":""Pasadena"",""confidence"":0.95,""type"":""text"",""required"":true,""source"":{""page"":1,""bbox"":[146,435,293,444]}},{""id"":""property_state"",""label"":""State"",""value"":""California"",""confidence"":0.96,""type"":""text"",""required"":true,""source"":{""page"":1,""bbox"":[400,405,442,414]}},{""id"":""property_zip"",""label"":""ZIP Code"",""value"":""91104"",""confidence"":0.97,""type"":""text"",""required"":true,""source"":{""page"":1,""bbox"":[146,405,171,414]}},{""id"":""property_type"",""label"":""Property Type"",""value"":""HO-3 Special Form — Homeowners"",""confidence"":0.93,""type"":""text"",""required"":true,""source"":{""page"":1,""bbox"":[400,590,492,611]}},{""id"":""occupancy_type"",""label"":""Occupancy Type"",""value"":""Owner-Occupied Primary Residence"",""confidence"":0.91,""type"":""text"",""required"":true,""source"":{""page"":1,""bbox"":[400,375,508,396]}},{""id"":""year_built"",""label"":""Year Built"",""value"":""1987"",""confidence"":0.89,""type"":""text"",""required"":false,""source"":{""page"":1,""bbox"":[146,310,166,319]}},{""id"":""construction_type"",""label"":""Construction Type"",""value"":""Wood Frame — Stucco Exterior"",""confidence"":0.88,""type"":""text"",""required"":false,""source"":{""page"":1,""bbox"":[307,298,374,319]}}]},{""id"":""coverage_details"",""title"":""Coverage Details"",""fields"":[{""id"":""coverage_type"",""label"":""Coverage Form"",""value"":""HO-3 Special Form — Homeowners"",""confidence"":0.95,""type"":""text"",""required"":true,""source"":{""page"":1,""bbox"":[400,590,492,611]}},{""id"":""dwelling_limit"",""label"":""Dwelling Coverage (Coverage A)"",""value"":""$875,000"",""confidence"":0.97,""type"":""text"",""required"":true,""source"":{""page"":1,""bbox"":[429,75,466,84]}},{""id"":""other_structures_limit"",""label"":""Other Structures (Coverage B)"",""value"":""$87,500"",""confidence"":0.94,""type"":""text"",""required"":false,""source"":{""page"":2,""bbox"":[434,710,466,719]}},{""id"":""personal_property_limit"",""label"":""Personal Property (Coverage C)"",""value"":""$350,000"",""confidence"":0.93,""type"":""text"",""required"":false,""source"":{""page"":2,""bbox"":[429,690,466,699]}},{""id"":""loss_of_use_limit"",""label"":""Loss of Use (Coverage D)"",""value"":""$175,000"",""confidence"":0.91,""type"":""text"",""required"":false,""source"":{""page"":2,""bbox"":[429,670,466,679]}},{""id"":""liability_limit"",""label"":""Liability (Coverage E)"",""value"":""$300,000"",""confidence"":0.95,""type"":""text"",""required"":true,""source"":{""page"":2,""bbox"":[429,650,466,659]}},{""id"":""medical_payments_limit"",""label"":""Medical Payments (Coverage F)"",""value"":""$5,000 per person"",""confidence"":0.9,""type"":""text"",""required"":false,""source"":{""page"":2,""bbox"":[393,630,466,639]}}]},{""id"":""deductibles_and_premium"",""title"":""Deductibles & Premium"",""fields"":[{""id"":""all_peril_deductible"",""label"":""All Peril Deductible"",""value"":""$2,500"",""confidence"":0.96,""type"":""text"",""required"":true,""source"":{""page"":2,""bbox"":[517,596,545,605]}},{""id"":""wind_hail_deductible"",""label"":""Wind / Hail Deductible"",""value"":""2% of Coverage A"",""confidence"":0.9,""type"":""text"",""required"":false,""source"":{""page"":2,""bbox"":[492,564,545,573]}},{""id"":""hurricane_deductible"",""label"":""Hurricane Deductible"",""value"":""Not Covered"",""confidence"":0.88,""type"":""text"",""required"":false,""source"":{""page"":2,""bbox"":[400,532,466,541]}},{""id"":""annual_premium"",""label"":""Annual Premium"",""value"":""$3,142.83"",""confidence"":0.97,""type"":""text"",""required"":true,""source"":{""page"":3,""bbox"":[498,642,543,652]}},{""id"":""policy_fee"",""label"":""Policy Fee"",""value"":""$35.00"",""confidence"":0.92,""type"":""text"",""required"":false,""source"":{""page"":3,""bbox"":[515,664,543,673]}}]},{""id"":""policy_period_and_carrier"",""title"":""Policy Period & Carrier"",""fields"":[{""id"":""inception_date"",""label"":""Inception Date"",""value"":""03/15/2024"",""confidence"":0.98,""type"":""text"",""required"":true,""source"":{""page"":1,""bbox"":[146,572,220,581]}},{""id"":""expiry_date"",""label"":""Expiry Date"",""value"":""03/15/2025"",""confidence"":0.98,""type"":""text"",""required"":true,""source"":{""page"":1,""bbox"":[220,572,292,581]}},{""id"":""carrier_name"",""label"":""Carrier Name"",""value"":""Pinnacle Mutual Insurance Group"",""confidence"":0.96,""type"":""text"",""required"":true,""source"":{""page"":1,""bbox"":[67,682,289,714]}},{""id"":""producing_agent"",""label"":""Producing Agent / Broker"",""value"":""Pacific Coast Insurance Brokers (Lic #0F28841)"",""confidence"":0.93,""type"":""text"",""required"":false,""source"":{""page"":1,""bbox"":[400,526,543,547]}},{""id"":""agent_email"",""label"":""Agent / Broker Email"",""value"":"""",""confidence"":0.6,""type"":""text"",""required"":false,""source"":{""page"":1,""bbox"":[400,526,543,547]}}]}]}}",{}
JIR-1773507843191-m5sk4jwy,"j,hmgnfbgnhjklklhjgfdb",jira,pending_data_extraction,1,7,XSX-4333,2026-03-14T17:04:03.191Z,2026-03-14T17:05:05.156Z,{},{}
SUB-1773509509850-t5itiumq,Personal Lines Submission — UW-2025-001,submission,pending_data_extraction,1,7,UW-2025-001-archived-1777095464063,2026-03-14T17:31:49.850Z,2026-04-25T05:37:44.063Z,"{""_formConfig"":{""form_title"":""Policy Data Extraction Review"",""form_subtitle"":""Review and approve extracted data from the uploaded property insurance policy document"",""confidence_threshold"":{""high"":0.9,""medium"":0.75,""low"":0},""sections"":[{""id"":""insured_details"",""title"":""Insured Details"",""fields"":[{""id"":""insured_name"",""label"":""Insured Name"",""value"":""Robert J. Harrington & Elena M. Harrington"",""confidence"":0.97,""type"":""text"",""required"":true,""source"":{""page"":1,""bbox"":[146,453,281,474]}},{""id"":""insured_address_line1"",""label"":""Mailing Address"",""value"":""842 Elmwood Drive"",""confidence"":0.95,""type"":""text"",""required"":true,""source"":{""page"":1,""bbox"":[400,462,532,474]}},{""id"":""insured_city"",""label"":""City"",""value"":""Pasadena"",""confidence"":0.94,""type"":""text"",""required"":false,""source"":{""page"":1,""bbox"":[400,453,532,462]}},{""id"":""insured_state"",""label"":""State"",""value"":""California"",""confidence"":0.96,""type"":""text"",""required"":false,""source"":{""page"":1,""bbox"":[400,405,442,414]}},{""id"":""insured_zip"",""label"":""ZIP Code"",""value"":""91104"",""confidence"":0.97,""type"":""text"",""required"":true,""source"":{""page"":1,""bbox"":[146,405,171,414]}},{""id"":""policy_number"",""label"":""Policy Number"",""value"":""HO-2024-7731845-CA"",""confidence"":0.99,""type"":""text"",""required"":true,""source"":{""page"":1,""bbox"":[146,602,236,611]}}]},{""id"":""property_details"",""title"":""Property Details"",""fields"":[{""id"":""property_address_line1"",""label"":""Property Address"",""value"":""842 Elmwood Drive"",""confidence"":0.96,""type"":""text"",""required"":true,""source"":{""page"":1,""bbox"":[146,435,293,444]}},{""id"":""property_city"",""label"":""City"",""value"":""Pasadena"",""confidence"":0.95,""type"":""text"",""required"":true,""source"":{""page"":1,""bbox"":[146,435,293,444]}},{""id"":""property_state"",""label"":""State"",""value"":""California"",""confidence"":0.96,""type"":""text"",""required"":true,""source"":{""page"":1,""bbox"":[400,405,442,414]}},{""id"":""property_zip"",""label"":""ZIP Code"",""value"":""91104"",""confidence"":0.97,""type"":""text"",""required"":true,""source"":{""page"":1,""bbox"":[146,405,171,414]}},{""id"":""property_type"",""label"":""Property Type"",""value"":""HO-3 Special Form — Homeowners"",""confidence"":0.93,""type"":""text"",""required"":true,""source"":{""page"":1,""bbox"":[400,590,492,611]}},{""id"":""occupancy_type"",""label"":""Occupancy Type"",""value"":""Owner-Occupied Primary Residence"",""confidence"":0.91,""type"":""text"",""required"":true,""source"":{""page"":1,""bbox"":[400,375,508,396]}},{""id"":""year_built"",""label"":""Year Built"",""value"":""1987"",""confidence"":0.89,""type"":""text"",""required"":false,""source"":{""page"":1,""bbox"":[146,310,166,319]}},{""id"":""construction_type"",""label"":""Construction Type"",""value"":""Wood Frame — Stucco Exterior"",""confidence"":0.88,""type"":""text"",""required"":false,""source"":{""page"":1,""bbox"":[307,298,374,319]}}]},{""id"":""coverage_details"",""title"":""Coverage Details"",""fields"":[{""id"":""coverage_type"",""label"":""Coverage Form"",""value"":""HO-3 Special Form — Homeowners"",""confidence"":0.95,""type"":""text"",""required"":true,""source"":{""page"":1,""bbox"":[400,590,492,611]}},{""id"":""dwelling_limit"",""label"":""Dwelling Coverage (Coverage A)"",""value"":""$875,000"",""confidence"":0.97,""type"":""text"",""required"":true,""source"":{""page"":1,""bbox"":[429,75,466,84]}},{""id"":""other_structures_limit"",""label"":""Other Structures (Coverage B)"",""value"":""$87,500"",""confidence"":0.94,""type"":""text"",""required"":false,""source"":{""page"":2,""bbox"":[434,710,466,719]}},{""id"":""personal_property_limit"",""label"":""Personal Property (Coverage C)"",""value"":""$350,000"",""confidence"":0.93,""type"":""text"",""required"":false,""source"":{""page"":2,""bbox"":[429,690,466,699]}},{""id"":""loss_of_use_limit"",""label"":""Loss of Use (Coverage D)"",""value"":""$175,000"",""confidence"":0.91,""type"":""text"",""required"":false,""source"":{""page"":2,""bbox"":[429,670,466,679]}},{""id"":""liability_limit"",""label"":""Liability (Coverage E)"",""value"":""$300,000"",""confidence"":0.95,""type"":""text"",""required"":true,""source"":{""page"":2,""bbox"":[429,650,466,659]}},{""id"":""medical_payments_limit"",""label"":""Medical Payments (Coverage F)"",""value"":""$5,000 per person"",""confidence"":0.9,""type"":""text"",""required"":false,""source"":{""page"":2,""bbox"":[393,630,466,639]}}]},{""id"":""deductibles_and_premium"",""title"":""Deductibles & Premium"",""fields"":[{""id"":""all_peril_deductible"",""label"":""All Peril Deductible"",""value"":""$2,500"",""confidence"":0.96,""type"":""text"",""required"":true,""source"":{""page"":2,""bbox"":[517,596,545,605]}},{""id"":""wind_hail_deductible"",""label"":""Wind / Hail Deductible"",""value"":""2% of Coverage A"",""confidence"":0.9,""type"":""text"",""required"":false,""source"":{""page"":2,""bbox"":[492,564,545,573]}},{""id"":""hurricane_deductible"",""label"":""Hurricane Deductible"",""value"":""Not Covered"",""confidence"":0.88,""type"":""text"",""required"":false,""source"":{""page"":2,""bbox"":[400,532,466,541]}},{""id"":""annual_premium"",""label"":""Annual Premium"",""value"":""$3,142.83"",""confidence"":0.97,""type"":""text"",""required"":true,""source"":{""page"":3,""bbox"":[498,642,543,652]}},{""id"":""policy_fee"",""label"":""Policy Fee"",""value"":""$35.00"",""confidence"":0.92,""type"":""text"",""required"":false,""source"":{""page"":3,""bbox"":[515,664,543,673]}}]},{""id"":""policy_period_and_carrier"",""title"":""Policy Period & Carrier"",""fields"":[{""id"":""inception_date"",""label"":""Inception Date"",""value"":""03/15/2024"",""confidence"":0.98,""type"":""text"",""required"":true,""source"":{""page"":1,""bbox"":[146,572,220,581]}},{""id"":""expiry_date"",""label"":""Expiry Date"",""value"":""03/15/2025"",""confidence"":0.98,""type"":""text"",""required"":true,""source"":{""page"":1,""bbox"":[220,572,292,581]}},{""id"":""carrier_name"",""label"":""Carrier Name"",""value"":""Pinnacle Mutual Insurance Group"",""confidence"":0.96,""type"":""text"",""required"":true,""source"":{""page"":1,""bbox"":[67,682,289,714]}},{""id"":""producing_agent"",""label"":""Producing Agent / Broker"",""value"":""Pacific Coast Insurance Brokers (Lic #0F28841)"",""confidence"":0.93,""type"":""text"",""required"":false,""source"":{""page"":1,""bbox"":[400,526,543,547]}},{""id"":""agent_email"",""label"":""Agent / Broker Email"",""value"":"""",""confidence"":0.6,""type"":""text"",""required"":false,""source"":{""page"":1,""bbox"":[400,526,543,547]}}]}]}}",{}
CLA-1777095313104-2wrts321,Claim Processing — CLM-2025-001,claim,pending_data_extraction,1,5,CLM-2025-001-archived-1777095690166,2026-04-25T05:35:13.105Z,2026-04-25T05:41:30.167Z,"{""_formConfig"":{""form_title"":""Claim Data Extraction Review"",""form_subtitle"":""Review and approve extracted claim details from the first-notice-of-loss submission"",""confidence_threshold"":{""high"":0.9,""medium"":0.75,""low"":0},""sections"":[{""id"":""claim_identification"",""title"":""Claim Identification"",""fields"":[{""id"":""claim_number"",""label"":""Claim Number"",""value"":""CN-2025-487102"",""confidence"":0.99,""type"":""text"",""required"":true,""source"":{""page"":1,""bbox"":[146,602,236,611]}},{""id"":""policy_number"",""label"":""Policy Number"",""value"":""HO-2024-7731845-CA"",""confidence"":0.98,""type"":""text"",""required"":true,""source"":{""page"":1,""bbox"":[146,580,286,591]}},{""id"":""claim_type"",""label"":""Claim Type"",""value"":""Water Damage"",""confidence"":0.94,""type"":""text"",""required"":true,""source"":{""page"":1,""bbox"":[400,575,510,586]}},{""id"":""date_of_loss"",""label"":""Date of Loss"",""value"":""14/02/2025"",""confidence"":0.97,""type"":""text"",""required"":true,""source"":{""page"":1,""bbox"":[146,555,220,564]}},{""id"":""date_reported"",""label"":""Date Reported"",""value"":""15/02/2025"",""confidence"":0.97,""type"":""text"",""required"":true,""source"":{""page"":1,""bbox"":[220,555,292,564]}}]},{""id"":""claimant_details"",""title"":""Claimant Details"",""fields"":[{""id"":""claimant_name"",""label"":""Claimant Name"",""value"":""Lee Warner Jones"",""confidence"":0.96,""type"":""text"",""required"":true,""source"":{""page"":1,""bbox"":[146,453,281,474]}},{""id"":""claimant_role"",""label"":""Claimant Role"",""value"":""Main Policy Holder"",""confidence"":0.93,""type"":""text"",""required"":true,""source"":{""page"":1,""bbox"":[400,453,532,474]}},{""id"":""claimant_email"",""label"":""Claimant Email"",""value"":""lee.jones@example.com"",""confidence"":0.92,""type"":""text"",""required"":false,""source"":{""page"":1,""bbox"":[146,432,320,444]}},{""id"":""claimant_phone"",""label"":""Claimant Phone"",""value"":""+44 7700 900111"",""confidence"":0.9,""type"":""text"",""required"":false,""source"":{""page"":1,""bbox"":[400,432,532,444]}}]},{""id"":""loss_details"",""title"":""Loss Details"",""fields"":[{""id"":""loss_location"",""label"":""Loss Location"",""value"":""Master bathroom — second floor"",""confidence"":0.91,""type"":""text"",""required"":true,""source"":{""page"":2,""bbox"":[146,690,410,702]}},{""id"":""property_address"",""label"":""Property Address"",""value"":""122 Victoria Street, Princess Road, CW5 8JE"",""confidence"":0.96,""type"":""text"",""required"":true,""source"":{""page"":1,""bbox"":[146,412,410,424]}},{""id"":""loss_description"",""label"":""Loss Description"",""value"":""Burst pipe behind shower wall caused water to flood through ceiling into kitchen below. Damage to flooring, ceiling, and electrical fittings."",""confidence"":0.88,""type"":""text"",""required"":true,""source"":{""page"":2,""bbox"":[146,640,545,685]}},{""id"":""fault_party"",""label"":""Fault Party"",""value"":""None — sudden plumbing failure"",""confidence"":0.85,""type"":""text"",""required"":false,""source"":{""page"":2,""bbox"":[146,615,410,628]}},{""id"":""third_party_involved"",""label"":""Third Party Involved"",""value"":""No"",""confidence"":0.94,""type"":""text"",""required"":false,""source"":{""page"":2,""bbox"":[400,615,466,628]}},{""id"":""police_report_number"",""label"":""Police Report Number"",""value"":"""",""confidence"":0.6,""type"":""text"",""required"":false,""source"":{""page"":2,""bbox"":[146,595,410,608]}}]},{""id"":""financials"",""title"":""Loss & Reserve Financials"",""fields"":[{""id"":""loss_amount"",""label"":""Estimated Loss Amount"",""value"":""£18,500"",""confidence"":0.96,""type"":""text"",""required"":true,""source"":{""page"":3,""bbox"":[498,642,543,652]}},{""id"":""reserve_amount"",""label"":""Recommended Reserve"",""value"":""£20,000"",""confidence"":0.93,""type"":""text"",""required"":true,""source"":{""page"":3,""bbox"":[498,622,543,632]}},{""id"":""deductible"",""label"":""Policy Deductible"",""value"":""£500"",""confidence"":0.97,""type"":""text"",""required"":true,""source"":{""page"":3,""bbox"":[498,602,543,612]}},{""id"":""coverage_type"",""label"":""Coverage Type"",""value"":""Buildings & Contents"",""confidence"":0.95,""type"":""text"",""required"":true,""source"":{""page"":3,""bbox"":[400,582,543,592]}},{""id"":""paid_amount"",""label"":""Paid To Date"",""value"":""£0"",""confidence"":0.97,""type"":""text"",""required"":false,""source"":{""page"":3,""bbox"":[498,562,543,572]}}]},{""id"":""evidence_and_handler"",""title"":""Supporting Evidence & Handler"",""fields"":[{""id"":""witness_count"",""label"":""Number of Witnesses"",""value"":""1"",""confidence"":0.94,""type"":""text"",""required"":false,""source"":{""page"":4,""bbox"":[146,690,200,702]}},{""id"":""photo_evidence_count"",""label"":""Photo Evidence Count"",""value"":""12"",""confidence"":0.95,""type"":""text"",""required"":false,""source"":{""page"":4,""bbox"":[146,670,200,682]}},{""id"":""supporting_docs_count"",""label"":""Supporting Documents"",""value"":""4"",""confidence"":0.93,""type"":""text"",""required"":false,""source"":{""page"":4,""bbox"":[146,650,200,662]}},{""id"":""prior_claims_count"",""label"":""Prior Claims Count"",""value"":""1"",""confidence"":0.91,""type"":""text"",""required"":false,""source"":{""page"":4,""bbox"":[146,630,200,642]}},{""id"":""suspected_fraud"",""label"":""Suspected Fraud"",""value"":""No"",""confidence"":0.96,""type"":""text"",""required"":true,""source"":{""page"":4,""bbox"":[400,630,466,642]}},{""id"":""adjuster_name"",""label"":""Assigned Adjuster"",""value"":""Michael Brown"",""confidence"":0.94,""type"":""text"",""required"":true,""source"":{""page"":4,""bbox"":[146,610,320,622]}},{""id"":""adjuster_email"",""label"":""Adjuster Email"",""value"":""m.brown@adjusters.co.uk"",""confidence"":0.93,""type"":""text"",""required"":false,""source"":{""page"":4,""bbox"":[400,610,543,622]}}]}]}}",{}
SUB-1777095464073-1hfo9seu,Personal Lines Submission — UW-2025-001,submission,pending_data_extraction,1,7,UW-2025-001,2026-04-25T05:37:44.073Z,2026-04-25T05:38:04.923Z,"{""_formConfig"":{""form_title"":""Policy Data Extraction Review"",""form_subtitle"":""Review and approve extracted data from the uploaded property insurance policy document"",""confidence_threshold"":{""high"":0.9,""medium"":0.75,""low"":0},""sections"":[{""id"":""insured_details"",""title"":""Insured Details"",""fields"":[{""id"":""insured_name"",""label"":""Insured Name"",""value"":""Robert J. Harrington & Elena M. Harrington"",""confidence"":0.97,""type"":""text"",""required"":true,""source"":{""page"":1,""bbox"":[146,453,281,474]}},{""id"":""insured_address_line1"",""label"":""Mailing Address"",""value"":""842 Elmwood Drive"",""confidence"":0.95,""type"":""text"",""required"":true,""source"":{""page"":1,""bbox"":[400,462,532,474]}},{""id"":""insured_city"",""label"":""City"",""value"":""Pasadena"",""confidence"":0.94,""type"":""text"",""required"":false,""source"":{""page"":1,""bbox"":[400,453,532,462]}},{""id"":""insured_state"",""label"":""State"",""value"":""California"",""confidence"":0.96,""type"":""text"",""required"":false,""source"":{""page"":1,""bbox"":[400,405,442,414]}},{""id"":""insured_zip"",""label"":""ZIP Code"",""value"":""91104"",""confidence"":0.97,""type"":""text"",""required"":true,""source"":{""page"":1,""bbox"":[146,405,171,414]}},{""id"":""policy_number"",""label"":""Policy Number"",""value"":""HO-2024-7731845-CA"",""confidence"":0.99,""type"":""text"",""required"":true,""source"":{""page"":1,""bbox"":[146,602,236,611]}}]},{""id"":""property_details"",""title"":""Property Details"",""fields"":[{""id"":""property_address_line1"",""label"":""Property Address"",""value"":""842 Elmwood Drive"",""confidence"":0.96,""type"":""text"",""required"":true,""source"":{""page"":1,""bbox"":[146,435,293,444]}},{""id"":""property_city"",""label"":""City"",""value"":""Pasadena"",""confidence"":0.95,""type"":""text"",""required"":true,""source"":{""page"":1,""bbox"":[146,435,293,444]}},{""id"":""property_state"",""label"":""State"",""value"":""California"",""confidence"":0.96,""type"":""text"",""required"":true,""source"":{""page"":1,""bbox"":[400,405,442,414]}},{""id"":""property_zip"",""label"":""ZIP Code"",""value"":""91104"",""confidence"":0.97,""type"":""text"",""required"":true,""source"":{""page"":1,""bbox"":[146,405,171,414]}},{""id"":""property_type"",""label"":""Property Type"",""value"":""HO-3 Special Form — Homeowners"",""confidence"":0.93,""type"":""text"",""required"":true,""source"":{""page"":1,""bbox"":[400,590,492,611]}},{""id"":""occupancy_type"",""label"":""Occupancy Type"",""value"":""Owner-Occupied Primary Residence"",""confidence"":0.91,""type"":""text"",""required"":true,""source"":{""page"":1,""bbox"":[400,375,508,396]}},{""id"":""year_built"",""label"":""Year Built"",""value"":""1987"",""confidence"":0.89,""type"":""text"",""required"":false,""source"":{""page"":1,""bbox"":[146,310,166,319]}},{""id"":""construction_type"",""label"":""Construction Type"",""value"":""Wood Frame — Stucco Exterior"",""confidence"":0.88,""type"":""text"",""required"":false,""source"":{""page"":1,""bbox"":[307,298,374,319]}}]},{""id"":""coverage_details"",""title"":""Coverage Details"",""fields"":[{""id"":""coverage_type"",""label"":""Coverage Form"",""value"":""HO-3 Special Form — Homeowners"",""confidence"":0.95,""type"":""text"",""required"":true,""source"":{""page"":1,""bbox"":[400,590,492,611]}},{""id"":""dwelling_limit"",""label"":""Dwelling Coverage (Coverage A)"",""value"":""$875,000"",""confidence"":0.97,""type"":""text"",""required"":true,""source"":{""page"":1,""bbox"":[429,75,466,84]}},{""id"":""other_structures_limit"",""label"":""Other Structures (Coverage B)"",""value"":""$87,500"",""confidence"":0.94,""type"":""text"",""required"":false,""source"":{""page"":2,""bbox"":[434,710,466,719]}},{""id"":""personal_property_limit"",""label"":""Personal Property (Coverage C)"",""value"":""$350,000"",""confidence"":0.93,""type"":""text"",""required"":false,""source"":{""page"":2,""bbox"":[429,690,466,699]}},{""id"":""loss_of_use_limit"",""label"":""Loss of Use (Coverage D)"",""value"":""$175,000"",""confidence"":0.91,""type"":""text"",""required"":false,""source"":{""page"":2,""bbox"":[429,670,466,679]}},{""id"":""liability_limit"",""label"":""Liability (Coverage E)"",""value"":""$300,000"",""confidence"":0.95,""type"":""text"",""required"":true,""source"":{""page"":2,""bbox"":[429,650,466,659]}},{""id"":""medical_payments_limit"",""label"":""Medical Payments (Coverage F)"",""value"":""$5,000 per person"",""confidence"":0.9,""type"":""text"",""required"":false,""source"":{""page"":2,""bbox"":[393,630,466,639]}}]},{""id"":""deductibles_and_premium"",""title"":""Deductibles & Premium"",""fields"":[{""id"":""all_peril_deductible"",""label"":""All Peril Deductible"",""value"":""$2,500"",""confidence"":0.96,""type"":""text"",""required"":true,""source"":{""page"":2,""bbox"":[517,596,545,605]}},{""id"":""wind_hail_deductible"",""label"":""Wind / Hail Deductible"",""value"":""2% of Coverage A"",""confidence"":0.9,""type"":""text"",""required"":false,""source"":{""page"":2,""bbox"":[492,564,545,573]}},{""id"":""hurricane_deductible"",""label"":""Hurricane Deductible"",""value"":""Not Covered"",""confidence"":0.88,""type"":""text"",""required"":false,""source"":{""page"":2,""bbox"":[400,532,466,541]}},{""id"":""annual_premium"",""label"":""Annual Premium"",""value"":""$3,142.83"",""confidence"":0.97,""type"":""text"",""required"":true,""source"":{""page"":3,""bbox"":[498,642,543,652]}},{""id"":""policy_fee"",""label"":""Policy Fee"",""value"":""$35.00"",""confidence"":0.92,""type"":""text"",""required"":false,""source"":{""page"":3,""bbox"":[515,664,543,673]}}]},{""id"":""policy_period_and_carrier"",""title"":""Policy Period & Carrier"",""fields"":[{""id"":""inception_date"",""label"":""Inception Date"",""value"":""03/15/2024"",""confidence"":0.98,""type"":""text"",""required"":true,""source"":{""page"":1,""bbox"":[146,572,220,581]}},{""id"":""expiry_date"",""label"":""Expiry Date"",""value"":""03/15/2025"",""confidence"":0.98,""type"":""text"",""required"":true,""source"":{""page"":1,""bbox"":[220,572,292,581]}},{""id"":""carrier_name"",""label"":""Carrier Name"",""value"":""Pinnacle Mutual Insurance Group"",""confidence"":0.96,""type"":""text"",""required"":true,""source"":{""page"":1,""bbox"":[67,682,289,714]}},{""id"":""producing_agent"",""label"":""Producing Agent / Broker"",""value"":""Pacific Coast Insurance Brokers (Lic #0F28841)"",""confidence"":0.93,""type"":""text"",""required"":false,""source"":{""page"":1,""bbox"":[400,526,543,547]}},{""id"":""agent_email"",""label"":""Agent / Broker Email"",""value"":"""",""confidence"":0.6,""type"":""text"",""required"":false,""source"":{""page"":1,""bbox"":[400,526,543,547]}}]}]}}",{}
CLA-1777095690184-nzltywap,Claim Processing — CLM-2025-001,claim,running,2,5,CLM-2025-001-archived-1777095764858,2026-04-25T05:41:30.184Z,2026-04-25T05:42:44.858Z,"{""claim_number"":""CN-2025-487102"",""policy_number"":""HO-2024-7731845-CA"",""claim_type"":""Water Damage"",""date_of_loss"":""14/02/2025"",""date_reported"":""15/02/2025"",""claimant_name"":""Lee Warner Jones"",""claimant_role"":""Main Policy Holder"",""claimant_email"":""lee.jones@example.com"",""claimant_phone"":""+44 7700 900111"",""loss_location"":""Master bathroom — second floor"",""property_address"":""122 Victoria Street, Princess Road, CW5 8JE"",""loss_description"":""Burst pipe behind shower wall caused water to flood through ceiling into kitchen below. Damage to flooring, ceiling, and electrical fittings."",""fault_party"":""None — sudden plumbing failure"",""third_party_involved"":""No"",""police_report_number"":"""",""loss_amount"":""£18,500"",""reserve_amount"":""£20,000"",""deductible"":""£500"",""coverage_type"":""Buildings & Contents"",""paid_amount"":""£0"",""witness_count"":""1"",""photo_evidence_count"":""12"",""supporting_docs_count"":""4"",""prior_claims_count"":""1"",""suspected_fraud"":""No"",""adjuster_name"":""Michael Brown"",""adjuster_email"":""m.brown@adjusters.co.uk""}",{}
CLA-1777095764871-by27skgd,Claim Processing — CLM-2025-001,claim,running,1,5,CLM-2025-001-archived-1777096023977,2026-04-25T05:42:44.871Z,2026-04-25T05:47:03.977Z,{},{}
CLA-1777096023986-spq77jzw,Claim Processing — CLM-2025-001,claim,running,2,5,CLM-2025-001-archived-1777096036078,2026-04-25T05:47:03.986Z,2026-04-25T05:48:13.323Z,{},{}
CLA-1777096036084-ctbh16q2,Claim Processing — CLM-2025-001,claim,running,2,5,CLM-2025-001-archived-1777096446123,2026-04-25T05:47:16.084Z,2026-04-25T05:54:06.123Z,{},{}
CLA-1777096446135-9s29ojd6,Claim Processing — CLM-2025-001,claim,running,0,5,CLM-2025-001-archived-1777096792984,2026-04-25T05:54:06.135Z,2026-04-25T05:59:52.984Z,{},{}
CLA-1777096792993-xo6k7fb9,Claim Processing — CLM-2025-001,claim,running,0,5,CLM-2025-001-archived-1777097228102,2026-04-25T05:59:52.993Z,2026-04-25T06:07:08.103Z,{},{}
CLA-1777097228114-ow9r322j,Claim Processing — CLM-2025-001,claim,running,0,5,CLM-2025-001-archived-1777108030093,2026-04-25T06:07:08.114Z,2026-04-25T09:07:10.093Z,{},{}
CLA-1777108030108-bu3u3ncj,Claim Processing — CLM-2025-001,claim,running,0,5,CLM-2025-001-archived-1777108236674,2026-04-25T09:07:10.108Z,2026-04-25T09:10:36.674Z,{},{}
CLA-1777108236689-q9ewexj2,Claim Processing — CLM-2025-001,claim,running,0,5,CLM-2025-001-archived-1777108671098,2026-04-25T09:10:36.689Z,2026-04-25T09:17:51.098Z,{},{}
CLA-1777108671119-hm9oxtb4,Test,claim,running,0,5,CLM-2025-001-archived-1777109130388,2026-04-25T09:17:51.120Z,2026-04-25T09:25:30.388Z,{},{}
CLA-1777109130399-pgsf76a8,Claim Processing — CLM-2025-001,claim,running,0,5,CLM-2025-001-archived-1777109172533,2026-04-25T09:25:30.400Z,2026-04-25T09:26:12.533Z,{},{}
CLA-1777109172542-x1m02azg,Claim Processing — CLM-2025-001,claim,running,0,5,CLM-2025-001-archived-1777109430710,2026-04-25T09:26:12.542Z,2026-04-25T09:30:30.710Z,{},{}
CLA-1777109430723-nthucqrz,Claim Processing — CLM-2025-001,claim,running,0,5,CLM-2025-001-archived-1777264406491,2026-04-25T09:30:30.723Z,2026-04-27T04:33:26.491Z,{},{}
CLA-1777264406502-cijy37im,Claim Processing — CLM-2025-001,claim,running,0,5,CLM-2025-001-archived-1777264989562,2026-04-27T04:33:26.502Z,2026-04-27T04:43:09.563Z,{},{}
CLA-1777264989577-hd8y006f,Test,claim,running,1,6,CLM-2025-001-archived-1777265014206,2026-04-27T04:43:09.578Z,2026-04-27T04:49:40.501Z,{},{}
CLA-1777265014218-vjgmg2bm,Claim Processing — CLM-2025-001,claim,running,1,6,CLM-2025-001-archived-1777265129959,2026-04-27T04:43:34.218Z,2026-04-27T04:45:29.959Z,{},{}
CLA-1777265129967-22gtkfqf,Claim Processing — CLM-2025-001,claim,running,0,6,CLM-2025-001-archived-1777265840587,2026-04-27T04:45:29.967Z,2026-04-27T04:57:20.587Z,{},{}
CLA-1777265840602-34j7rj1k,Test,claim,running,1,6,CLM-2025-001-archived-1777265860161,2026-04-27T04:57:20.602Z,2026-04-27T04:58:06.647Z,{},{}
CLA-1777265860170-79bo4vyq,Claim Processing — CLM-2025-001,claim,running,2,6,CLM-2025-001-archived-1777267381885,2026-04-27T04:57:40.170Z,2026-04-27T05:23:01.885Z,{},{}
CLA-1777267381898-c2uiv50e,Claim Processing — CLM-2025-001,claim,running,1,6,CLM-2025-001-archived-1777267649824,2026-04-27T05:23:01.899Z,2026-04-27T05:27:29.824Z,"{""reported_by"":""Broker"",""first_name"":""Greg"",""last_name"":""Carpenter"",""phone"":""987 765 6754"",""email"":""Greg.Carpenter@broadway.com"",""address_line_1"":""441 Walnut Hills Dr #14"",""address_line_2"":"""",""city"":""Baird"",""state"":""TX"",""zip"":""79504"",""agent_code"":"""",""agency_name"":""Broadway Brokers Ltd."",""claim_contact"":""Chris Hemsworth"",""relation_to_insured"":""Insured"",""contact_email"":""Chris.Hemsworth@acmeresources.com"",""contact_phone"":""720 910 4562"",""date_notified"":""27-Oct-15"",""time_notified"":""10:27 AM"",""time_zone"":""EST"",""ack_letter_recipient"":""Chris.Hemsworth@acmeresources.com"",""loss_type"":""Fire"",""date_of_loss"":""21-Oct-15"",""time_of_loss"":""23:40 EST"",""loss_description"":""Fire incidents occurred on the evening of 21 October 2015 at two separate salt water disposal facilities — RJ Horz FED #1 and Booster FED #1. The fire was caused by lightning strikes from the storm in Eddy County and was extensive."",""cause_of_loss"":""Lightning strikes from the storm"",""how_was_claim_reported"":""Email"",""reported_date"":""26-Oct-15"",""loss_location"":""Eddy County"",""loss_address_line_1"":""RJ Horz FED #1"",""loss_address_line_2"":"""",""loss_city"":""Eddy County"",""loss_state"":""New Mexico"",""loss_zip"":""88220"",""type_of_liability"":""GL"",""type_of_premises"":"""",""insured_owned_premises"":""Yes"",""companion_claim"":""No"",""emergency_services_called"":""Yes"",""cat_claim"":""No"",""witness_first_name"":"""",""witness_last_name"":"""",""witness_phone"":"""",""witness_reported_as_notice"":""No""}",{}
CLA-1777267649843-zpkyy48c,Claim Processing — CLM-2025-001,claim,running,0,6,CLM-2025-001-archived-1777267936418,2026-04-27T05:27:29.843Z,2026-04-27T05:32:16.418Z,{},{}
CLA-1777267936431-xbrmlhzz,Claim Processing — CLM-2025-001,claim,running,1,6,CLM-2025-001-archived-1777268995822,2026-04-27T05:32:16.431Z,2026-04-27T05:49:55.822Z,{},{}
CLA-1777268995837-4nuyqcei,Claim Processing — CLM-2025-001,claim,running,1,6,CLM-2025-001-archived-1777269481276,2026-04-27T05:49:55.837Z,2026-04-27T05:58:01.276Z,{},{}
CLA-1777269481287-nuoa0o1l,Claim Processing — CLM-2025-001,claim,running,1,6,CLM-2025-001-archived-1777271085954,2026-04-27T05:58:01.287Z,2026-04-27T06:24:45.954Z,"{""policy_number"":""B123456/16"",""policy_period"":""05/02/2015 to 05/02/2016"",""insured"":""Acme Resources, Inc"",""agent"":""Greg Carpenter"",""broker"":""Broadway Brokers Ltd"",""policy_type"":""Commercial Property & GL"",""location_covered"":""RJ Horz FED #1 and Booster FED #1, Eddy County, New Mexico"",""policy_premium"":""$4,040.82"",""property_limit"":""$650,000 each location"",""general_liability_limit"":""$3,000,000"",""policy_deductible"":""$25,000"",""cov_escalation"":""Up to 15% of the Estimated Contract Value any one loss"",""cov_removal_of_debris"":""Up to 10% of the Estimated Contract Value any one loss"",""cov_material_damage"":""Up to 10% of the Estimated Contract Value any one loss"",""cov_expediting_expenses"":""Up to 10% of the Estimated Contract Value any one loss"",""cov_mitigation_expenses"":""Up to 10% of the Estimated Contract Value any one loss"",""cov_pollution_remediation"":""$150,000"",""cov_search_and_locate"":""$50,000 any one loss"",""cov_recovery_of_property"":""$50,000 any one loss"",""cov_firefighting_expenses"":""$100,000 any one loss"",""cov_extra_cost_reinstatement"":""$100,000 any one loss"",""cov_plot_ratio_indemnity"":""Included up to the Estimated Contract Value"",""cov_undamaged_foundations"":""Included up to the Estimated Contract Value"",""cov_undamaged_ancillary"":""Included up to the Estimated Contract Value"",""cov_materials_in_transit"":""Included up to the Estimated Contract Value"",""cov_materials_offsite"":""Included up to the Estimated Contract Value"",""cov_offsite_fabrication"":""Included up to the Estimated Contract Value"",""cov_government_fees"":""$50,000 any one loss"",""ded_cyclone"":""$10,000 each & every loss"",""ded_major_perils"":""$25,000 each & every loss"",""ded_pre_existing"":""$10,000 each & every loss"",""ded_other_claims"":""$10,000 each & every loss""}",{}
CLA-1777271085971-q7jyxsm7,Claim Processing — CLM-2025-001,claim,running,0,6,CLM-2025-001-archived-1777271255272,2026-04-27T06:24:45.971Z,2026-04-27T06:27:35.273Z,{},{}
CLA-1777271255295-yc2l5k9t,Test,claim,running,0,6,CLM-2025-001-archived-1777271391039,2026-04-27T06:27:35.295Z,2026-04-27T06:29:51.039Z,{},{}
CLA-1777271391051-y8vygi4y,Claim Processing — CLM-2025-001,claim,pending_data_extraction,1,6,CLM-2025-001-archived-1777271650683,2026-04-27T06:29:51.051Z,2026-04-27T06:34:10.683Z,"{""_formConfig"":{""form_title"":""Invoice Validation — Review"",""form_subtitle"":""Review the supplier invoice details validated against the rate card and claim assignment. Approve to proceed with payment, or flag an exception for further review."",""confidence_threshold"":{""high"":0.9,""medium"":0.75,""low"":0},""sections"":[{""id"":""claim_details"",""title"":""Claim Details"",""fields"":[{""id"":""claimant_name_on_invoice"",""label"":""Claimant Name on Invoice"",""value"":""Acme Resources, Inc"",""confidence"":0.97,""type"":""text"",""required"":true,""source"":{""page"":1,""bbox"":[146,700,380,712]}}]},{""id"":""assignment_details"",""title"":""Assignment Details"",""fields"":[{""id"":""assignment_date"",""label"":""Assignment Date"",""value"":""11/03/16"",""confidence"":0.96,""type"":""text"",""required"":true,""source"":{""page"":1,""bbox"":[146,660,280,672]}}]},{""id"":""supplier_details"",""title"":""Supplier Details"",""fields"":[{""id"":""supplier_name"",""label"":""Name"",""value"":""SENTER ASSOCIATES, LLC"",""confidence"":0.97,""type"":""text"",""required"":true,""source"":{""page"":1,""bbox"":[146,620,380,632]}}]},{""id"":""reserves_and_participants"",""title"":""Reserves and Participants"",""fields"":[{""id"":""reserve_on_file"",""label"":""Reserve On File"",""value"":""$8,570"",""confidence"":0.97,""type"":""text"",""required"":true,""source"":{""page"":1,""bbox"":[146,580,280,592]}}]},{""id"":""invoice_details"",""title"":""Invoice Details"",""fields"":[{""id"":""invoice_number"",""label"":""Invoice Number"",""value"":""1012121"",""confidence"":0.99,""type"":""text"",""required"":true,""source"":{""page"":2,""bbox"":[146,700,280,712]}},{""id"":""invoice_date"",""label"":""Invoice Date"",""value"":""13/10/16"",""confidence"":0.98,""type"":""text"",""required"":true,""source"":{""page"":2,""bbox"":[290,700,380,712]}},{""id"":""service_line_1"",""label"":""Service line 1"",""value"":""Incident survey and verification — RJ Horz FED #1"",""confidence"":0.94,""type"":""text"",""required"":true,""source"":{""page"":2,""bbox"":[146,660,545,672]}},{""id"":""amount_1"",""label"":""Amount"",""value"":""$850"",""confidence"":0.97,""type"":""text"",""required"":true,""source"":{""page"":2,""bbox"":[460,660,545,672]}},{""id"":""service_line_2"",""label"":""Service line 2"",""value"":""Incident Survey and Verification — Booster FED #1"",""confidence"":0.94,""type"":""text"",""required"":true,""source"":{""page"":2,""bbox"":[146,640,545,652]}},{""id"":""amount_2"",""label"":""Amount"",""value"":""$950"",""confidence"":0.97,""type"":""text"",""required"":true,""source"":{""page"":2,""bbox"":[460,640,545,652]}},{""id"":""service_line_3"",""label"":""Service line 3"",""value"":""Final report submission & Authorization"",""confidence"":0.93,""type"":""text"",""required"":true,""source"":{""page"":2,""bbox"":[146,620,545,632]}},{""id"":""amount_3"",""label"":""Amount"",""value"":""$230"",""confidence"":0.97,""type"":""text"",""required"":true,""source"":{""page"":2,""bbox"":[460,620,545,632]}},{""id"":""service_request_validation"",""label"":""Service Request Validation"",""value"":""Yes"",""confidence"":0.92,""type"":""select"",""required"":true,""options"":[""Yes"",""No""],""source"":{""page"":2,""bbox"":[146,580,280,592]}},{""id"":""qa_approved"",""label"":""QA Approved"",""value"":""Yes"",""confidence"":0.92,""type"":""select"",""required"":true,""options"":[""Yes"",""No""],""source"":{""page"":2,""bbox"":[290,580,420,592]}},{""id"":""invoice_amount"",""label"":""Invoice Amount"",""value"":""$2,030"",""confidence"":0.98,""type"":""text"",""required"":true,""source"":{""page"":2,""bbox"":[146,540,280,552]}}]},{""id"":""exception_review"",""title"":""Exception Review"",""fields"":[{""id"":""exception_reason"",""label"":""Exception Reason (if any)"",""value"":"""",""confidence"":0,""type"":""select"",""required"":false,""options"":["""",""Auth"",""Duplicate"",""Rate Mismatch"",""Service Not Approved"",""Not Enough Information""],""source"":{""page"":2,""bbox"":[146,500,380,512]}}]}]},""_formAgentType"":""invoice_validation""}",{}
CLA-1777271650693-o1ip386f,Claim Processing — CLM-2025-001,claim,pending_data_extraction,0,6,CLM-2025-001-archived-1777271939532,2026-04-27T06:34:10.693Z,2026-04-27T06:38:59.532Z,"{""_formConfig"":{""form_title"":""Invoice Validation — Review"",""form_subtitle"":""Review the supplier invoice details validated against the rate card and claim assignment. Approve to proceed with payment, or flag an exception for further review."",""confidence_threshold"":{""high"":0.9,""medium"":0.75,""low"":0},""sections"":[{""id"":""claim_details"",""title"":""Claim Details"",""fields"":[{""id"":""claimant_name_on_invoice"",""label"":""Claimant Name on Invoice"",""value"":""Acme Resources, Inc"",""confidence"":0.97,""type"":""text"",""required"":true,""source"":{""page"":1,""bbox"":[146,700,380,712]}}]},{""id"":""assignment_details"",""title"":""Assignment Details"",""fields"":[{""id"":""assignment_date"",""label"":""Assignment Date"",""value"":""11/03/16"",""confidence"":0.96,""type"":""text"",""required"":true,""source"":{""page"":1,""bbox"":[146,660,280,672]}}]},{""id"":""supplier_details"",""title"":""Supplier Details"",""fields"":[{""id"":""supplier_name"",""label"":""Name"",""value"":""SENTER ASSOCIATES, LLC"",""confidence"":0.97,""type"":""text"",""required"":true,""source"":{""page"":1,""bbox"":[146,620,380,632]}}]},{""id"":""reserves_and_participants"",""title"":""Reserves and Participants"",""fields"":[{""id"":""reserve_on_file"",""label"":""Reserve On File"",""value"":""$8,570"",""confidence"":0.97,""type"":""text"",""required"":true,""source"":{""page"":1,""bbox"":[146,580,280,592]}}]},{""id"":""invoice_details"",""title"":""Invoice Details"",""fields"":[{""id"":""invoice_number"",""label"":""Invoice Number"",""value"":""1012121"",""confidence"":0.99,""type"":""text"",""required"":true,""source"":{""page"":2,""bbox"":[146,700,280,712]}},{""id"":""invoice_date"",""label"":""Invoice Date"",""value"":""13/10/16"",""confidence"":0.98,""type"":""text"",""required"":true,""source"":{""page"":2,""bbox"":[290,700,380,712]}},{""id"":""service_line_1"",""label"":""Service line 1"",""value"":""Incident survey and verification — RJ Horz FED #1"",""confidence"":0.94,""type"":""text"",""required"":true,""source"":{""page"":2,""bbox"":[146,660,545,672]}},{""id"":""amount_1"",""label"":""Amount"",""value"":""$850"",""confidence"":0.97,""type"":""text"",""required"":true,""source"":{""page"":2,""bbox"":[460,660,545,672]}},{""id"":""service_line_2"",""label"":""Service line 2"",""value"":""Incident Survey and Verification — Booster FED #1"",""confidence"":0.94,""type"":""text"",""required"":true,""source"":{""page"":2,""bbox"":[146,640,545,652]}},{""id"":""amount_2"",""label"":""Amount"",""value"":""$950"",""confidence"":0.97,""type"":""text"",""required"":true,""source"":{""page"":2,""bbox"":[460,640,545,652]}},{""id"":""service_line_3"",""label"":""Service line 3"",""value"":""Final report submission & Authorization"",""confidence"":0.93,""type"":""text"",""required"":true,""source"":{""page"":2,""bbox"":[146,620,545,632]}},{""id"":""amount_3"",""label"":""Amount"",""value"":""$230"",""confidence"":0.97,""type"":""text"",""required"":true,""source"":{""page"":2,""bbox"":[460,620,545,632]}},{""id"":""service_request_validation"",""label"":""Service Request Validation"",""value"":""Yes"",""confidence"":0.92,""type"":""select"",""required"":true,""options"":[""Yes"",""No""],""source"":{""page"":2,""bbox"":[146,580,280,592]}},{""id"":""qa_approved"",""label"":""QA Approved"",""value"":""Yes"",""confidence"":0.92,""type"":""select"",""required"":true,""options"":[""Yes"",""No""],""source"":{""page"":2,""bbox"":[290,580,420,592]}},{""id"":""invoice_amount"",""label"":""Invoice Amount"",""value"":""$2,030"",""confidence"":0.98,""type"":""text"",""required"":true,""source"":{""page"":2,""bbox"":[146,540,280,552]}}]},{""id"":""exception_review"",""title"":""Exception Review"",""fields"":[{""id"":""exception_reason"",""label"":""Exception Reason (if any)"",""value"":"""",""confidence"":0,""type"":""select"",""required"":false,""options"":["""",""Auth"",""Duplicate"",""Rate Mismatch"",""Service Not Approved"",""Not Enough Information""],""source"":{""page"":2,""bbox"":[146,500,380,512]}}]}]},""_formAgentType"":""invoice_validation""}",{}
CLA-1777271939557-s9it1zeb,Claim Processing — CLM-2025-001,claim,pending_data_extraction,0,6,CLM-2025-001-archived-1777272023969,2026-04-27T06:38:59.558Z,2026-04-27T06:40:23.969Z,"{""_formConfig"":{""form_title"":""Invoice Validation — Review"",""form_subtitle"":""Review the supplier invoice details validated against the rate card and claim assignment. Approve to proceed with payment, or flag an exception for further review."",""confidence_threshold"":{""high"":0.9,""medium"":0.75,""low"":0},""sections"":[{""id"":""claim_details"",""title"":""Claim Details"",""fields"":[{""id"":""claimant_name_on_invoice"",""label"":""Claimant Name on Invoice"",""value"":""Acme Resources, Inc"",""confidence"":0.97,""type"":""text"",""required"":true,""source"":{""page"":1,""bbox"":[146,700,380,712]}}]},{""id"":""assignment_details"",""title"":""Assignment Details"",""fields"":[{""id"":""assignment_date"",""label"":""Assignment Date"",""value"":""11/03/16"",""confidence"":0.96,""type"":""text"",""required"":true,""source"":{""page"":1,""bbox"":[146,660,280,672]}}]},{""id"":""supplier_details"",""title"":""Supplier Details"",""fields"":[{""id"":""supplier_name"",""label"":""Name"",""value"":""SENTER ASSOCIATES, LLC"",""confidence"":0.97,""type"":""text"",""required"":true,""source"":{""page"":1,""bbox"":[146,620,380,632]}}]},{""id"":""reserves_and_participants"",""title"":""Reserves and Participants"",""fields"":[{""id"":""reserve_on_file"",""label"":""Reserve On File"",""value"":""$8,570"",""confidence"":0.97,""type"":""text"",""required"":true,""source"":{""page"":1,""bbox"":[146,580,280,592]}}]},{""id"":""invoice_details"",""title"":""Invoice Details"",""fields"":[{""id"":""invoice_number"",""label"":""Invoice Number"",""value"":""1012121"",""confidence"":0.99,""type"":""text"",""required"":true,""source"":{""page"":2,""bbox"":[146,700,280,712]}},{""id"":""invoice_date"",""label"":""Invoice Date"",""value"":""13/10/16"",""confidence"":0.98,""type"":""text"",""required"":true,""source"":{""page"":2,""bbox"":[290,700,380,712]}},{""id"":""service_line_1"",""label"":""Service line 1"",""value"":""Incident survey and verification — RJ Horz FED #1"",""confidence"":0.94,""type"":""text"",""required"":true,""source"":{""page"":2,""bbox"":[146,660,545,672]}},{""id"":""amount_1"",""label"":""Amount"",""value"":""$850"",""confidence"":0.97,""type"":""text"",""required"":true,""source"":{""page"":2,""bbox"":[460,660,545,672]}},{""id"":""service_line_2"",""label"":""Service line 2"",""value"":""Incident Survey and Verification — Booster FED #1"",""confidence"":0.94,""type"":""text"",""required"":true,""source"":{""page"":2,""bbox"":[146,640,545,652]}},{""id"":""amount_2"",""label"":""Amount"",""value"":""$950"",""confidence"":0.97,""type"":""text"",""required"":true,""source"":{""page"":2,""bbox"":[460,640,545,652]}},{""id"":""service_line_3"",""label"":""Service line 3"",""value"":""Final report submission & Authorization"",""confidence"":0.93,""type"":""text"",""required"":true,""source"":{""page"":2,""bbox"":[146,620,545,632]}},{""id"":""amount_3"",""label"":""Amount"",""value"":""$230"",""confidence"":0.97,""type"":""text"",""required"":true,""source"":{""page"":2,""bbox"":[460,620,545,632]}},{""id"":""service_request_validation"",""label"":""Service Request Validation"",""value"":""Yes"",""confidence"":0.92,""type"":""select"",""required"":true,""options"":[""Yes"",""No""],""source"":{""page"":2,""bbox"":[146,580,280,592]}},{""id"":""qa_approved"",""label"":""QA Approved"",""value"":""Yes"",""confidence"":0.92,""type"":""select"",""required"":true,""options"":[""Yes"",""No""],""source"":{""page"":2,""bbox"":[290,580,420,592]}},{""id"":""invoice_amount"",""label"":""Invoice Amount"",""value"":""$2,030"",""confidence"":0.98,""type"":""text"",""required"":true,""source"":{""page"":2,""bbox"":[146,540,280,552]}}]},{""id"":""exception_review"",""title"":""Exception Review"",""fields"":[{""id"":""exception_reason"",""label"":""Exception Reason (if any)"",""value"":"""",""confidence"":0,""type"":""select"",""required"":false,""options"":[""Auth"",""Duplicate"",""Rate Mismatch"",""Service Not Approved"",""Not Enough Information""],""source"":{""page"":2,""bbox"":[146,500,380,512]}}]}]},""_formAgentType"":""invoice_validation""}",{}
CLA-1777272023978-elccww83,Claim Processing — CLM-2025-001,claim,pending_data_extraction,0,6,CLM-2025-001-archived-1777431248859,2026-04-27T06:40:23.979Z,2026-04-29T02:54:08.860Z,"{""_formConfig"":{""form_title"":""Invoice Validation — Review"",""form_subtitle"":""Review the supplier invoice details validated against the rate card and claim assignment. Approve to proceed with payment, or flag an exception for further review."",""confidence_threshold"":{""high"":0.9,""medium"":0.75,""low"":0},""sections"":[{""id"":""claim_details"",""title"":""Claim Details"",""fields"":[{""id"":""claimant_name_on_invoice"",""label"":""Claimant Name on Invoice"",""value"":""Acme Resources, Inc"",""confidence"":0.97,""type"":""text"",""required"":true,""source"":{""page"":1,""bbox"":[146,700,380,712]}}]},{""id"":""assignment_details"",""title"":""Assignment Details"",""fields"":[{""id"":""assignment_date"",""label"":""Assignment Date"",""value"":""11/03/16"",""confidence"":0.96,""type"":""text"",""required"":true,""source"":{""page"":1,""bbox"":[146,660,280,672]}}]},{""id"":""supplier_details"",""title"":""Supplier Details"",""fields"":[{""id"":""supplier_name"",""label"":""Name"",""value"":""SENTER ASSOCIATES, LLC"",""confidence"":0.97,""type"":""text"",""required"":true,""source"":{""page"":1,""bbox"":[146,620,380,632]}}]},{""id"":""reserves_and_participants"",""title"":""Reserves and Participants"",""fields"":[{""id"":""reserve_on_file"",""label"":""Reserve On File"",""value"":""$8,570"",""confidence"":0.97,""type"":""text"",""required"":true,""source"":{""page"":1,""bbox"":[146,580,280,592]}}]},{""id"":""invoice_details"",""title"":""Invoice Details"",""fields"":[{""id"":""invoice_number"",""label"":""Invoice Number"",""value"":""1012121"",""confidence"":0.99,""type"":""text"",""required"":true,""source"":{""page"":2,""bbox"":[146,700,280,712]}},{""id"":""invoice_date"",""label"":""Invoice Date"",""value"":""13/10/16"",""confidence"":0.98,""type"":""text"",""required"":true,""source"":{""page"":2,""bbox"":[290,700,380,712]}},{""id"":""service_line_1"",""label"":""Service line 1"",""value"":""Incident survey and verification — RJ Horz FED #1"",""confidence"":0.94,""type"":""text"",""required"":true,""source"":{""page"":2,""bbox"":[146,660,545,672]}},{""id"":""amount_1"",""label"":""Amount"",""value"":""$850"",""confidence"":0.97,""type"":""text"",""required"":true,""source"":{""page"":2,""bbox"":[460,660,545,672]}},{""id"":""service_line_2"",""label"":""Service line 2"",""value"":""Incident Survey and Verification — Booster FED #1"",""confidence"":0.94,""type"":""text"",""required"":true,""source"":{""page"":2,""bbox"":[146,640,545,652]}},{""id"":""amount_2"",""label"":""Amount"",""value"":""$950"",""confidence"":0.97,""type"":""text"",""required"":true,""source"":{""page"":2,""bbox"":[460,640,545,652]}},{""id"":""service_line_3"",""label"":""Service line 3"",""value"":""Final report submission & Authorization"",""confidence"":0.93,""type"":""text"",""required"":true,""source"":{""page"":2,""bbox"":[146,620,545,632]}},{""id"":""amount_3"",""label"":""Amount"",""value"":""$230"",""confidence"":0.97,""type"":""text"",""required"":true,""source"":{""page"":2,""bbox"":[460,620,545,632]}},{""id"":""service_request_validation"",""label"":""Service Request Validation"",""value"":""Yes"",""confidence"":0.92,""type"":""select"",""required"":true,""options"":[""Yes"",""No""],""source"":{""page"":2,""bbox"":[146,580,280,592]}},{""id"":""qa_approved"",""label"":""QA Approved"",""value"":""Yes"",""confidence"":0.92,""type"":""select"",""required"":true,""options"":[""Yes"",""No""],""source"":{""page"":2,""bbox"":[290,580,420,592]}},{""id"":""invoice_amount"",""label"":""Invoice Amount"",""value"":""$2,030"",""confidence"":0.98,""type"":""text"",""required"":true,""source"":{""page"":2,""bbox"":[146,540,280,552]}}]},{""id"":""exception_review"",""title"":""Exception Review"",""fields"":[{""id"":""exception_reason"",""label"":""Exception Reason (if any)"",""value"":"""",""confidence"":0,""type"":""select"",""required"":false,""options"":[""Auth"",""Duplicate"",""Rate Mismatch"",""Service Not Approved"",""Not Enough Information""],""source"":{""page"":2,""bbox"":[146,500,380,512]}}]}]},""_formAgentType"":""invoice_validation""}",{}
CLA-1777431248866-fvfizors,Claim Processing — CLM-2025-001,claim,running,0,6,CLM-2025-001-archived-1777432628894,2026-04-29T02:54:08.866Z,2026-04-29T03:17:08.894Z,{},{}
CLA-1777432533399-clcbmmcv,Claim Processing — CLM-2026-002,claim,running,0,6,CLM-2026-002-archived-1777435079277,2026-04-29T03:15:33.399Z,2026-04-29T03:57:59.277Z,{},{}
CLA-1777432628909-7nju8zva,Verify Order,claim,pending_data_extraction,0,6,CLM-2025-001-archived-1777433768408,2026-04-29T03:17:08.909Z,2026-04-29T03:36:08.409Z,"{""_formConfig"":{""form_title"":""FNOL Intake — Reporter Details"",""form_subtitle"":""Review and approve the reporter and notification details extracted from the FNOL email before the claim is assigned to an adjuster"",""show_adjuster_assignment"":true,""confidence_threshold"":{""high"":0.9,""medium"":0.75,""low"":0},""sections"":[{""id"":""reporter_information"",""title"":""Reporter Information"",""fields"":[{""id"":""reported_by"",""label"":""Reported By"",""value"":""Broker"",""confidence"":0.99,""type"":""text"",""required"":true,""source"":{""page"":1,""bbox"":[146,700,220,712]}},{""id"":""first_name"",""label"":""First Name"",""value"":""Greg"",""confidence"":0.97,""type"":""text"",""required"":true,""source"":{""page"":1,""bbox"":[146,680,220,692]}},{""id"":""last_name"",""label"":""Last Name"",""value"":""Carpenter"",""confidence"":0.97,""type"":""text"",""required"":true,""source"":{""page"":1,""bbox"":[220,680,320,692]}},{""id"":""phone"",""label"":""Phone"",""value"":""987 765 6754"",""confidence"":0.94,""type"":""text"",""required"":true,""source"":{""page"":1,""bbox"":[146,660,280,672]}},{""id"":""email"",""label"":""Email"",""value"":""Greg.Carpenter@broadway.com"",""confidence"":0.96,""type"":""text"",""required"":true,""source"":{""page"":1,""bbox"":[146,640,380,652]}}]},{""id"":""reporter_address"",""title"":""Reporter Address"",""fields"":[{""id"":""address_line_1"",""label"":""Address Line 1"",""value"":""441 Walnut Hills Dr #14"",""confidence"":0.93,""type"":""text"",""required"":true,""source"":{""page"":1,""bbox"":[146,580,380,592]}},{""id"":""address_line_2"",""label"":""Address Line 2"",""value"":"""",""confidence"":0.6,""type"":""text"",""required"":false,""source"":{""page"":1,""bbox"":[146,560,380,572]}},{""id"":""city"",""label"":""City"",""value"":""Baird"",""confidence"":0.95,""type"":""text"",""required"":true,""source"":{""page"":1,""bbox"":[146,540,230,552]}},{""id"":""state"",""label"":""State"",""value"":""TX"",""confidence"":0.96,""type"":""text"",""required"":true,""source"":{""page"":1,""bbox"":[240,540,280,552]}},{""id"":""zip"",""label"":""ZIP"",""value"":""79504"",""confidence"":0.97,""type"":""text"",""required"":true,""source"":{""page"":1,""bbox"":[290,540,360,552]}}]},{""id"":""agency_details"",""title"":""Agency Details"",""fields"":[{""id"":""agent_code"",""label"":""Agent Code"",""value"":"""",""confidence"":0.55,""type"":""text"",""required"":false,""source"":{""page"":1,""bbox"":[146,500,280,512]}},{""id"":""agency_name"",""label"":""Agency Name"",""value"":""Broadway Brokers Ltd."",""confidence"":0.95,""type"":""text"",""required"":true,""source"":{""page"":1,""bbox"":[146,480,380,492]}}]},{""id"":""claim_contact"",""title"":""Claim Contact (Insured)"",""fields"":[{""id"":""claim_contact"",""label"":""Claim Contact"",""value"":""Chris Hemsworth"",""confidence"":0.97,""type"":""text"",""required"":true,""source"":{""page"":1,""bbox"":[146,430,320,442]}},{""id"":""relation_to_insured"",""label"":""Relation to Insured"",""value"":""Insured"",""confidence"":0.96,""type"":""text"",""required"":true,""source"":{""page"":1,""bbox"":[146,410,280,422]}},{""id"":""contact_email"",""label"":""Contact Email"",""value"":""Chris.Hemsworth@acmeresources.com"",""confidence"":0.96,""type"":""text"",""required"":true,""source"":{""page"":1,""bbox"":[146,390,420,402]}},{""id"":""contact_phone"",""label"":""Contact Phone"",""value"":""720 910 4562"",""confidence"":0.94,""type"":""text"",""required"":true,""source"":{""page"":1,""bbox"":[146,370,280,382]}}]},{""id"":""notification_details"",""title"":""Notification Details"",""fields"":[{""id"":""date_notified"",""label"":""Date Notified"",""value"":""27-Oct-15"",""confidence"":0.98,""type"":""text"",""required"":true,""source"":{""page"":1,""bbox"":[146,320,240,332]}},{""id"":""time_notified"",""label"":""Time Notified"",""value"":""10:27 AM"",""confidence"":0.97,""type"":""text"",""required"":true,""source"":{""page"":1,""bbox"":[240,320,320,332]}},{""id"":""time_zone"",""label"":""Time Zone"",""value"":""EST"",""confidence"":0.97,""type"":""text"",""required"":true,""source"":{""page"":1,""bbox"":[330,320,380,332]}},{""id"":""ack_letter_recipient"",""label"":""Email — Additional Ack Letter Recipient"",""value"":""Chris.Hemsworth@acmeresources.com"",""confidence"":0.94,""type"":""text"",""required"":false,""source"":{""page"":1,""bbox"":[146,300,420,312]}}]},{""id"":""loss_details"",""title"":""Loss Details"",""fields"":[{""id"":""loss_type"",""label"":""Loss Type"",""value"":""Fire"",""confidence"":0.97,""type"":""text"",""required"":true,""source"":{""page"":2,""bbox"":[146,700,220,712]}},{""id"":""date_of_loss"",""label"":""Date of Loss"",""value"":""21-Oct-15"",""confidence"":0.98,""type"":""text"",""required"":true,""source"":{""page"":2,""bbox"":[146,680,240,692]}},{""id"":""time_of_loss"",""label"":""Time of Loss"",""value"":""23:40 EST"",""confidence"":0.95,""type"":""text"",""required"":true,""source"":{""page"":2,""bbox"":[240,680,340,692]}},{""id"":""incident_description"",""label"":""Incident Description"",""value"":""Fire incidents occurred on the evening of 21 October 2015 at two separate salt water disposal facilities — RJ Horz FED #1 and Booster FED #1. The fire was caused by lightning strikes from the storm in Eddy County and was extensive."",""confidence"":0.92,""type"":""textarea"",""required"":true,""source"":{""page"":2,""bbox"":[146,600,545,670]}},{""id"":""loss_description"",""label"":""Loss Description"",""value"":"""",""confidence"":0,""type"":""textarea"",""required"":false,""source"":{""page"":2,""bbox"":[146,600,545,670]}},{""id"":""cause_of_loss"",""label"":""Cause of Loss"",""value"":""Lightning strikes from the storm"",""confidence"":0.94,""type"":""text"",""required"":true,""source"":{""page"":2,""bbox"":[146,580,380,592]}},{""id"":""how_was_claim_reported"",""label"":""How Was Claim Reported"",""value"":""Email"",""confidence"":0.99,""type"":""text"",""required"":true,""source"":{""page"":2,""bbox"":[146,560,240,572]}},{""id"":""reported_date"",""label"":""Reported Date"",""value"":""26-Oct-15"",""confidence"":0.97,""type"":""text"",""required"":true,""source"":{""page"":2,""bbox"":[240,560,340,572]}},{""id"":""loss_location"",""label"":""Loss Location"",""value"":""Eddy County"",""confidence"":0.95,""type"":""text"",""required"":true,""source"":{""page"":2,""bbox"":[146,540,280,552]}},{""id"":""loss_address_line_1"",""label"":""Address Line 1"",""value"":""RJ Horz FED #1"",""confidence"":0.92,""type"":""text"",""required"":true,""source"":{""page"":2,""bbox"":[146,520,320,532]}},{""id"":""loss_address_line_2"",""label"":""Address Line 2"",""value"":"""",""confidence"":0.55,""type"":""text"",""required"":false,""source"":{""page"":2,""bbox"":[146,500,320,512]}},{""id"":""loss_city"",""label"":""City"",""value"":""Eddy County"",""confidence"":0.94,""type"":""text"",""required"":true,""source"":{""page"":2,""bbox"":[146,480,280,492]}},{""id"":""loss_state"",""label"":""State"",""value"":""New Mexico"",""confidence"":0.96,""type"":""text"",""required"":true,""source"":{""page"":2,""bbox"":[290,480,380,492]}},{""id"":""loss_zip"",""label"":""ZIP"",""value"":""88220"",""confidence"":0.96,""type"":""text"",""required"":true,""source"":{""page"":2,""bbox"":[390,480,460,492]}},{""id"":""type_of_liability"",""label"":""Type of Liability"",""value"":""GL"",""confidence"":0.93,""type"":""text"",""required"":true,""source"":{""page"":2,""bbox"":[146,440,220,452]}},{""id"":""type_of_premises"",""label"":""Type of Premises"",""value"":"""",""confidence"":0.55,""type"":""text"",""required"":false,""source"":{""page"":2,""bbox"":[240,440,380,452]}},{""id"":""insured_owned_premises"",""label"":""Insured Owned Premises"",""value"":""Yes"",""confidence"":0.9,""type"":""select"",""required"":true,""options"":[""Yes"",""No""],""source"":{""page"":2,""bbox"":[146,410,220,422]}},{""id"":""companion_claim"",""label"":""Companion Claim"",""value"":""No"",""confidence"":0.92,""type"":""select"",""required"":true,""options"":[""Yes"",""No""],""source"":{""page"":2,""bbox"":[240,410,340,422]}},{""id"":""emergency_services_called"",""label"":""Emergency Services Called?"",""value"":""Yes"",""confidence"":0.96,""type"":""select"",""required"":true,""options"":[""Yes"",""No""],""source"":{""page"":2,""bbox"":[146,390,280,402]}},{""id"":""cat_claim"",""label"":""CAT Claim"",""value"":""No"",""confidence"":0.88,""type"":""select"",""required"":true,""options"":[""Yes"",""No""],""source"":{""page"":2,""bbox"":[290,390,400,402]}}]},{""id"":""witness_details"",""title"":""Witness Details"",""fields"":[{""id"":""witness_first_name"",""label"":""First Name"",""value"":"""",""confidence"":0.5,""type"":""text"",""required"":false,""source"":{""page"":3,""bbox"":[146,700,280,712]}},{""id"":""witness_last_name"",""label"":""Last Name"",""value"":"""",""confidence"":0.5,""type"":""text"",""required"":false,""source"":{""page"":3,""bbox"":[290,700,420,712]}},{""id"":""witness_phone"",""label"":""Phone"",""value"":"""",""confidence"":0.5,""type"":""text"",""required"":false,""source"":{""page"":3,""bbox"":[146,680,280,692]}},{""id"":""witness_reported_as_notice"",""label"":""Reported as notice only"",""value"":""No"",""confidence"":0.92,""type"":""select"",""required"":true,""options"":[""Yes"",""No""],""source"":{""page"":3,""bbox"":[146,660,280,672]}}]}]},""_formAgentType"":""fnol_intake""}",{}
CLA-1777432658163-lctekjpk,Claim Processing — CLM-2026-001,claim,pending_data_extraction,0,6,CLM-2026-001-archived-1777433142724,2026-04-29T03:17:38.163Z,2026-04-29T03:25:42.725Z,"{""_formConfig"":{""form_title"":""FNOL Intake — Reporter Details"",""form_subtitle"":""Review and approve the reporter and notification details extracted from the FNOL email before the claim is assigned to an adjuster"",""show_adjuster_assignment"":true,""confidence_threshold"":{""high"":0.9,""medium"":0.75,""low"":0},""sections"":[{""id"":""reporter_information"",""title"":""Reporter Information"",""fields"":[{""id"":""reported_by"",""label"":""Reported By"",""value"":""Broker"",""confidence"":0.99,""type"":""text"",""required"":true,""source"":{""page"":1,""bbox"":[146,700,220,712]}},{""id"":""first_name"",""label"":""First Name"",""value"":""Greg"",""confidence"":0.97,""type"":""text"",""required"":true,""source"":{""page"":1,""bbox"":[146,680,220,692]}},{""id"":""last_name"",""label"":""Last Name"",""value"":""Carpenter"",""confidence"":0.97,""type"":""text"",""required"":true,""source"":{""page"":1,""bbox"":[220,680,320,692]}},{""id"":""phone"",""label"":""Phone"",""value"":""987 765 6754"",""confidence"":0.94,""type"":""text"",""required"":true,""source"":{""page"":1,""bbox"":[146,660,280,672]}},{""id"":""email"",""label"":""Email"",""value"":""Greg.Carpenter@broadway.com"",""confidence"":0.96,""type"":""text"",""required"":true,""source"":{""page"":1,""bbox"":[146,640,380,652]}}]},{""id"":""reporter_address"",""title"":""Reporter Address"",""fields"":[{""id"":""address_line_1"",""label"":""Address Line 1"",""value"":""441 Walnut Hills Dr #14"",""confidence"":0.93,""type"":""text"",""required"":true,""source"":{""page"":1,""bbox"":[146,580,380,592]}},{""id"":""address_line_2"",""label"":""Address Line 2"",""value"":"""",""confidence"":0.6,""type"":""text"",""required"":false,""source"":{""page"":1,""bbox"":[146,560,380,572]}},{""id"":""city"",""label"":""City"",""value"":""Baird"",""confidence"":0.95,""type"":""text"",""required"":true,""source"":{""page"":1,""bbox"":[146,540,230,552]}},{""id"":""state"",""label"":""State"",""value"":""TX"",""confidence"":0.96,""type"":""text"",""required"":true,""source"":{""page"":1,""bbox"":[240,540,280,552]}},{""id"":""zip"",""label"":""ZIP"",""value"":""79504"",""confidence"":0.97,""type"":""text"",""required"":true,""source"":{""page"":1,""bbox"":[290,540,360,552]}}]},{""id"":""agency_details"",""title"":""Agency Details"",""fields"":[{""id"":""agent_code"",""label"":""Agent Code"",""value"":"""",""confidence"":0.55,""type"":""text"",""required"":false,""source"":{""page"":1,""bbox"":[146,500,280,512]}},{""id"":""agency_name"",""label"":""Agency Name"",""value"":""Broadway Brokers Ltd."",""confidence"":0.95,""type"":""text"",""required"":true,""source"":{""page"":1,""bbox"":[146,480,380,492]}}]},{""id"":""claim_contact"",""title"":""Claim Contact (Insured)"",""fields"":[{""id"":""claim_contact"",""label"":""Claim Contact"",""value"":""Chris Hemsworth"",""confidence"":0.97,""type"":""text"",""required"":true,""source"":{""page"":1,""bbox"":[146,430,320,442]}},{""id"":""relation_to_insured"",""label"":""Relation to Insured"",""value"":""Insured"",""confidence"":0.96,""type"":""text"",""required"":true,""source"":{""page"":1,""bbox"":[146,410,280,422]}},{""id"":""contact_email"",""label"":""Contact Email"",""value"":""Chris.Hemsworth@acmeresources.com"",""confidence"":0.96,""type"":""text"",""required"":true,""source"":{""page"":1,""bbox"":[146,390,420,402]}},{""id"":""contact_phone"",""label"":""Contact Phone"",""value"":""720 910 4562"",""confidence"":0.94,""type"":""text"",""required"":true,""source"":{""page"":1,""bbox"":[146,370,280,382]}}]},{""id"":""notification_details"",""title"":""Notification Details"",""fields"":[{""id"":""date_notified"",""label"":""Date Notified"",""value"":""27-Oct-15"",""confidence"":0.98,""type"":""text"",""required"":true,""source"":{""page"":1,""bbox"":[146,320,240,332]}},{""id"":""time_notified"",""label"":""Time Notified"",""value"":""10:27 AM"",""confidence"":0.97,""type"":""text"",""required"":true,""source"":{""page"":1,""bbox"":[240,320,320,332]}},{""id"":""time_zone"",""label"":""Time Zone"",""value"":""EST"",""confidence"":0.97,""type"":""text"",""required"":true,""source"":{""page"":1,""bbox"":[330,320,380,332]}},{""id"":""ack_letter_recipient"",""label"":""Email — Additional Ack Letter Recipient"",""value"":""Chris.Hemsworth@acmeresources.com"",""confidence"":0.94,""type"":""text"",""required"":false,""source"":{""page"":1,""bbox"":[146,300,420,312]}}]},{""id"":""loss_details"",""title"":""Loss Details"",""fields"":[{""id"":""loss_type"",""label"":""Loss Type"",""value"":""Fire"",""confidence"":0.97,""type"":""text"",""required"":true,""source"":{""page"":2,""bbox"":[146,700,220,712]}},{""id"":""date_of_loss"",""label"":""Date of Loss"",""value"":""21-Oct-15"",""confidence"":0.98,""type"":""text"",""required"":true,""source"":{""page"":2,""bbox"":[146,680,240,692]}},{""id"":""time_of_loss"",""label"":""Time of Loss"",""value"":""23:40 EST"",""confidence"":0.95,""type"":""text"",""required"":true,""source"":{""page"":2,""bbox"":[240,680,340,692]}},{""id"":""loss_description"",""label"":""Loss Description"",""value"":""Fire incidents occurred on the evening of 21 October 2015 at two separate salt water disposal facilities — RJ Horz FED #1 and Booster FED #1. The fire was caused by lightning strikes from the storm in Eddy County and was extensive."",""confidence"":0.92,""type"":""textarea"",""required"":true,""source"":{""page"":2,""bbox"":[146,600,545,670]}},{""id"":""cause_of_loss"",""label"":""Cause of Loss"",""value"":""Lightning strikes from the storm"",""confidence"":0.94,""type"":""text"",""required"":true,""source"":{""page"":2,""bbox"":[146,580,380,592]}},{""id"":""how_was_claim_reported"",""label"":""How Was Claim Reported"",""value"":""Email"",""confidence"":0.99,""type"":""text"",""required"":true,""source"":{""page"":2,""bbox"":[146,560,240,572]}},{""id"":""reported_date"",""label"":""Reported Date"",""value"":""26-Oct-15"",""confidence"":0.97,""type"":""text"",""required"":true,""source"":{""page"":2,""bbox"":[240,560,340,572]}},{""id"":""loss_location"",""label"":""Loss Location"",""value"":""Eddy County"",""confidence"":0.95,""type"":""text"",""required"":true,""source"":{""page"":2,""bbox"":[146,540,280,552]}},{""id"":""loss_address_line_1"",""label"":""Address Line 1"",""value"":""RJ Horz FED #1"",""confidence"":0.92,""type"":""text"",""required"":true,""source"":{""page"":2,""bbox"":[146,520,320,532]}},{""id"":""loss_address_line_2"",""label"":""Address Line 2"",""value"":"""",""confidence"":0.55,""type"":""text"",""required"":false,""source"":{""page"":2,""bbox"":[146,500,320,512]}},{""id"":""loss_city"",""label"":""City"",""value"":""Eddy County"",""confidence"":0.94,""type"":""text"",""required"":true,""source"":{""page"":2,""bbox"":[146,480,280,492]}},{""id"":""loss_state"",""label"":""State"",""value"":""New Mexico"",""confidence"":0.96,""type"":""text"",""required"":true,""source"":{""page"":2,""bbox"":[290,480,380,492]}},{""id"":""loss_zip"",""label"":""ZIP"",""value"":""88220"",""confidence"":0.96,""type"":""text"",""required"":true,""source"":{""page"":2,""bbox"":[390,480,460,492]}},{""id"":""type_of_liability"",""label"":""Type of Liability"",""value"":""GL"",""confidence"":0.93,""type"":""text"",""required"":true,""source"":{""page"":2,""bbox"":[146,440,220,452]}},{""id"":""type_of_premises"",""label"":""Type of Premises"",""value"":"""",""confidence"":0.55,""type"":""text"",""required"":false,""source"":{""page"":2,""bbox"":[240,440,380,452]}},{""id"":""insured_owned_premises"",""label"":""Insured Owned Premises"",""value"":""Yes"",""confidence"":0.9,""type"":""select"",""required"":true,""options"":[""Yes"",""No""],""source"":{""page"":2,""bbox"":[146,410,220,422]}},{""id"":""companion_claim"",""label"":""Companion Claim"",""value"":""No"",""confidence"":0.92,""type"":""select"",""required"":true,""options"":[""Yes"",""No""],""source"":{""page"":2,""bbox"":[240,410,340,422]}},{""id"":""emergency_services_called"",""label"":""Emergency Services Called?"",""value"":""Yes"",""confidence"":0.96,""type"":""select"",""required"":true,""options"":[""Yes"",""No""],""source"":{""page"":2,""bbox"":[146,390,280,402]}},{""id"":""cat_claim"",""label"":""CAT Claim"",""value"":""No"",""confidence"":0.88,""type"":""select"",""required"":true,""options"":[""Yes"",""No""],""source"":{""page"":2,""bbox"":[290,390,400,402]}}]},{""id"":""witness_details"",""title"":""Witness Details"",""fields"":[{""id"":""witness_first_name"",""label"":""First Name"",""value"":"""",""confidence"":0.5,""type"":""text"",""required"":false,""source"":{""page"":3,""bbox"":[146,700,280,712]}},{""id"":""witness_last_name"",""label"":""Last Name"",""value"":"""",""confidence"":0.5,""type"":""text"",""required"":false,""source"":{""page"":3,""bbox"":[290,700,420,712]}},{""id"":""witness_phone"",""label"":""Phone"",""value"":"""",""confidence"":0.5,""type"":""text"",""required"":false,""source"":{""page"":3,""bbox"":[146,680,280,692]}},{""id"":""witness_reported_as_notice"",""label"":""Reported as notice only"",""value"":""No"",""confidence"":0.92,""type"":""select"",""required"":true,""options"":[""Yes"",""No""],""source"":{""page"":3,""bbox"":[146,660,280,672]}}]}]},""_formAgentType"":""fnol_intake""}",{}
CLA-1777433142740-9xzbm9f1,Claim Processing — CLM-2026-001,claim,running,2,6,CLM-2026-001-archived-1777433912282,2026-04-29T03:25:42.740Z,2026-04-29T03:38:32.282Z,"{""reported_by"":""Broker"",""first_name"":""Greg"",""last_name"":""Carpenter"",""phone"":""987 765 6754"",""email"":""Greg.Carpenter@broadway.com"",""address_line_1"":""441 Walnut Hills Dr #14"",""address_line_2"":"""",""city"":""Baird"",""state"":""TX"",""zip"":""79504"",""agent_code"":"""",""agency_name"":""Broadway Brokers Ltd."",""claim_contact"":""Chris Hemsworth"",""relation_to_insured"":""Insured"",""contact_email"":""Chris.Hemsworth@acmeresources.com"",""contact_phone"":""720 910 4562"",""date_notified"":""27-Oct-15"",""time_notified"":""10:27 AM"",""time_zone"":""EST"",""ack_letter_recipient"":""Chris.Hemsworth@acmeresources.com"",""loss_type"":""Fire"",""date_of_loss"":""21-Oct-15"",""time_of_loss"":""23:40 EST"",""incident_description"":""Fire incidents occurred on the evening of 21 October 2015 at two separate salt water disposal facilities — RJ Horz FED #1 and Booster FED #1. The fire was caused by lightning strikes from the storm in Eddy County and was extensive."",""loss_description"":"""",""cause_of_loss"":""Lightning strikes from the storm"",""how_was_claim_reported"":""Email"",""reported_date"":""26-Oct-15"",""loss_location"":""Eddy County"",""loss_address_line_1"":""RJ Horz FED #1"",""loss_address_line_2"":"""",""loss_city"":""Eddy County"",""loss_state"":""New Mexico"",""loss_zip"":""88220"",""type_of_liability"":""GL"",""type_of_premises"":"""",""insured_owned_premises"":""Yes"",""companion_claim"":""No"",""emergency_services_called"":""Yes"",""cat_claim"":""No"",""witness_first_name"":"""",""witness_last_name"":"""",""witness_phone"":"""",""witness_reported_as_notice"":""No""}",{}
CLA-1777433768416-mq0ydgny,Verify pane toggle,claim,running,0,6,CLM-2025-001-archived-1777434920170,2026-04-29T03:36:08.416Z,2026-04-29T03:55:20.170Z,{},{}
CLA-1777433912302-yy8o0d5t,Claim Processing — CLM-2026-001,claim,running,0,6,CLM-2026-001-archived-1777434927218,2026-04-29T03:38:32.302Z,2026-04-29T03:55:27.218Z,{},{}
CLA-1777434920179-m13jkmwp,Verify firefighting,claim,running,0,6,CLM-2025-001-archived-1777449548920,2026-04-29T03:55:20.179Z,2026-04-29T07:59:08.920Z,{},{}
CLA-1777434927225-n6n6no0p,Claim Processing — CLM-2026-001,claim,running,0,6,CLM-2026-001-archived-1777435047172,2026-04-29T03:55:27.225Z,2026-04-29T03:57:27.172Z,{},{}
CLA-1777435047183-as0l6yds,Verify QA fallback,claim,running,0,6,CLM-2026-001,2026-04-29T03:57:27.183Z,2026-04-29T03:57:27.183Z,{},{}
CLA-1777435079287-17v3fj7z,Claim Processing — CLM-2026-002,claim,running,1,6,CLM-2026-002,2026-04-29T03:57:59.287Z,2026-04-29T07:58:34.321Z,{},{}
CLA-1777449548930-wn5kxy60,Verify greeting,claim,running,0,6,CLM-2025-001-archived-1777449631314,2026-04-29T07:59:08.930Z,2026-04-29T08:00:31.314Z,{},{}
CLA-1777449588869-12fzesw7,Claim Processing — CLM-2026-003,claim,running,0,6,CLM-2026-003-archived-1777449655261,2026-04-29T07:59:48.869Z,2026-04-29T08:00:55.261Z,{},{}
CLA-1777449631325-u7dzh1sh,Verify no damage,claim,running,0,6,CLM-2025-001,2026-04-29T08:00:31.325Z,2026-04-29T08:00:31.325Z,{},{}
CLA-1777449655270-zccxwa50,Claim Processing — CLM-2026-003,claim,pending_data_extraction,0,6,CLM-2026-003-archived-1777450252525,2026-04-29T08:00:55.270Z,2026-04-29T08:10:52.526Z,"{""_formConfig"":{""form_title"":""FNOL Intake — Reporter Details"",""form_subtitle"":""Review and approve the reporter and notification details extracted from the FNOL email before the claim is assigned to an adjuster"",""show_adjuster_assignment"":true,""confidence_threshold"":{""high"":0.9,""medium"":0.75,""low"":0},""sections"":[{""id"":""reporter_information"",""title"":""Reporter Information"",""fields"":[{""id"":""reported_by"",""label"":""Reported By"",""value"":""Broker"",""confidence"":0.99,""type"":""text"",""required"":true,""source"":{""page"":1,""bbox"":[146,700,220,712]}},{""id"":""first_name"",""label"":""First Name"",""value"":""Greg"",""confidence"":0.97,""type"":""text"",""required"":true,""source"":{""page"":1,""bbox"":[146,680,220,692]}},{""id"":""last_name"",""label"":""Last Name"",""value"":""Carpenter"",""confidence"":0.97,""type"":""text"",""required"":true,""source"":{""page"":1,""bbox"":[220,680,320,692]}},{""id"":""phone"",""label"":""Phone"",""value"":""987 765 6754"",""confidence"":0.94,""type"":""text"",""required"":true,""source"":{""page"":1,""bbox"":[146,660,280,672]}},{""id"":""email"",""label"":""Email"",""value"":""Greg.Carpenter@broadway.com"",""confidence"":0.96,""type"":""text"",""required"":true,""source"":{""page"":1,""bbox"":[146,640,380,652]}}]},{""id"":""reporter_address"",""title"":""Reporter Address"",""fields"":[{""id"":""address_line_1"",""label"":""Address Line 1"",""value"":""441 Walnut Hills Dr #14"",""confidence"":0.93,""type"":""text"",""required"":true,""source"":{""page"":1,""bbox"":[146,580,380,592]}},{""id"":""address_line_2"",""label"":""Address Line 2"",""value"":"""",""confidence"":0.6,""type"":""text"",""required"":false,""source"":{""page"":1,""bbox"":[146,560,380,572]}},{""id"":""city"",""label"":""City"",""value"":""Baird"",""confidence"":0.95,""type"":""text"",""required"":true,""source"":{""page"":1,""bbox"":[146,540,230,552]}},{""id"":""state"",""label"":""State"",""value"":""TX"",""confidence"":0.96,""type"":""text"",""required"":true,""source"":{""page"":1,""bbox"":[240,540,280,552]}},{""id"":""zip"",""label"":""ZIP"",""value"":""79504"",""confidence"":0.97,""type"":""text"",""required"":true,""source"":{""page"":1,""bbox"":[290,540,360,552]}}]},{""id"":""agency_details"",""title"":""Agency Details"",""fields"":[{""id"":""agent_code"",""label"":""Agent Code"",""value"":"""",""confidence"":0.55,""type"":""text"",""required"":false,""source"":{""page"":1,""bbox"":[146,500,280,512]}},{""id"":""agency_name"",""label"":""Agency Name"",""value"":""Broadway Brokers Ltd."",""confidence"":0.95,""type"":""text"",""required"":true,""source"":{""page"":1,""bbox"":[146,480,380,492]}}]},{""id"":""claim_contact"",""title"":""Claim Contact (Insured)"",""fields"":[{""id"":""claim_contact"",""label"":""Claim Contact"",""value"":""Chris Hemsworth"",""confidence"":0.97,""type"":""text"",""required"":true,""source"":{""page"":1,""bbox"":[146,430,320,442]}},{""id"":""relation_to_insured"",""label"":""Relation to Insured"",""value"":""Insured"",""confidence"":0.96,""type"":""text"",""required"":true,""source"":{""page"":1,""bbox"":[146,410,280,422]}},{""id"":""contact_email"",""label"":""Contact Email"",""value"":""Chris.Hemsworth@acmeresources.com"",""confidence"":0.96,""type"":""text"",""required"":true,""source"":{""page"":1,""bbox"":[146,390,420,402]}},{""id"":""contact_phone"",""label"":""Contact Phone"",""value"":""720 910 4562"",""confidence"":0.94,""type"":""text"",""required"":true,""source"":{""page"":1,""bbox"":[146,370,280,382]}}]},{""id"":""notification_details"",""title"":""Notification Details"",""fields"":[{""id"":""date_notified"",""label"":""Date Notified"",""value"":""27-Oct-15"",""confidence"":0.98,""type"":""text"",""required"":true,""source"":{""page"":1,""bbox"":[146,320,240,332]}},{""id"":""time_notified"",""label"":""Time Notified"",""value"":""10:27 AM"",""confidence"":0.97,""type"":""text"",""required"":true,""source"":{""page"":1,""bbox"":[240,320,320,332]}},{""id"":""time_zone"",""label"":""Time Zone"",""value"":""EST"",""confidence"":0.97,""type"":""text"",""required"":true,""source"":{""page"":1,""bbox"":[330,320,380,332]}},{""id"":""ack_letter_recipient"",""label"":""Email — Additional Ack Letter Recipient"",""value"":""Chris.Hemsworth@acmeresources.com"",""confidence"":0.94,""type"":""text"",""required"":false,""source"":{""page"":1,""bbox"":[146,300,420,312]}}]},{""id"":""loss_details"",""title"":""Loss Details"",""fields"":[{""id"":""loss_type"",""label"":""Loss Type"",""value"":""Fire"",""confidence"":0.97,""type"":""text"",""required"":true,""source"":{""page"":2,""bbox"":[146,700,220,712]}},{""id"":""date_of_loss"",""label"":""Date of Loss"",""value"":""21-Oct-15"",""confidence"":0.98,""type"":""text"",""required"":true,""source"":{""page"":2,""bbox"":[146,680,240,692]}},{""id"":""time_of_loss"",""label"":""Time of Loss"",""value"":""23:40 EST"",""confidence"":0.95,""type"":""text"",""required"":true,""source"":{""page"":2,""bbox"":[240,680,340,692]}},{""id"":""incident_description"",""label"":""Incident Description"",""value"":""Fire incidents occurred on the evening of 21 October 2015 at two separate salt water disposal facilities — RJ Horz FED #1 and Booster FED #1. The fire was caused by lightning strikes from the storm in Eddy County and was extensive."",""confidence"":0.92,""type"":""textarea"",""required"":true,""source"":{""page"":2,""bbox"":[146,600,545,670]}},{""id"":""loss_description"",""label"":""Loss Description"",""value"":"""",""confidence"":0,""type"":""textarea"",""required"":false,""source"":{""page"":2,""bbox"":[146,600,545,670]}},{""id"":""cause_of_loss"",""label"":""Cause of Loss"",""value"":""Lightning strikes from the storm"",""confidence"":0.94,""type"":""text"",""required"":true,""source"":{""page"":2,""bbox"":[146,580,380,592]}},{""id"":""how_was_claim_reported"",""label"":""How Was Claim Reported"",""value"":""Email"",""confidence"":0.99,""type"":""text"",""required"":true,""source"":{""page"":2,""bbox"":[146,560,240,572]}},{""id"":""reported_date"",""label"":""Reported Date"",""value"":""26-Oct-15"",""confidence"":0.97,""type"":""text"",""required"":true,""source"":{""page"":2,""bbox"":[240,560,340,572]}},{""id"":""loss_location"",""label"":""Loss Location"",""value"":""Eddy County"",""confidence"":0.95,""type"":""text"",""required"":true,""source"":{""page"":2,""bbox"":[146,540,280,552]}},{""id"":""loss_address_line_1"",""label"":""Address Line 1"",""value"":""RJ Horz FED #1"",""confidence"":0.92,""type"":""text"",""required"":true,""source"":{""page"":2,""bbox"":[146,520,320,532]}},{""id"":""loss_address_line_2"",""label"":""Address Line 2"",""value"":"""",""confidence"":0.55,""type"":""text"",""required"":false,""source"":{""page"":2,""bbox"":[146,500,320,512]}},{""id"":""loss_city"",""label"":""City"",""value"":""Eddy County"",""confidence"":0.94,""type"":""text"",""required"":true,""source"":{""page"":2,""bbox"":[146,480,280,492]}},{""id"":""loss_state"",""label"":""State"",""value"":""New Mexico"",""confidence"":0.96,""type"":""text"",""required"":true,""source"":{""page"":2,""bbox"":[290,480,380,492]}},{""id"":""loss_zip"",""label"":""ZIP"",""value"":""88220"",""confidence"":0.96,""type"":""text"",""required"":true,""source"":{""page"":2,""bbox"":[390,480,460,492]}},{""id"":""type_of_liability"",""label"":""Type of Liability"",""value"":""GL"",""confidence"":0.93,""type"":""text"",""required"":true,""source"":{""page"":2,""bbox"":[146,440,220,452]}},{""id"":""type_of_premises"",""label"":""Type of Premises"",""value"":"""",""confidence"":0.55,""type"":""text"",""required"":false,""source"":{""page"":2,""bbox"":[240,440,380,452]}},{""id"":""insured_owned_premises"",""label"":""Insured Owned Premises"",""value"":""Yes"",""confidence"":0.9,""type"":""select"",""required"":true,""options"":[""Yes"",""No""],""source"":{""page"":2,""bbox"":[146,410,220,422]}},{""id"":""companion_claim"",""label"":""Companion Claim"",""value"":""No"",""confidence"":0.92,""type"":""select"",""required"":true,""options"":[""Yes"",""No""],""source"":{""page"":2,""bbox"":[240,410,340,422]}},{""id"":""emergency_services_called"",""label"":""Emergency Services Called?"",""value"":""Yes"",""confidence"":0.96,""type"":""select"",""required"":true,""options"":[""Yes"",""No""],""source"":{""page"":2,""bbox"":[146,390,280,402]}},{""id"":""cat_claim"",""label"":""CAT Claim"",""value"":""No"",""confidence"":0.88,""type"":""select"",""required"":true,""options"":[""Yes"",""No""],""source"":{""page"":2,""bbox"":[290,390,400,402]}}]},{""id"":""witness_details"",""title"":""Witness Details"",""fields"":[{""id"":""witness_first_name"",""label"":""First Name"",""value"":"""",""confidence"":0.5,""type"":""text"",""required"":false,""source"":{""page"":3,""bbox"":[146,700,280,712]}},{""id"":""witness_last_name"",""label"":""Last Name"",""value"":"""",""confidence"":0.5,""type"":""text"",""required"":false,""source"":{""page"":3,""bbox"":[290,700,420,712]}},{""id"":""witness_phone"",""label"":""Phone"",""value"":"""",""confidence"":0.5,""type"":""text"",""required"":false,""source"":{""page"":3,""bbox"":[146,680,280,692]}},{""id"":""witness_reported_as_notice"",""label"":""Reported as notice only"",""value"":""No"",""confidence"":0.92,""type"":""select"",""required"":true,""options"":[""Yes"",""No""],""source"":{""page"":3,""bbox"":[146,660,280,672]}}]}]},""_formAgentType"":""fnol_intake""}",{}
CLA-1777450252539-xshqvobj,Claim Processing — CLM-2026-003,claim,pending_data_extraction,0,6,CLM-2026-003,2026-04-29T08:10:52.539Z,2026-04-29T08:11:45.168Z,"{""_formConfig"":{""form_title"":""FNOL Intake — Reporter Details"",""form_subtitle"":""Review and approve the reporter and notification details extracted from the FNOL email before the claim is assigned to an adjuster"",""show_adjuster_assignment"":true,""confidence_threshold"":{""high"":0.9,""medium"":0.75,""low"":0},""sections"":[{""id"":""reporter_information"",""title"":""Reporter Information"",""fields"":[{""id"":""reported_by"",""label"":""Reported By"",""value"":""Broker"",""confidence"":0.99,""type"":""text"",""required"":true,""source"":{""page"":1,""bbox"":[146,700,220,712]}},{""id"":""first_name"",""label"":""First Name"",""value"":""Greg"",""confidence"":0.97,""type"":""text"",""required"":true,""source"":{""page"":1,""bbox"":[146,680,220,692]}},{""id"":""last_name"",""label"":""Last Name"",""value"":""Carpenter"",""confidence"":0.97,""type"":""text"",""required"":true,""source"":{""page"":1,""bbox"":[220,680,320,692]}},{""id"":""phone"",""label"":""Phone"",""value"":""987 765 6754"",""confidence"":0.94,""type"":""text"",""required"":true,""source"":{""page"":1,""bbox"":[146,660,280,672]}},{""id"":""email"",""label"":""Email"",""value"":""Greg.Carpenter@broadway.com"",""confidence"":0.96,""type"":""text"",""required"":true,""source"":{""page"":1,""bbox"":[146,640,380,652]}}]},{""id"":""reporter_address"",""title"":""Reporter Address"",""fields"":[{""id"":""address_line_1"",""label"":""Address Line 1"",""value"":""441 Walnut Hills Dr #14"",""confidence"":0.93,""type"":""text"",""required"":true,""source"":{""page"":1,""bbox"":[146,580,380,592]}},{""id"":""address_line_2"",""label"":""Address Line 2"",""value"":"""",""confidence"":0.6,""type"":""text"",""required"":false,""source"":{""page"":1,""bbox"":[146,560,380,572]}},{""id"":""city"",""label"":""City"",""value"":""Baird"",""confidence"":0.95,""type"":""text"",""required"":true,""source"":{""page"":1,""bbox"":[146,540,230,552]}},{""id"":""state"",""label"":""State"",""value"":""TX"",""confidence"":0.96,""type"":""text"",""required"":true,""source"":{""page"":1,""bbox"":[240,540,280,552]}},{""id"":""zip"",""label"":""ZIP"",""value"":""79504"",""confidence"":0.97,""type"":""text"",""required"":true,""source"":{""page"":1,""bbox"":[290,540,360,552]}}]},{""id"":""agency_details"",""title"":""Agency Details"",""fields"":[{""id"":""agent_code"",""label"":""Agent Code"",""value"":"""",""confidence"":0.55,""type"":""text"",""required"":false,""source"":{""page"":1,""bbox"":[146,500,280,512]}},{""id"":""agency_name"",""label"":""Agency Name"",""value"":""Broadway Brokers Ltd."",""confidence"":0.95,""type"":""text"",""required"":true,""source"":{""page"":1,""bbox"":[146,480,380,492]}}]},{""id"":""claim_contact"",""title"":""Claim Contact (Insured)"",""fields"":[{""id"":""claim_contact"",""label"":""Claim Contact"",""value"":""Chris Hemsworth"",""confidence"":0.97,""type"":""text"",""required"":true,""source"":{""page"":1,""bbox"":[146,430,320,442]}},{""id"":""relation_to_insured"",""label"":""Relation to Insured"",""value"":""Insured"",""confidence"":0.96,""type"":""text"",""required"":true,""source"":{""page"":1,""bbox"":[146,410,280,422]}},{""id"":""contact_email"",""label"":""Contact Email"",""value"":""Chris.Hemsworth@acmeresources.com"",""confidence"":0.96,""type"":""text"",""required"":true,""source"":{""page"":1,""bbox"":[146,390,420,402]}},{""id"":""contact_phone"",""label"":""Contact Phone"",""value"":""720 910 4562"",""confidence"":0.94,""type"":""text"",""required"":true,""source"":{""page"":1,""bbox"":[146,370,280,382]}}]},{""id"":""notification_details"",""title"":""Notification Details"",""fields"":[{""id"":""date_notified"",""label"":""Date Notified"",""value"":""27-Oct-15"",""confidence"":0.98,""type"":""text"",""required"":true,""source"":{""page"":1,""bbox"":[146,320,240,332]}},{""id"":""time_notified"",""label"":""Time Notified"",""value"":""10:27 AM"",""confidence"":0.97,""type"":""text"",""required"":true,""source"":{""page"":1,""bbox"":[240,320,320,332]}},{""id"":""time_zone"",""label"":""Time Zone"",""value"":""EST"",""confidence"":0.97,""type"":""text"",""required"":true,""source"":{""page"":1,""bbox"":[330,320,380,332]}},{""id"":""ack_letter_recipient"",""label"":""Email — Additional Ack Letter Recipient"",""value"":""Chris.Hemsworth@acmeresources.com"",""confidence"":0.94,""type"":""text"",""required"":false,""source"":{""page"":1,""bbox"":[146,300,420,312]}}]},{""id"":""loss_details"",""title"":""Loss Details"",""fields"":[{""id"":""loss_type"",""label"":""Loss Type"",""value"":""Fire"",""confidence"":0.97,""type"":""text"",""required"":true,""source"":{""page"":2,""bbox"":[146,700,220,712]}},{""id"":""date_of_loss"",""label"":""Date of Loss"",""value"":""21-Oct-15"",""confidence"":0.98,""type"":""text"",""required"":true,""source"":{""page"":2,""bbox"":[146,680,240,692]}},{""id"":""time_of_loss"",""label"":""Time of Loss"",""value"":""23:40 EST"",""confidence"":0.95,""type"":""text"",""required"":true,""source"":{""page"":2,""bbox"":[240,680,340,692]}},{""id"":""incident_description"",""label"":""Incident Description"",""value"":""Fire incidents occurred on the evening of 21 October 2015 at two separate salt water disposal facilities — RJ Horz FED #1 and Booster FED #1. The fire was caused by lightning strikes from the storm in Eddy County and was extensive."",""confidence"":0.92,""type"":""textarea"",""required"":true,""source"":{""page"":2,""bbox"":[146,600,545,670]}},{""id"":""loss_description"",""label"":""Loss Description"",""value"":"""",""confidence"":0,""type"":""textarea"",""required"":false,""source"":{""page"":2,""bbox"":[146,600,545,670]}},{""id"":""cause_of_loss"",""label"":""Cause of Loss"",""value"":""Lightning strikes from the storm"",""confidence"":0.94,""type"":""text"",""required"":true,""source"":{""page"":2,""bbox"":[146,580,380,592]}},{""id"":""how_was_claim_reported"",""label"":""How Was Claim Reported"",""value"":""Email"",""confidence"":0.99,""type"":""text"",""required"":true,""source"":{""page"":2,""bbox"":[146,560,240,572]}},{""id"":""reported_date"",""label"":""Reported Date"",""value"":""26-Oct-15"",""confidence"":0.97,""type"":""text"",""required"":true,""source"":{""page"":2,""bbox"":[240,560,340,572]}},{""id"":""loss_location"",""label"":""Loss Location"",""value"":""Eddy County"",""confidence"":0.95,""type"":""text"",""required"":true,""source"":{""page"":2,""bbox"":[146,540,280,552]}},{""id"":""loss_address_line_1"",""label"":""Address Line 1"",""value"":""RJ Horz FED #1"",""confidence"":0.92,""type"":""text"",""required"":true,""source"":{""page"":2,""bbox"":[146,520,320,532]}},{""id"":""loss_address_line_2"",""label"":""Address Line 2"",""value"":"""",""confidence"":0.55,""type"":""text"",""required"":false,""source"":{""page"":2,""bbox"":[146,500,320,512]}},{""id"":""loss_city"",""label"":""City"",""value"":""Eddy County"",""confidence"":0.94,""type"":""text"",""required"":true,""source"":{""page"":2,""bbox"":[146,480,280,492]}},{""id"":""loss_state"",""label"":""State"",""value"":""New Mexico"",""confidence"":0.96,""type"":""text"",""required"":true,""source"":{""page"":2,""bbox"":[290,480,380,492]}},{""id"":""loss_zip"",""label"":""ZIP"",""value"":""88220"",""confidence"":0.96,""type"":""text"",""required"":true,""source"":{""page"":2,""bbox"":[390,480,460,492]}},{""id"":""type_of_liability"",""label"":""Type of Liability"",""value"":""GL"",""confidence"":0.93,""type"":""text"",""required"":true,""source"":{""page"":2,""bbox"":[146,440,220,452]}},{""id"":""type_of_premises"",""label"":""Type of Premises"",""value"":"""",""confidence"":0.55,""type"":""text"",""required"":false,""source"":{""page"":2,""bbox"":[240,440,380,452]}},{""id"":""insured_owned_premises"",""label"":""Insured Owned Premises"",""value"":""Yes"",""confidence"":0.9,""type"":""select"",""required"":true,""options"":[""Yes"",""No""],""source"":{""page"":2,""bbox"":[146,410,220,422]}},{""id"":""companion_claim"",""label"":""Companion Claim"",""value"":""No"",""confidence"":0.92,""type"":""select"",""required"":true,""options"":[""Yes"",""No""],""source"":{""page"":2,""bbox"":[240,410,340,422]}},{""id"":""emergency_services_called"",""label"":""Emergency Services Called?"",""value"":""Yes"",""confidence"":0.96,""type"":""select"",""required"":true,""options"":[""Yes"",""No""],""source"":{""page"":2,""bbox"":[146,390,280,402]}},{""id"":""cat_claim"",""label"":""CAT Claim"",""value"":""No"",""confidence"":0.88,""type"":""select"",""required"":true,""options"":[""Yes"",""No""],""source"":{""page"":2,""bbox"":[290,390,400,402]}}]},{""id"":""witness_details"",""title"":""Witness Details"",""fields"":[{""id"":""witness_first_name"",""label"":""First Name"",""value"":"""",""confidence"":0.5,""type"":""text"",""required"":false,""source"":{""page"":3,""bbox"":[146,700,280,712]}},{""id"":""witness_last_name"",""label"":""Last Name"",""value"":"""",""confidence"":0.5,""type"":""text"",""required"":false,""source"":{""page"":3,""bbox"":[290,700,420,712]}},{""id"":""witness_phone"",""label"":""Phone"",""value"":"""",""confidence"":0.5,""type"":""text"",""required"":false,""source"":{""page"":3,""bbox"":[146,680,280,692]}},{""id"":""witness_reported_as_notice"",""label"":""Reported as notice only"",""value"":""No"",""confidence"":0.92,""type"":""select"",""required"":true,""options"":[""Yes"",""No""],""source"":{""page"":3,""bbox"":[146,660,280,672]}}]}]},""_formAgentType"":""fnol_intake""}",{}
PRE-1778227614546-gts94k4y,Test pre-bind,pre_bind,running,0,6,PRB-2026-001-archived-1778227663366,2026-05-08T08:06:54.547Z,2026-05-08T08:07:43.366Z,{},{}
PRE-1778227663386-btw7cmox,Pre-Bind Submission — PRB-2026-001,pre_bind,running,0,6,PRB-2026-001-archived-1778227848395,2026-05-08T08:07:43.386Z,2026-05-08T08:10:48.395Z,{},{}
PRE-1778227848418-dkfwtm3w,Pre-Bind Submission — PRB-2026-001,pre_bind,running,0,6,PRB-2026-001-archived-1778228014648,2026-05-08T08:10:48.419Z,2026-05-08T08:13:34.648Z,{},{}
PRE-1778228014684-yfzre72g,Test pre-bind run,pre_bind,running,0,6,PRB-2026-001-archived-1778228026776,2026-05-08T08:13:34.686Z,2026-05-08T08:13:46.776Z,{},{}
PRE-1778228026802-40rad6ds,Test pre-bind run,pre_bind,running,1,6,PRB-2026-001-archived-1778228049424,2026-05-08T08:13:46.802Z,2026-05-08T08:14:15.865Z,{},{}
PRE-1778228049478-om8spcwc,Test,pre_bind,running,1,6,PRB-2026-001-archived-1778228980971,2026-05-08T08:14:09.478Z,2026-05-08T08:29:40.974Z,{},{}
PRE-1778228980996-q92kal9h,Verify reversed,pre_bind,running,0,7,PRB-2026-001-archived-1778228988629,2026-05-08T08:29:40.996Z,2026-05-08T08:29:48.629Z,{},{}
PRE-1778228988653-c3hlhn7h,Verify reversed,pre_bind,running,1,7,PRB-2026-001-archived-1778229008062,2026-05-08T08:29:48.653Z,2026-05-08T08:30:33.032Z,{},{}
PRE-1778229008080-gz6zwyy7,Pre-Bind Submission — PRB-2026-001,pre_bind,running,0,7,PRB-2026-001-archived-1778229189682,2026-05-08T08:30:08.080Z,2026-05-08T08:33:09.684Z,{},{}
PRE-1778229189743-ydw3rdf9,Verify final order,pre_bind,running,0,7,PRB-2026-001-archived-1778229387235,2026-05-08T08:33:09.743Z,2026-05-08T08:36:27.235Z,{},{}
PRE-1778229387248-q5m0yw5g,Pre-Bind Submission — PRB-2026-001,pre_bind,running,2,7,PRB-2026-001-archived-1778229715723,2026-05-08T08:36:27.248Z,2026-05-08T08:41:55.724Z,{},{}
PRE-1778229715743-3ddp5ppd,Verify DCC email,pre_bind,running,1,7,PRB-2026-001-archived-1778229722293,2026-05-08T08:41:55.743Z,2026-05-08T08:42:51.639Z,{},{}
PRE-1778229722306-0z0scwit,Pre-Bind Submission — PRB-2026-001,pre_bind,running,2,7,PRB-2026-001-archived-1778229891303,2026-05-08T08:42:02.306Z,2026-05-08T08:59:39.585Z,{},{}
PRE-1778229891320-ipmzgz9d,Verify clean email,pre_bind,running,0,7,PRB-2026-001-archived-1778230997582,2026-05-08T08:44:51.320Z,2026-05-08T09:03:17.582Z,{},{}
PRE-1778230997597-d4dzwhnr,Verify SE form,pre_bind,pending_data_extraction,0,7,PRB-2026-001-archived-1778231150515,2026-05-08T09:03:17.597Z,2026-05-08T09:05:50.516Z,"{""_formConfig"":{""form_title"":""Submission Extraction — Pre-Bind Review"",""form_subtitle"":""Review and approve the submission data extracted from the broker pack before risk prioritization and pricing"",""confidence_threshold"":{""high"":0.9,""medium"":0.75,""low"":0},""sections"":[{""id"":""insured_details"",""title"":""Insured Details"",""fields"":[{""id"":""insured_name"",""label"":""Insured Name"",""value"":""Northwind Logistics Ltd"",""confidence"":0.98,""type"":""text"",""required"":true,""source"":{""page"":1,""bbox"":[146,700,380,712]}},{""id"":""trading_name"",""label"":""Trading Name"",""value"":""Northwind"",""confidence"":0.92,""type"":""text"",""required"":false,""source"":{""page"":1,""bbox"":[146,680,280,692]}},{""id"":""company_number"",""label"":""Companies House No."",""value"":""08732145"",""confidence"":0.95,""type"":""text"",""required"":true,""source"":{""page"":1,""bbox"":[146,660,240,672]}},{""id"":""industry_sector"",""label"":""Industry Sector"",""value"":""Warehousing & Logistics"",""confidence"":0.96,""type"":""text"",""required"":true,""source"":{""page"":1,""bbox"":[146,640,340,652]}},{""id"":""annual_revenue"",""label"":""Annual Revenue (£)"",""value"":""86,400,000"",""confidence"":0.91,""type"":""text"",""required"":true,""source"":{""page"":1,""bbox"":[146,620,280,632]}},{""id"":""employee_count"",""label"":""Employees"",""value"":""247"",""confidence"":0.93,""type"":""text"",""required"":true,""source"":{""page"":1,""bbox"":[290,620,360,632]}}]},{""id"":""broker_details"",""title"":""Broker Details"",""fields"":[{""id"":""broker_name"",""label"":""Broker"",""value"":""Aon (London)"",""confidence"":0.99,""type"":""text"",""required"":true,""source"":{""page"":1,""bbox"":[146,580,280,592]}},{""id"":""broker_contact"",""label"":""Broker Contact"",""value"":""James Henderson"",""confidence"":0.94,""type"":""text"",""required"":true,""source"":{""page"":1,""bbox"":[146,560,320,572]}},{""id"":""broker_email"",""label"":""Broker Email"",""value"":""submissions@aon-london.com"",""confidence"":0.99,""type"":""text"",""required"":true,""source"":{""page"":1,""bbox"":[146,540,420,552]}},{""id"":""broker_hit_rate"",""label"":""Broker Hit Rate (12m)"",""value"":""34%"",""confidence"":0.88,""type"":""text"",""required"":false,""source"":{""page"":1,""bbox"":[146,520,240,532]}}]},{""id"":""exposure_summary"",""title"":""Exposure & Coverage"",""fields"":[{""id"":""line_of_business"",""label"":""Line of Business"",""value"":""Commercial Property + BI"",""confidence"":0.97,""type"":""text"",""required"":true,""source"":{""page"":2,""bbox"":[146,700,380,712]}},{""id"":""tiv"",""label"":""Total Insured Value (£)"",""value"":""42,000,000"",""confidence"":0.95,""type"":""text"",""required"":true,""source"":{""page"":2,""bbox"":[146,680,280,692]}},{""id"":""location_count"",""label"":""Number of Locations"",""value"":""3"",""confidence"":0.99,""type"":""text"",""required"":true,""source"":{""page"":2,""bbox"":[290,680,340,692]}},{""id"":""primary_location"",""label"":""Primary Location"",""value"":""Coventry CV3 4AB"",""confidence"":0.94,""type"":""text"",""required"":true,""source"":{""page"":2,""bbox"":[146,660,320,672]}},{""id"":""deductible"",""label"":""Requested Deductible (£)"",""value"":""25,000"",""confidence"":0.96,""type"":""text"",""required"":true,""source"":{""page"":2,""bbox"":[146,640,240,652]}},{""id"":""bi_indemnity_period"",""label"":""BI Indemnity Period"",""value"":""12 months"",""confidence"":0.95,""type"":""text"",""required"":true,""source"":{""page"":2,""bbox"":[290,640,380,652]}},{""id"":""policy_inception"",""label"":""Requested Inception"",""value"":""01/06/2026"",""confidence"":0.98,""type"":""text"",""required"":true,""source"":{""page"":2,""bbox"":[146,620,240,632]}},{""id"":""policy_term_months"",""label"":""Policy Term (months)"",""value"":""12"",""confidence"":0.99,""type"":""text"",""required"":true,""source"":{""page"":2,""bbox"":[290,620,340,632]}},{""id"":""construction_type"",""label"":""Construction"",""value"":""Steel-frame, sprinklered"",""confidence"":0.93,""type"":""text"",""required"":true,""source"":{""page"":2,""bbox"":[146,600,380,612]}}]},{""id"":""loss_history"",""title"":""Loss History (5 years)"",""fields"":[{""id"":""claim_count_5y"",""label"":""Claim Count (5y)"",""value"":""2"",""confidence"":0.97,""type"":""text"",""required"":true,""source"":{""page"":3,""bbox"":[146,700,200,712]}},{""id"":""total_paid_5y"",""label"":""Total Paid (£, 5y)"",""value"":""312,000"",""confidence"":0.96,""type"":""text"",""required"":true,""source"":{""page"":3,""bbox"":[220,700,320,712]}},{""id"":""loss_ratio_5y"",""label"":""5y Loss Ratio (%)"",""value"":""3.7"",""confidence"":0.91,""type"":""text"",""required"":false,""source"":{""page"":3,""bbox"":[340,700,400,712]}},{""id"":""largest_loss"",""label"":""Largest Loss (£)"",""value"":""270,000 (theft, 2023)"",""confidence"":0.92,""type"":""text"",""required"":true,""source"":{""page"":3,""bbox"":[146,680,380,692]}},{""id"":""open_claims"",""label"":""Open Claims"",""value"":""0"",""confidence"":0.99,""type"":""text"",""required"":true,""source"":{""page"":3,""bbox"":[146,660,200,672]}}]}]},""_formAgentType"":""submissions_extractor""}",{}
PRE-1778231150566-3cd1xypb,Pre-Bind Submission — PRB-2026-001,pre_bind,running,2,7,PRB-2026-001-archived-1778231320464,2026-05-08T09:05:50.566Z,2026-05-08T09:08:40.467Z,"{""_formConfig"":{""form_title"":""Submission Extraction — Pre-Bind Review"",""form_subtitle"":""Review and approve the submission data extracted from the broker pack before risk prioritization and pricing"",""confidence_threshold"":{""high"":0.9,""medium"":0.75,""low"":0},""sections"":[{""id"":""insured_details"",""title"":""Insured Details"",""fields"":[{""id"":""insured_name"",""label"":""Insured Name"",""value"":""Northwind Logistics Ltd"",""confidence"":0.98,""type"":""text"",""required"":true,""source"":{""page"":1,""bbox"":[146,700,380,712]}},{""id"":""trading_name"",""label"":""Trading Name"",""value"":""Northwind"",""confidence"":0.92,""type"":""text"",""required"":false,""source"":{""page"":1,""bbox"":[146,680,280,692]}},{""id"":""company_number"",""label"":""Companies House No."",""value"":""08732145"",""confidence"":0.95,""type"":""text"",""required"":true,""source"":{""page"":1,""bbox"":[146,660,240,672]}},{""id"":""industry_sector"",""label"":""Industry Sector"",""value"":""Warehousing & Logistics"",""confidence"":0.96,""type"":""text"",""required"":true,""source"":{""page"":1,""bbox"":[146,640,340,652]}},{""id"":""annual_revenue"",""label"":""Annual Revenue (£)"",""value"":""86,400,000"",""confidence"":0.91,""type"":""text"",""required"":true,""source"":{""page"":1,""bbox"":[146,620,280,632]}},{""id"":""employee_count"",""label"":""Employees"",""value"":""247"",""confidence"":0.93,""type"":""text"",""required"":true,""source"":{""page"":1,""bbox"":[290,620,360,632]}}]},{""id"":""broker_details"",""title"":""Broker Details"",""fields"":[{""id"":""broker_name"",""label"":""Broker"",""value"":""Aon (London)"",""confidence"":0.99,""type"":""text"",""required"":true,""source"":{""page"":1,""bbox"":[146,580,280,592]}},{""id"":""broker_contact"",""label"":""Broker Contact"",""value"":""James Henderson"",""confidence"":0.94,""type"":""text"",""required"":true,""source"":{""page"":1,""bbox"":[146,560,320,572]}},{""id"":""broker_email"",""label"":""Broker Email"",""value"":""submissions@aon-london.com"",""confidence"":0.99,""type"":""text"",""required"":true,""source"":{""page"":1,""bbox"":[146,540,420,552]}},{""id"":""broker_hit_rate"",""label"":""Broker Hit Rate (12m)"",""value"":""34%"",""confidence"":0.88,""type"":""text"",""required"":false,""source"":{""page"":1,""bbox"":[146,520,240,532]}}]},{""id"":""exposure_summary"",""title"":""Exposure & Coverage"",""fields"":[{""id"":""line_of_business"",""label"":""Line of Business"",""value"":""Commercial Property + BI"",""confidence"":0.97,""type"":""text"",""required"":true,""source"":{""page"":2,""bbox"":[146,700,380,712]}},{""id"":""tiv"",""label"":""Total Insured Value (£)"",""value"":""42,000,000"",""confidence"":0.95,""type"":""text"",""required"":true,""source"":{""page"":2,""bbox"":[146,680,280,692]}},{""id"":""location_count"",""label"":""Number of Locations"",""value"":""3"",""confidence"":0.99,""type"":""text"",""required"":true,""source"":{""page"":2,""bbox"":[290,680,340,692]}},{""id"":""primary_location"",""label"":""Primary Location"",""value"":""Coventry CV3 4AB"",""confidence"":0.94,""type"":""text"",""required"":true,""source"":{""page"":2,""bbox"":[146,660,320,672]}},{""id"":""deductible"",""label"":""Requested Deductible (£)"",""value"":""25,000"",""confidence"":0.96,""type"":""text"",""required"":true,""source"":{""page"":2,""bbox"":[146,640,240,652]}},{""id"":""bi_indemnity_period"",""label"":""BI Indemnity Period"",""value"":""12 months"",""confidence"":0.95,""type"":""text"",""required"":true,""source"":{""page"":2,""bbox"":[290,640,380,652]}},{""id"":""policy_inception"",""label"":""Requested Inception"",""value"":""01/06/2026"",""confidence"":0.98,""type"":""text"",""required"":true,""source"":{""page"":2,""bbox"":[146,620,240,632]}},{""id"":""policy_term_months"",""label"":""Policy Term (months)"",""value"":""12"",""confidence"":0.99,""type"":""text"",""required"":true,""source"":{""page"":2,""bbox"":[290,620,340,632]}},{""id"":""construction_type"",""label"":""Construction"",""value"":""Steel-frame, sprinklered"",""confidence"":0.93,""type"":""text"",""required"":true,""source"":{""page"":2,""bbox"":[146,600,380,612]}}]},{""id"":""loss_history"",""title"":""Loss History (5 years)"",""fields"":[{""id"":""claim_count_5y"",""label"":""Claim Count (5y)"",""value"":""2"",""confidence"":0.97,""type"":""text"",""required"":true,""source"":{""page"":3,""bbox"":[146,700,200,712]}},{""id"":""total_paid_5y"",""label"":""Total Paid (£, 5y)"",""value"":""312,000"",""confidence"":0.96,""type"":""text"",""required"":true,""source"":{""page"":3,""bbox"":[220,700,320,712]}},{""id"":""loss_ratio_5y"",""label"":""5y Loss Ratio (%)"",""value"":""3.7"",""confidence"":0.91,""type"":""text"",""required"":false,""source"":{""page"":3,""bbox"":[340,700,400,712]}},{""id"":""largest_loss"",""label"":""Largest Loss (£)"",""value"":""270,000 (theft, 2023)"",""confidence"":0.92,""type"":""text"",""required"":true,""source"":{""page"":3,""bbox"":[146,680,380,692]}},{""id"":""open_claims"",""label"":""Open Claims"",""value"":""0"",""confidence"":0.99,""type"":""text"",""required"":true,""source"":{""page"":3,""bbox"":[146,660,200,672]}}]}]},""_formAgentType"":""submissions_extractor""}",{}
PRE-1778231320540-aqkulgl1,Verify form auto,pre_bind,pending_data_extraction,0,7,PRB-2026-001-archived-1778231412347,2026-05-08T09:08:40.541Z,2026-05-08T09:10:12.347Z,"{""_formConfig"":{""form_title"":""Submission Extraction — Pre-Bind Review"",""form_subtitle"":""Review and approve the submission data extracted from the broker pack before risk prioritization and pricing"",""confidence_threshold"":{""high"":0.9,""medium"":0.75,""low"":0},""sections"":[{""id"":""general_details"",""title"":""General Details"",""fields"":[{""id"":""broker_ref_hu_number"",""label"":""Broker Ref HU Number"",""value"":""377"",""confidence"":0.97,""type"":""text"",""required"":true,""source"":{""page"":1,""bbox"":[146,700,220,712]}},{""id"":""intermediary_name"",""label"":""Intermediary Name"",""value"":""Marsh"",""confidence"":0.99,""type"":""select"",""required"":true,""options"":[""Marsh"",""Aon"",""Gallagher"",""WTW"",""Lockton"",""Howden""],""source"":{""page"":1,""bbox"":[146,680,280,692]}},{""id"":""broker_contact_name"",""label"":""Broker Contact Name"",""value"":""Lee Jones"",""confidence"":0.96,""type"":""text"",""required"":true,""source"":{""page"":1,""bbox"":[146,660,280,672]}},{""id"":""broker_email"",""label"":""Broker Email"",""value"":""leejones@marsh.com"",""confidence"":0.99,""type"":""text"",""required"":true,""source"":{""page"":1,""bbox"":[146,640,380,652]}},{""id"":""underwriter_email"",""label"":""Underwriter Email"",""value"":"""",""confidence"":0,""type"":""text"",""required"":false,""source"":{""page"":1,""bbox"":[146,620,380,632]}},{""id"":""target_premium"",""label"":""Target Premium"",""value"":""2000.0"",""confidence"":0.94,""type"":""text"",""required"":true,""source"":{""page"":1,""bbox"":[146,600,240,612]}},{""id"":""previous_insurer"",""label"":""Previous Insurer"",""value"":""Aviva"",""confidence"":0.95,""type"":""select"",""required"":false,""options"":[""Aviva"",""AXA"",""Allianz"",""RSA"",""Zurich"",""Hiscox"",""Beazley"",""None""],""source"":{""page"":1,""bbox"":[146,580,280,592]}},{""id"":""quote_effective_date"",""label"":""Quote Effective Date"",""value"":""31/05/2026"",""confidence"":0.98,""type"":""text"",""required"":true,""source"":{""page"":1,""bbox"":[146,560,240,572]}},{""id"":""due_date_quote_deadline"",""label"":""Due Date/Quote Deadline"",""value"":""12/05/2025"",""confidence"":0.96,""type"":""text"",""required"":true,""source"":{""page"":1,""bbox"":[146,540,240,552]}}]}]},""_formAgentType"":""submissions_extractor""}",{}
PRE-1778231412398-lpod3mz7,Pre-Bind Submission — PRB-2026-001,pre_bind,pending_data_extraction,0,7,PRB-2026-001-archived-1778231736776,2026-05-08T09:10:12.400Z,2026-05-08T09:15:36.777Z,"{""_formConfig"":{""form_title"":""Submission Extraction — Pre-Bind Review"",""form_subtitle"":""Review and approve the submission data extracted from the broker pack before risk prioritization and pricing"",""confidence_threshold"":{""high"":0.9,""medium"":0.75,""low"":0},""sections"":[{""id"":""general_details"",""title"":""General Details"",""fields"":[{""id"":""broker_ref_hu_number"",""label"":""Broker Ref HU Number"",""value"":""377"",""confidence"":0.97,""type"":""text"",""required"":true,""source"":{""page"":1,""bbox"":[146,700,220,712]}},{""id"":""intermediary_name"",""label"":""Intermediary Name"",""value"":""Marsh"",""confidence"":0.99,""type"":""select"",""required"":true,""options"":[""Marsh"",""Aon"",""Gallagher"",""WTW"",""Lockton"",""Howden""],""source"":{""page"":1,""bbox"":[146,680,280,692]}},{""id"":""broker_contact_name"",""label"":""Broker Contact Name"",""value"":""Lee Jones"",""confidence"":0.96,""type"":""text"",""required"":true,""source"":{""page"":1,""bbox"":[146,660,280,672]}},{""id"":""broker_email"",""label"":""Broker Email"",""value"":""leejones@marsh.com"",""confidence"":0.99,""type"":""text"",""required"":true,""source"":{""page"":1,""bbox"":[146,640,380,652]}},{""id"":""underwriter_email"",""label"":""Underwriter Email"",""value"":"""",""confidence"":0,""type"":""text"",""required"":false,""source"":{""page"":1,""bbox"":[146,620,380,632]}},{""id"":""target_premium"",""label"":""Target Premium"",""value"":""2000.0"",""confidence"":0.94,""type"":""text"",""required"":true,""source"":{""page"":1,""bbox"":[146,600,240,612]}},{""id"":""previous_insurer"",""label"":""Previous Insurer"",""value"":""Aviva"",""confidence"":0.95,""type"":""select"",""required"":false,""options"":[""Aviva"",""AXA"",""Allianz"",""RSA"",""Zurich"",""Hiscox"",""Beazley"",""None""],""source"":{""page"":1,""bbox"":[146,580,280,592]}},{""id"":""quote_effective_date"",""label"":""Quote Effective Date"",""value"":""31/05/2026"",""confidence"":0.98,""type"":""text"",""required"":true,""source"":{""page"":1,""bbox"":[146,560,240,572]}},{""id"":""due_date_quote_deadline"",""label"":""Due Date/Quote Deadline"",""value"":""12/05/2025"",""confidence"":0.96,""type"":""text"",""required"":true,""source"":{""page"":1,""bbox"":[146,540,240,552]}}]}]},""_formAgentType"":""submissions_extractor""}",{}
PRE-1778231736837-awj1hq1p,Verify expanded form,pre_bind,pending_data_extraction,0,7,PRB-2026-001-archived-1778232211570,2026-05-08T09:15:36.839Z,2026-05-08T09:23:31.570Z,"{""_formConfig"":{""form_title"":""Submission Extraction — Pre-Bind Review"",""form_subtitle"":""Review and approve the submission data extracted from the broker pack before risk prioritization and pricing"",""confidence_threshold"":{""high"":0.9,""medium"":0.75,""low"":0},""sections"":[{""id"":""general_details"",""title"":""General Details"",""fields"":[{""id"":""broker_ref_hu_number"",""label"":""Broker Ref HU Number"",""value"":""377"",""confidence"":0.97,""type"":""text"",""required"":true,""source"":{""page"":1,""bbox"":[146,700,220,712]}},{""id"":""intermediary_name"",""label"":""Intermediary Name"",""value"":""Marsh"",""confidence"":0.99,""type"":""select"",""required"":true,""options"":[""Marsh"",""Aon"",""Gallagher"",""WTW"",""Lockton"",""Howden""],""source"":{""page"":1,""bbox"":[146,680,280,692]}},{""id"":""broker_contact_name"",""label"":""Broker Contact Name"",""value"":""Lee Jones"",""confidence"":0.96,""type"":""text"",""required"":true,""source"":{""page"":1,""bbox"":[146,660,280,672]}},{""id"":""broker_email"",""label"":""Broker Email"",""value"":""leejones@marsh.com"",""confidence"":0.99,""type"":""text"",""required"":true,""source"":{""page"":1,""bbox"":[146,640,380,652]}},{""id"":""underwriter_email"",""label"":""Underwriter Email"",""value"":"""",""confidence"":0,""type"":""text"",""required"":false,""source"":{""page"":1,""bbox"":[146,620,380,632]}},{""id"":""target_premium"",""label"":""Target Premium"",""value"":""2000.0"",""confidence"":0.94,""type"":""text"",""required"":true,""source"":{""page"":1,""bbox"":[146,600,240,612]}},{""id"":""previous_insurer"",""label"":""Previous Insurer"",""value"":""Aviva"",""confidence"":0.95,""type"":""select"",""required"":false,""options"":[""Aviva"",""AXA"",""Allianz"",""RSA"",""Zurich"",""Hiscox"",""Beazley"",""None""],""source"":{""page"":1,""bbox"":[146,580,280,592]}},{""id"":""quote_effective_date"",""label"":""Quote Effective Date"",""value"":""31/05/2026"",""confidence"":0.98,""type"":""text"",""required"":true,""source"":{""page"":1,""bbox"":[146,560,240,572]}},{""id"":""due_date_quote_deadline"",""label"":""Due Date/Quote Deadline"",""value"":""12/05/2025"",""confidence"":0.96,""type"":""text"",""required"":true,""source"":{""page"":1,""bbox"":[146,540,240,552]}},{""id"":""business_description"",""label"":""Business Description"",""value"":""and Pipe Fitting in a variety of Grade including nickel alloys for corrosion heat resisting and other application"",""confidence"":0.91,""type"":""textarea"",""required"":true,""source"":{""page"":1,""bbox"":[146,500,540,532]}},{""id"":""primary_trade"",""label"":""Primary Trade"",""value"":""Metalworking"",""confidence"":0.95,""type"":""select"",""required"":true,""options"":[""Metalworking"",""Construction"",""Manufacturing"",""Logistics & Warehousing"",""Retail"",""Hospitality"",""Professional Services"",""Healthcare"",""Education"",""Other""],""source"":{""page"":1,""bbox"":[146,480,320,492]}},{""id"":""source"",""label"":""Source"",""value"":""Key value long description inferencing"",""confidence"":0.92,""type"":""text"",""required"":false,""source"":{""page"":1,""bbox"":[146,460,420,472]}},{""id"":""previous_decline"",""label"":""Proposer has previously had insurance declined/cancelled?"",""value"":""No"",""confidence"":0.97,""type"":""select"",""required"":true,""options"":[""Yes"",""No""],""source"":{""page"":1,""bbox"":[146,440,200,452]}},{""id"":""previous_convictions"",""label"":""Proposer has convictions in the past?"",""value"":""No"",""confidence"":0.97,""type"":""select"",""required"":true,""options"":[""Yes"",""No""],""source"":{""page"":1,""bbox"":[146,420,200,432]}},{""id"":""director_disqualified"",""label"":""Directors, partners, board members disqualified from acting as a director of a ltd company or LLP"",""value"":""No"",""confidence"":0.96,""type"":""select"",""required"":true,""options"":[""Yes"",""No""],""source"":{""page"":1,""bbox"":[146,400,200,412]}},{""id"":""insolvency_history"",""label"":""Within the past 10 years, have any of your partners, directors or other board members, or any entities been the subject of an insolvency process?"",""value"":""No"",""confidence"":0.95,""type"":""select"",""required"":true,""options"":[""Yes"",""No""],""source"":{""page"":1,""bbox"":[146,380,200,392]}}]}]},""_formAgentType"":""submissions_extractor""}",{}
PRE-1778232211601-1wwxazdc,Verify full sections,pre_bind,pending_data_extraction,0,7,PRB-2026-001-archived-1778232622878,2026-05-08T09:23:31.601Z,2026-05-08T09:30:22.880Z,"{""_formConfig"":{""form_title"":""Submission Extraction — Pre-Bind Review"",""form_subtitle"":""Review and approve the submission data extracted from the broker pack before risk prioritization and pricing"",""confidence_threshold"":{""high"":0.9,""medium"":0.75,""low"":0},""sections"":[{""id"":""general_details"",""title"":""General Details"",""fields"":[{""id"":""broker_ref_hu_number"",""label"":""Broker Ref HU Number"",""value"":""377"",""confidence"":0.97,""type"":""text"",""required"":true,""source"":{""page"":1,""bbox"":[146,700,220,712]}},{""id"":""intermediary_name"",""label"":""Intermediary Name"",""value"":""Marsh"",""confidence"":0.99,""type"":""select"",""required"":true,""options"":[""Marsh"",""Aon"",""Gallagher"",""WTW"",""Lockton"",""Howden""],""source"":{""page"":1,""bbox"":[146,680,280,692]}},{""id"":""broker_contact_name"",""label"":""Broker Contact Name"",""value"":""Lee Jones"",""confidence"":0.96,""type"":""text"",""required"":true,""source"":{""page"":1,""bbox"":[146,660,280,672]}},{""id"":""broker_email"",""label"":""Broker Email"",""value"":""leejones@marsh.com"",""confidence"":0.99,""type"":""text"",""required"":true,""source"":{""page"":1,""bbox"":[146,640,380,652]}},{""id"":""underwriter_email"",""label"":""Underwriter Email"",""value"":"""",""confidence"":0,""type"":""text"",""required"":false,""source"":{""page"":1,""bbox"":[146,620,380,632]}},{""id"":""target_premium"",""label"":""Target Premium"",""value"":""2000.0"",""confidence"":0.94,""type"":""text"",""required"":true,""source"":{""page"":1,""bbox"":[146,600,240,612]}},{""id"":""previous_insurer"",""label"":""Previous Insurer"",""value"":""Aviva"",""confidence"":0.95,""type"":""select"",""required"":false,""options"":[""Aviva"",""AXA"",""Allianz"",""RSA"",""Zurich"",""Hiscox"",""Beazley"",""None""],""source"":{""page"":1,""bbox"":[146,580,280,592]}},{""id"":""quote_effective_date"",""label"":""Quote Effective Date"",""value"":""31/05/2026"",""confidence"":0.98,""type"":""text"",""required"":true,""source"":{""page"":1,""bbox"":[146,560,240,572]}},{""id"":""due_date_quote_deadline"",""label"":""Due Date/Quote Deadline"",""value"":""12/05/2025"",""confidence"":0.96,""type"":""text"",""required"":true,""source"":{""page"":1,""bbox"":[146,540,240,552]}},{""id"":""business_description"",""label"":""Business Description"",""value"":""and Pipe Fitting in a variety of Grade including nickel alloys for corrosion heat resisting and other application"",""confidence"":0.91,""type"":""textarea"",""required"":true,""source"":{""page"":1,""bbox"":[146,500,540,532]}},{""id"":""primary_trade"",""label"":""Primary Trade"",""value"":""Metalworking"",""confidence"":0.95,""type"":""select"",""required"":true,""options"":[""Metalworking"",""Construction"",""Manufacturing"",""Logistics & Warehousing"",""Retail"",""Hospitality"",""Professional Services"",""Healthcare"",""Education"",""Other""],""source"":{""page"":1,""bbox"":[146,480,320,492]}},{""id"":""source"",""label"":""Source"",""value"":""Key value long description inferencing"",""confidence"":0.92,""type"":""text"",""required"":false,""source"":{""page"":1,""bbox"":[146,460,420,472]}},{""id"":""previous_decline"",""label"":""Proposer has previously had insurance declined/cancelled?"",""value"":""No"",""confidence"":0.97,""type"":""select"",""required"":true,""options"":[""Yes"",""No""],""source"":{""page"":1,""bbox"":[146,440,200,452]}},{""id"":""previous_convictions"",""label"":""Proposer has convictions in the past?"",""value"":""No"",""confidence"":0.97,""type"":""select"",""required"":true,""options"":[""Yes"",""No""],""source"":{""page"":1,""bbox"":[146,420,200,432]}},{""id"":""director_disqualified"",""label"":""Directors, partners, board members disqualified from acting as a director of a ltd company or LLP"",""value"":""No"",""confidence"":0.96,""type"":""select"",""required"":true,""options"":[""Yes"",""No""],""source"":{""page"":1,""bbox"":[146,400,200,412]}},{""id"":""insolvency_history"",""label"":""Within the past 10 years, have any of your partners, directors or other board members, or any entities been the subject of an insolvency process?"",""value"":""No"",""confidence"":0.95,""type"":""select"",""required"":true,""options"":[""Yes"",""No""],""source"":{""page"":1,""bbox"":[146,380,200,392]}}]},{""id"":""policy_holders"",""title"":""Policy Holders"",""fields"":[{""id"":""company_name"",""label"":""Company Name"",""value"":""Pure Steel Manufacturing Ltd"",""confidence"":0.99,""type"":""text"",""required"":true,""source"":{""page"":2,""bbox"":[146,700,380,712]}},{""id"":""company_number"",""label"":""Company Number"",""value"":""02306126"",""confidence"":0.98,""type"":""text"",""required"":true,""source"":{""page"":2,""bbox"":[146,680,240,692]}},{""id"":""company_date_established"",""label"":""Company Date Established"",""value"":""17/10/1999"",""confidence"":0.97,""type"":""text"",""required"":true,""source"":{""page"":2,""bbox"":[146,660,240,672]}},{""id"":""company_website"",""label"":""Company Website"",""value"":""www.puresteelmanufacturingltd.com"",""confidence"":0.95,""type"":""text"",""required"":false,""source"":{""page"":2,""bbox"":[146,640,420,652]}},{""id"":""organisation_type"",""label"":""Organisation Type"",""value"":""Limited company"",""confidence"":0.99,""type"":""select"",""required"":true,""options"":[""Limited company"",""PLC"",""LLP"",""Partnership"",""Sole trader"",""Charity"",""Other""],""source"":{""page"":2,""bbox"":[146,620,320,632]}},{""id"":""turnover"",""label"":""Turnover"",""value"":""3800000"",""confidence"":0.96,""type"":""text"",""required"":true,""source"":{""page"":2,""bbox"":[146,600,280,612]}},{""id"":""ph_house_number"",""label"":""House Number"",""value"":""78"",""confidence"":0.98,""type"":""text"",""required"":true,""source"":{""page"":2,""bbox"":[146,580,200,592]}},{""id"":""ph_house_name"",""label"":""House Name"",""value"":""Ginda House"",""confidence"":0.94,""type"":""text"",""required"":false,""source"":{""page"":2,""bbox"":[220,580,360,592]}},{""id"":""ph_address_line_1"",""label"":""Address Line 1"",""value"":""Station Road"",""confidence"":0.95,""type"":""text"",""required"":true,""source"":{""page"":2,""bbox"":[146,560,320,572]}},{""id"":""ph_postcode"",""label"":""Postcode"",""value"":""10065"",""confidence"":0.97,""type"":""text"",""required"":true,""source"":{""page"":2,""bbox"":[146,540,240,552]}}]},{""id"":""covers"",""title"":""Covers"",""fields"":[{""id"":""cover_public_products_liability"",""label"":""Public and Products Liability — Limit of Indemnity (£)"",""value"":""5000000"",""confidence"":0.98,""type"":""text"",""required"":true,""source"":{""page"":3,""bbox"":[146,700,320,712]}},{""id"":""cover_legal_protection"",""label"":""Legal Protection — Limit of Indemnity (£)"",""value"":""250000"",""confidence"":0.97,""type"":""text"",""required"":true,""source"":{""page"":3,""bbox"":[146,680,320,692]}},{""id"":""cover_employers_liability"",""label"":""Employers Liability — Limit of Indemnity (£)"",""value"":""10000000"",""confidence"":0.99,""type"":""text"",""required"":true,""source"":{""page"":3,""bbox"":[146,660,320,672]}}]},{""id"":""jurisdictional_splits"",""title"":""Jurisdictional Splits"",""fields"":[{""id"":""juris_uk"",""label"":""UK %"",""value"":""0"",""confidence"":0.99,""type"":""text"",""required"":true,""source"":{""page"":3,""bbox"":[146,620,200,632]}},{""id"":""juris_roi"",""label"":""Republic of Ireland %"",""value"":""0"",""confidence"":0.99,""type"":""text"",""required"":true,""source"":{""page"":3,""bbox"":[146,600,200,612]}},{""id"":""juris_europe"",""label"":""Europe (excl UK and Republic of Ireland) %"",""value"":""7.89"",""confidence"":0.96,""type"":""text"",""required"":true,""source"":{""page"":3,""bbox"":[146,580,200,592]}},{""id"":""juris_usa_canada"",""label"":""USA and Canada %"",""value"":""92.11"",""confidence"":0.97,""type"":""text"",""required"":true,""source"":{""page"":3,""bbox"":[146,560,200,572]}},{""id"":""juris_row"",""label"":""Rest of the World %"",""value"":""0"",""confidence"":0.99,""type"":""text"",""required"":true,""source"":{""page"":3,""bbox"":[146,540,200,552]}},{""id"":""juris_unknown"",""label"":""Unknown %"",""value"":""0"",""confidence"":0.99,""type"":""text"",""required"":false,""source"":{""page"":3,""bbox"":[146,520,200,532]}}]},{""id"":""wage_roll"",""title"":""Wage Roll"",""fields"":[{""id"":""wage_manual"",""label"":""Manual Work — Wage Roll (£)"",""value"":""75000"",""confidence"":0.95,""type"":""text"",""required"":true,""source"":{""page"":3,""bbox"":[146,480,280,492]}},{""id"":""wage_clerical"",""label"":""Clerical / Non-Manual — Wage Roll (£)"",""value"":""265000"",""confidence"":0.95,""type"":""text"",""required"":true,""source"":{""page"":3,""bbox"":[146,460,280,472]}}]},{""id"":""claim_1"",""title"":""Claim 1"",""fields"":[{""id"":""claim1_date"",""label"":""Claim Date"",""value"":""15/06/2020"",""confidence"":0.99,""type"":""text"",""required"":true,""source"":{""page"":4,""bbox"":[146,700,240,712]}},{""id"":""claim1_status"",""label"":""Claim Status"",""value"":""Closed"",""confidence"":0.99,""type"":""select"",""required"":true,""options"":[""Open"",""Closed"",""In Review"",""Subrogated""],""source"":{""page"":4,""bbox"":[146,680,240,692]}},{""id"":""claim1_description"",""label"":""Claim Description"",""value"":""Burst pipe due to freezing"",""confidence"":0.94,""type"":""textarea"",""required"":true,""source"":{""page"":4,""bbox"":[146,640,420,672]}},{""id"":""claim1_value"",""label"":""Claim Value (£)"",""value"":""2217.67"",""confidence"":0.97,""type"":""text"",""required"":true,""source"":{""page"":4,""bbox"":[146,620,240,632]}},{""id"":""claim1_cause"",""label"":""Claim Cause"",""value"":""Water damage"",""confidence"":0.95,""type"":""select"",""required"":true,""options"":[""Water damage"",""Fire"",""Theft"",""Storm Damage"",""Liability"",""Subsidence"",""Accidental Damage"",""Other""],""source"":{""page"":4,""bbox"":[146,600,280,612]}}]},{""id"":""claim_2"",""title"":""Claim 2"",""fields"":[{""id"":""claim2_date"",""label"":""Claim Date"",""value"":""15/10/2023"",""confidence"":0.99,""type"":""text"",""required"":true,""source"":{""page"":4,""bbox"":[146,560,240,572]}},{""id"":""claim2_status"",""label"":""Claim Status"",""value"":""Open"",""confidence"":0.99,""type"":""select"",""required"":true,""options"":[""Open"",""Closed"",""In Review"",""Subrogated""],""source"":{""page"":4,""bbox"":[146,540,240,552]}},{""id"":""claim2_description"",""label"":""Claim Description"",""value"":""Complaint of concealed roof defect following a Level 2 survey"",""confidence"":0.92,""type"":""textarea"",""required"":true,""source"":{""page"":4,""bbox"":[146,500,540,532]}},{""id"":""claim2_value"",""label"":""Claim Value (£)"",""value"":""1727.18"",""confidence"":0.97,""type"":""text"",""required"":true,""source"":{""page"":4,""bbox"":[146,480,240,492]}},{""id"":""claim2_cause"",""label"":""Claim Cause"",""value"":""Other"",""confidence"":0.9,""type"":""select"",""required"":true,""options"":[""Water damage"",""Fire"",""Theft"",""Storm Damage"",""Liability"",""Subsidence"",""Accidental Damage"",""Other""],""source"":{""page"":4,""bbox"":[146,460,280,472]}}]},{""id"":""property_information"",""title"":""Property Information"",""fields"":[{""id"":""property_order"",""label"":""Property Order"",""value"":""1"",""confidence"":0.99,""type"":""text"",""required"":true,""source"":{""page"":5,""bbox"":[146,700,200,712]}},{""id"":""property_house_number"",""label"":""House Number"",""value"":""122"",""confidence"":0.98,""type"":""text"",""required"":true,""source"":{""page"":5,""bbox"":[146,680,200,692]}},{""id"":""property_house_name"",""label"":""House Name"",""value"":""Hamilton House"",""confidence"":0.94,""type"":""text"",""required"":false,""source"":{""page"":5,""bbox"":[220,680,380,692]}},{""id"":""property_address_line1"",""label"":""Address Line 1"",""value"":""Princess Road"",""confidence"":0.95,""type"":""text"",""required"":true,""source"":{""page"":5,""bbox"":[146,660,320,672]}},{""id"":""property_city"",""label"":""City"",""value"":""Los Angeles"",""confidence"":0.97,""type"":""text"",""required"":true,""source"":{""page"":5,""bbox"":[146,640,280,652]}},{""id"":""property_country"",""label"":""Country"",""value"":""USA"",""confidence"":0.99,""type"":""text"",""required"":true,""source"":{""page"":5,""bbox"":[146,620,240,632]}},{""id"":""property_postcode"",""label"":""Postcode"",""value"":""90015"",""confidence"":0.97,""type"":""text"",""required"":true,""source"":{""page"":5,""bbox"":[146,600,240,612]}}]},{""id"":""property_limits"",""title"":""Property Limits / Sum Insured"",""fields"":[{""id"":""plimit_buildings"",""label"":""Buildings — Limit of Indemnity (£)"",""value"":"""",""confidence"":0,""type"":""text"",""required"":false,""source"":{""page"":5,""bbox"":[146,560,320,572]}},{""id"":""plimit_contents"",""label"":""Contents — Limit of Indemnity (£)"",""value"":"""",""confidence"":0,""type"":""text"",""required"":false,""source"":{""page"":5,""bbox"":[146,540,320,552]}},{""id"":""plimit_stock"",""label"":""Stock — Limit of Indemnity (£)"",""value"":"""",""confidence"":0,""type"":""text"",""required"":false,""source"":{""page"":5,""bbox"":[146,520,320,532]}},{""id"":""plimit_deterioration_of_stock"",""label"":""Deterioration of Stock — Limit of Indemnity (£)"",""value"":"""",""confidence"":0,""type"":""text"",""required"":false,""source"":{""page"":5,""bbox"":[146,500,320,512]}},{""id"":""plimit_business_interruption"",""label"":""Business Interruption — Limit of Indemnity (£)"",""value"":"""",""confidence"":0,""type"":""text"",""required"":false,""source"":{""page"":5,""bbox"":[146,480,320,492]}},{""id"":""plimit_property_away_in_transit"",""label"":""Property Away & In Transit — Limit of Indemnity (£)"",""value"":""3286.0"",""confidence"":0.94,""type"":""text"",""required"":true,""source"":{""page"":5,""bbox"":[146,460,320,472]}},{""id"":""plimit_money"",""label"":""Money — Limit of Indemnity (£)"",""value"":""2600.0"",""confidence"":0.95,""type"":""text"",""required"":true,""source"":{""page"":5,""bbox"":[146,440,320,452]}},{""id"":""plimit_computer_breakdown"",""label"":""Computer Breakdown — Limit of Indemnity (£)"",""value"":"""",""confidence"":0,""type"":""text"",""required"":false,""source"":{""page"":5,""bbox"":[146,420,320,432]}}]}]},""_formAgentType"":""submissions_extractor""}",{}
PRE-1778232622914-9zmythao,Verify summary,pre_bind,running,1,7,PRB-2026-001-archived-1778232792244,2026-05-08T09:30:22.915Z,2026-05-08T09:33:12.245Z,{},{}
PRE-1778232792321-xsfgokjh,Verify RP,pre_bind,running,1,7,PRB-2026-001-archived-1778232810649,2026-05-08T09:33:12.322Z,2026-05-08T09:33:47.305Z,{},{}
PRE-1778232810663-xd0got6n,Verify RP,pre_bind,running,1,7,PRB-2026-001-archived-1778233029097,2026-05-08T09:33:30.663Z,2026-05-08T09:37:09.097Z,{},{}
PRE-1778233029112-vgd1beb3,Pre-Bind Submission — PRB-2026-001,pre_bind,running,6,7,PRB-2026-001-archived-1778233039444,2026-05-08T09:37:09.112Z,2026-05-08T09:41:18.627Z,"{""broker_ref_hu_number"":""377"",""intermediary_name"":""Marsh"",""broker_contact_name"":""Lee Jones"",""broker_email"":""leejones@marsh.com"",""underwriter_email"":"""",""target_premium"":""2000.0"",""previous_insurer"":""Aviva"",""quote_effective_date"":""31/05/2026"",""due_date_quote_deadline"":""12/05/2025"",""business_description"":""and Pipe Fitting in a variety of Grade including nickel alloys for corrosion heat resisting and other application"",""primary_trade"":""Metalworking"",""source"":""Key value long description inferencing"",""previous_decline"":""No"",""previous_convictions"":""No"",""director_disqualified"":""No"",""insolvency_history"":""No"",""company_name"":""Pure Steel Manufacturing Ltd"",""company_number"":""02306126"",""company_date_established"":""17/10/1999"",""company_website"":""www.puresteelmanufacturingltd.com"",""organisation_type"":""Limited company"",""turnover"":""3800000"",""ph_house_number"":""78"",""ph_house_name"":""Ginda House"",""ph_address_line_1"":""Station Road"",""ph_postcode"":""10065"",""cover_public_products_liability"":""5000000"",""cover_legal_protection"":""250000"",""cover_employers_liability"":""10000000"",""juris_uk"":""0"",""juris_roi"":""0"",""juris_europe"":""7.89"",""juris_usa_canada"":""92.11"",""juris_row"":""0"",""juris_unknown"":""0"",""wage_manual"":""75000"",""wage_clerical"":""265000"",""claim1_date"":""15/06/2020"",""claim1_status"":""Closed"",""claim1_description"":""Burst pipe due to freezing"",""claim1_value"":""2217.67"",""claim1_cause"":""Water damage"",""claim2_date"":""15/10/2023"",""claim2_status"":""Open"",""claim2_description"":""Complaint of concealed roof defect following a Level 2 survey"",""claim2_value"":""1727.18"",""claim2_cause"":""Other"",""property_order"":""1"",""property_house_number"":""122"",""property_house_name"":""Hamilton House"",""property_address_line1"":""Princess Road"",""property_city"":""Los Angeles"",""property_country"":""USA"",""property_postcode"":""90015"",""plimit_buildings"":"""",""plimit_contents"":"""",""plimit_stock"":"""",""plimit_deterioration_of_stock"":"""",""plimit_business_interruption"":"""",""plimit_property_away_in_transit"":""3286.0"",""plimit_money"":""2600.0"",""plimit_computer_breakdown"":""""}",{}
PRE-1778233039467-z8zcufz7,Verify PG+P2P,pre_bind,running,2,7,PRB-2026-001-archived-1778233322325,2026-05-08T09:37:19.467Z,2026-05-08T09:42:02.325Z,{},{}
PRE-1778233322346-w6tvv27v,Verify approval,pre_bind,pending_data_extraction,1,7,PRB-2026-001-archived-1778233490392,2026-05-08T09:42:02.347Z,2026-05-08T09:44:50.392Z,"{""company_name"":""Pure Steel Manufacturing Ltd"",""_formConfig"":{""form_title"":""Submission Extraction — Pre-Bind Review"",""form_subtitle"":""Review and approve the submission data extracted from the broker pack before risk prioritization and pricing"",""confidence_threshold"":{""high"":0.9,""medium"":0.75,""low"":0},""sections"":[{""id"":""general_details"",""title"":""General Details"",""fields"":[{""id"":""broker_ref_hu_number"",""label"":""Broker Ref HU Number"",""value"":""377"",""confidence"":0.97,""type"":""text"",""required"":true,""source"":{""page"":1,""bbox"":[146,700,220,712]}},{""id"":""intermediary_name"",""label"":""Intermediary Name"",""value"":""Marsh"",""confidence"":0.99,""type"":""select"",""required"":true,""options"":[""Marsh"",""Aon"",""Gallagher"",""WTW"",""Lockton"",""Howden""],""source"":{""page"":1,""bbox"":[146,680,280,692]}},{""id"":""broker_contact_name"",""label"":""Broker Contact Name"",""value"":""Lee Jones"",""confidence"":0.96,""type"":""text"",""required"":true,""source"":{""page"":1,""bbox"":[146,660,280,672]}},{""id"":""broker_email"",""label"":""Broker Email"",""value"":""leejones@marsh.com"",""confidence"":0.99,""type"":""text"",""required"":true,""source"":{""page"":1,""bbox"":[146,640,380,652]}},{""id"":""underwriter_email"",""label"":""Underwriter Email"",""value"":"""",""confidence"":0,""type"":""text"",""required"":false,""source"":{""page"":1,""bbox"":[146,620,380,632]}},{""id"":""target_premium"",""label"":""Target Premium"",""value"":""2000.0"",""confidence"":0.94,""type"":""text"",""required"":true,""source"":{""page"":1,""bbox"":[146,600,240,612]}},{""id"":""previous_insurer"",""label"":""Previous Insurer"",""value"":""Aviva"",""confidence"":0.95,""type"":""select"",""required"":false,""options"":[""Aviva"",""AXA"",""Allianz"",""RSA"",""Zurich"",""Hiscox"",""Beazley"",""None""],""source"":{""page"":1,""bbox"":[146,580,280,592]}},{""id"":""quote_effective_date"",""label"":""Quote Effective Date"",""value"":""31/05/2026"",""confidence"":0.98,""type"":""text"",""required"":true,""source"":{""page"":1,""bbox"":[146,560,240,572]}},{""id"":""due_date_quote_deadline"",""label"":""Due Date/Quote Deadline"",""value"":""12/05/2025"",""confidence"":0.96,""type"":""text"",""required"":true,""source"":{""page"":1,""bbox"":[146,540,240,552]}},{""id"":""business_description"",""label"":""Business Description"",""value"":""and Pipe Fitting in a variety of Grade including nickel alloys for corrosion heat resisting and other application"",""confidence"":0.91,""type"":""textarea"",""required"":true,""source"":{""page"":1,""bbox"":[146,500,540,532]}},{""id"":""primary_trade"",""label"":""Primary Trade"",""value"":""Metalworking"",""confidence"":0.95,""type"":""select"",""required"":true,""options"":[""Metalworking"",""Construction"",""Manufacturing"",""Logistics & Warehousing"",""Retail"",""Hospitality"",""Professional Services"",""Healthcare"",""Education"",""Other""],""source"":{""page"":1,""bbox"":[146,480,320,492]}},{""id"":""source"",""label"":""Source"",""value"":""Key value long description inferencing"",""confidence"":0.92,""type"":""text"",""required"":false,""source"":{""page"":1,""bbox"":[146,460,420,472]}},{""id"":""previous_decline"",""label"":""Proposer has previously had insurance declined/cancelled?"",""value"":""No"",""confidence"":0.97,""type"":""select"",""required"":true,""options"":[""Yes"",""No""],""source"":{""page"":1,""bbox"":[146,440,200,452]}},{""id"":""previous_convictions"",""label"":""Proposer has convictions in the past?"",""value"":""No"",""confidence"":0.97,""type"":""select"",""required"":true,""options"":[""Yes"",""No""],""source"":{""page"":1,""bbox"":[146,420,200,432]}},{""id"":""director_disqualified"",""label"":""Directors, partners, board members disqualified from acting as a director of a ltd company or LLP"",""value"":""No"",""confidence"":0.96,""type"":""select"",""required"":true,""options"":[""Yes"",""No""],""source"":{""page"":1,""bbox"":[146,400,200,412]}},{""id"":""insolvency_history"",""label"":""Within the past 10 years, have any of your partners, directors or other board members, or any entities been the subject of an insolvency process?"",""value"":""No"",""confidence"":0.95,""type"":""select"",""required"":true,""options"":[""Yes"",""No""],""source"":{""page"":1,""bbox"":[146,380,200,392]}}]},{""id"":""policy_holders"",""title"":""Policy Holders"",""fields"":[{""id"":""company_name"",""label"":""Company Name"",""value"":""Pure Steel Manufacturing Ltd"",""confidence"":0.99,""type"":""text"",""required"":true,""source"":{""page"":2,""bbox"":[146,700,380,712]}},{""id"":""company_number"",""label"":""Company Number"",""value"":""02306126"",""confidence"":0.98,""type"":""text"",""required"":true,""source"":{""page"":2,""bbox"":[146,680,240,692]}},{""id"":""company_date_established"",""label"":""Company Date Established"",""value"":""17/10/1999"",""confidence"":0.97,""type"":""text"",""required"":true,""source"":{""page"":2,""bbox"":[146,660,240,672]}},{""id"":""company_website"",""label"":""Company Website"",""value"":""www.puresteelmanufacturingltd.com"",""confidence"":0.95,""type"":""text"",""required"":false,""source"":{""page"":2,""bbox"":[146,640,420,652]}},{""id"":""organisation_type"",""label"":""Organisation Type"",""value"":""Limited company"",""confidence"":0.99,""type"":""select"",""required"":true,""options"":[""Limited company"",""PLC"",""LLP"",""Partnership"",""Sole trader"",""Charity"",""Other""],""source"":{""page"":2,""bbox"":[146,620,320,632]}},{""id"":""turnover"",""label"":""Turnover"",""value"":""3800000"",""confidence"":0.96,""type"":""text"",""required"":true,""source"":{""page"":2,""bbox"":[146,600,280,612]}},{""id"":""ph_house_number"",""label"":""House Number"",""value"":""78"",""confidence"":0.98,""type"":""text"",""required"":true,""source"":{""page"":2,""bbox"":[146,580,200,592]}},{""id"":""ph_house_name"",""label"":""House Name"",""value"":""Ginda House"",""confidence"":0.94,""type"":""text"",""required"":false,""source"":{""page"":2,""bbox"":[220,580,360,592]}},{""id"":""ph_address_line_1"",""label"":""Address Line 1"",""value"":""Station Road"",""confidence"":0.95,""type"":""text"",""required"":true,""source"":{""page"":2,""bbox"":[146,560,320,572]}},{""id"":""ph_postcode"",""label"":""Postcode"",""value"":""10065"",""confidence"":0.97,""type"":""text"",""required"":true,""source"":{""page"":2,""bbox"":[146,540,240,552]}}]},{""id"":""covers"",""title"":""Covers"",""fields"":[{""id"":""cover_public_products_liability"",""label"":""Public and Products Liability — Limit of Indemnity (£)"",""value"":""5000000"",""confidence"":0.98,""type"":""text"",""required"":true,""source"":{""page"":3,""bbox"":[146,700,320,712]}},{""id"":""cover_legal_protection"",""label"":""Legal Protection — Limit of Indemnity (£)"",""value"":""250000"",""confidence"":0.97,""type"":""text"",""required"":true,""source"":{""page"":3,""bbox"":[146,680,320,692]}},{""id"":""cover_employers_liability"",""label"":""Employers Liability — Limit of Indemnity (£)"",""value"":""10000000"",""confidence"":0.99,""type"":""text"",""required"":true,""source"":{""page"":3,""bbox"":[146,660,320,672]}}]},{""id"":""jurisdictional_splits"",""title"":""Jurisdictional Splits"",""fields"":[{""id"":""juris_uk"",""label"":""UK %"",""value"":""0"",""confidence"":0.99,""type"":""text"",""required"":true,""source"":{""page"":3,""bbox"":[146,620,200,632]}},{""id"":""juris_roi"",""label"":""Republic of Ireland %"",""value"":""0"",""confidence"":0.99,""type"":""text"",""required"":true,""source"":{""page"":3,""bbox"":[146,600,200,612]}},{""id"":""juris_europe"",""label"":""Europe (excl UK and Republic of Ireland) %"",""value"":""7.89"",""confidence"":0.96,""type"":""text"",""required"":true,""source"":{""page"":3,""bbox"":[146,580,200,592]}},{""id"":""juris_usa_canada"",""label"":""USA and Canada %"",""value"":""92.11"",""confidence"":0.97,""type"":""text"",""required"":true,""source"":{""page"":3,""bbox"":[146,560,200,572]}},{""id"":""juris_row"",""label"":""Rest of the World %"",""value"":""0"",""confidence"":0.99,""type"":""text"",""required"":true,""source"":{""page"":3,""bbox"":[146,540,200,552]}},{""id"":""juris_unknown"",""label"":""Unknown %"",""value"":""0"",""confidence"":0.99,""type"":""text"",""required"":false,""source"":{""page"":3,""bbox"":[146,520,200,532]}}]},{""id"":""wage_roll"",""title"":""Wage Roll"",""fields"":[{""id"":""wage_manual"",""label"":""Manual Work — Wage Roll (£)"",""value"":""75000"",""confidence"":0.95,""type"":""text"",""required"":true,""source"":{""page"":3,""bbox"":[146,480,280,492]}},{""id"":""wage_clerical"",""label"":""Clerical / Non-Manual — Wage Roll (£)"",""value"":""265000"",""confidence"":0.95,""type"":""text"",""required"":true,""source"":{""page"":3,""bbox"":[146,460,280,472]}}]},{""id"":""claim_1"",""title"":""Claim 1"",""fields"":[{""id"":""claim1_date"",""label"":""Claim Date"",""value"":""15/06/2020"",""confidence"":0.99,""type"":""text"",""required"":true,""source"":{""page"":4,""bbox"":[146,700,240,712]}},{""id"":""claim1_status"",""label"":""Claim Status"",""value"":""Closed"",""confidence"":0.99,""type"":""select"",""required"":true,""options"":[""Open"",""Closed"",""In Review"",""Subrogated""],""source"":{""page"":4,""bbox"":[146,680,240,692]}},{""id"":""claim1_description"",""label"":""Claim Description"",""value"":""Burst pipe due to freezing"",""confidence"":0.94,""type"":""textarea"",""required"":true,""source"":{""page"":4,""bbox"":[146,640,420,672]}},{""id"":""claim1_value"",""label"":""Claim Value (£)"",""value"":""2217.67"",""confidence"":0.97,""type"":""text"",""required"":true,""source"":{""page"":4,""bbox"":[146,620,240,632]}},{""id"":""claim1_cause"",""label"":""Claim Cause"",""value"":""Water damage"",""confidence"":0.95,""type"":""select"",""required"":true,""options"":[""Water damage"",""Fire"",""Theft"",""Storm Damage"",""Liability"",""Subsidence"",""Accidental Damage"",""Other""],""source"":{""page"":4,""bbox"":[146,600,280,612]}}]},{""id"":""claim_2"",""title"":""Claim 2"",""fields"":[{""id"":""claim2_date"",""label"":""Claim Date"",""value"":""15/10/2023"",""confidence"":0.99,""type"":""text"",""required"":true,""source"":{""page"":4,""bbox"":[146,560,240,572]}},{""id"":""claim2_status"",""label"":""Claim Status"",""value"":""Open"",""confidence"":0.99,""type"":""select"",""required"":true,""options"":[""Open"",""Closed"",""In Review"",""Subrogated""],""source"":{""page"":4,""bbox"":[146,540,240,552]}},{""id"":""claim2_description"",""label"":""Claim Description"",""value"":""Complaint of concealed roof defect following a Level 2 survey"",""confidence"":0.92,""type"":""textarea"",""required"":true,""source"":{""page"":4,""bbox"":[146,500,540,532]}},{""id"":""claim2_value"",""label"":""Claim Value (£)"",""value"":""1727.18"",""confidence"":0.97,""type"":""text"",""required"":true,""source"":{""page"":4,""bbox"":[146,480,240,492]}},{""id"":""claim2_cause"",""label"":""Claim Cause"",""value"":""Other"",""confidence"":0.9,""type"":""select"",""required"":true,""options"":[""Water damage"",""Fire"",""Theft"",""Storm Damage"",""Liability"",""Subsidence"",""Accidental Damage"",""Other""],""source"":{""page"":4,""bbox"":[146,460,280,472]}}]},{""id"":""property_information"",""title"":""Property Information"",""fields"":[{""id"":""property_order"",""label"":""Property Order"",""value"":""1"",""confidence"":0.99,""type"":""text"",""required"":true,""source"":{""page"":5,""bbox"":[146,700,200,712]}},{""id"":""property_house_number"",""label"":""House Number"",""value"":""122"",""confidence"":0.98,""type"":""text"",""required"":true,""source"":{""page"":5,""bbox"":[146,680,200,692]}},{""id"":""property_house_name"",""label"":""House Name"",""value"":""Hamilton House"",""confidence"":0.94,""type"":""text"",""required"":false,""source"":{""page"":5,""bbox"":[220,680,380,692]}},{""id"":""property_address_line1"",""label"":""Address Line 1"",""value"":""Princess Road"",""confidence"":0.95,""type"":""text"",""required"":true,""source"":{""page"":5,""bbox"":[146,660,320,672]}},{""id"":""property_city"",""label"":""City"",""value"":""Los Angeles"",""confidence"":0.97,""type"":""text"",""required"":true,""source"":{""page"":5,""bbox"":[146,640,280,652]}},{""id"":""property_country"",""label"":""Country"",""value"":""USA"",""confidence"":0.99,""type"":""text"",""required"":true,""source"":{""page"":5,""bbox"":[146,620,240,632]}},{""id"":""property_postcode"",""label"":""Postcode"",""value"":""90015"",""confidence"":0.97,""type"":""text"",""required"":true,""source"":{""page"":5,""bbox"":[146,600,240,612]}}]},{""id"":""property_limits"",""title"":""Property Limits / Sum Insured"",""fields"":[{""id"":""plimit_buildings"",""label"":""Buildings — Limit of Indemnity (£)"",""value"":"""",""confidence"":0,""type"":""text"",""required"":false,""source"":{""page"":5,""bbox"":[146,560,320,572]}},{""id"":""plimit_contents"",""label"":""Contents — Limit of Indemnity (£)"",""value"":"""",""confidence"":0,""type"":""text"",""required"":false,""source"":{""page"":5,""bbox"":[146,540,320,552]}},{""id"":""plimit_stock"",""label"":""Stock — Limit of Indemnity (£)"",""value"":"""",""confidence"":0,""type"":""text"",""required"":false,""source"":{""page"":5,""bbox"":[146,520,320,532]}},{""id"":""plimit_deterioration_of_stock"",""label"":""Deterioration of Stock — Limit of Indemnity (£)"",""value"":"""",""confidence"":0,""type"":""text"",""required"":false,""source"":{""page"":5,""bbox"":[146,500,320,512]}},{""id"":""plimit_business_interruption"",""label"":""Business Interruption — Limit of Indemnity (£)"",""value"":"""",""confidence"":0,""type"":""text"",""required"":false,""source"":{""page"":5,""bbox"":[146,480,320,492]}},{""id"":""plimit_property_away_in_transit"",""label"":""Property Away & In Transit — Limit of Indemnity (£)"",""value"":""3286.0"",""confidence"":0.94,""type"":""text"",""required"":true,""source"":{""page"":5,""bbox"":[146,460,320,472]}},{""id"":""plimit_money"",""label"":""Money — Limit of Indemnity (£)"",""value"":""2600.0"",""confidence"":0.95,""type"":""text"",""required"":true,""source"":{""page"":5,""bbox"":[146,440,320,452]}},{""id"":""plimit_computer_breakdown"",""label"":""Computer Breakdown — Limit of Indemnity (£)"",""value"":"""",""confidence"":0,""type"":""text"",""required"":false,""source"":{""page"":5,""bbox"":[146,420,320,432]}}]}]},""_formAgentType"":""submissions_extractor""}",{}
PRE-1778233490412-m6m130ex,Pre-Bind Submission — PRB-2026-001,pre_bind,running,5,7,PRB-2026-001-archived-1778233659933,2026-05-08T09:44:50.413Z,2026-05-08T09:50:29.494Z,"{""broker_ref_hu_number"":""377"",""intermediary_name"":""Marsh"",""broker_contact_name"":""Lee Jones"",""broker_email"":""leejones@marsh.com"",""underwriter_email"":"""",""target_premium"":""2000.0"",""previous_insurer"":""Aviva"",""quote_effective_date"":""31/05/2026"",""due_date_quote_deadline"":""12/05/2025"",""business_description"":""and Pipe Fitting in a variety of Grade including nickel alloys for corrosion heat resisting and other application"",""primary_trade"":""Metalworking"",""source"":""Key value long description inferencing"",""previous_decline"":""No"",""previous_convictions"":""No"",""director_disqualified"":""No"",""insolvency_history"":""No"",""company_name"":""Pure Steel Manufacturing Ltd"",""company_number"":""02306126"",""company_date_established"":""17/10/1999"",""company_website"":""www.puresteelmanufacturingltd.com"",""organisation_type"":""Limited company"",""turnover"":""3800000"",""ph_house_number"":""78"",""ph_house_name"":""Ginda House"",""ph_address_line_1"":""Station Road"",""ph_postcode"":""10065"",""cover_public_products_liability"":""5000000"",""cover_legal_protection"":""250000"",""cover_employers_liability"":""10000000"",""juris_uk"":""0"",""juris_roi"":""0"",""juris_europe"":""7.89"",""juris_usa_canada"":""92.11"",""juris_row"":""0"",""juris_unknown"":""0"",""wage_manual"":""75000"",""wage_clerical"":""265000"",""claim1_date"":""15/06/2020"",""claim1_status"":""Closed"",""claim1_description"":""Burst pipe due to freezing"",""claim1_value"":""2217.67"",""claim1_cause"":""Water damage"",""claim2_date"":""15/10/2023"",""claim2_status"":""Open"",""claim2_description"":""Complaint of concealed roof defect following a Level 2 survey"",""claim2_value"":""1727.18"",""claim2_cause"":""Other"",""property_order"":""1"",""property_house_number"":""122"",""property_house_name"":""Hamilton House"",""property_address_line1"":""Princess Road"",""property_city"":""Los Angeles"",""property_country"":""USA"",""property_postcode"":""90015"",""plimit_buildings"":"""",""plimit_contents"":"""",""plimit_stock"":"""",""plimit_deterioration_of_stock"":"""",""plimit_business_interruption"":"""",""plimit_property_away_in_transit"":""3286.0"",""plimit_money"":""2600.0"",""plimit_computer_breakdown"":""""}",{}
PRE-1778233659941-nofdu9sg,Verify SE clean,pre_bind,pending_data_extraction,0,7,PRB-2026-001-archived-1778234018659,2026-05-08T09:47:39.941Z,2026-05-08T09:53:38.660Z,"{""_formConfig"":{""form_title"":""Submission Extraction — Pre-Bind Review"",""form_subtitle"":""Review and approve the submission data extracted from the broker pack before risk prioritization and pricing"",""confidence_threshold"":{""high"":0.9,""medium"":0.75,""low"":0},""sections"":[{""id"":""general_details"",""title"":""General Details"",""fields"":[{""id"":""broker_ref_hu_number"",""label"":""Broker Ref HU Number"",""value"":""377"",""confidence"":0.97,""type"":""text"",""required"":true,""source"":{""page"":1,""bbox"":[146,700,220,712]}},{""id"":""intermediary_name"",""label"":""Intermediary Name"",""value"":""Marsh"",""confidence"":0.99,""type"":""select"",""required"":true,""options"":[""Marsh"",""Aon"",""Gallagher"",""WTW"",""Lockton"",""Howden""],""source"":{""page"":1,""bbox"":[146,680,280,692]}},{""id"":""broker_contact_name"",""label"":""Broker Contact Name"",""value"":""Lee Jones"",""confidence"":0.96,""type"":""text"",""required"":true,""source"":{""page"":1,""bbox"":[146,660,280,672]}},{""id"":""broker_email"",""label"":""Broker Email"",""value"":""leejones@marsh.com"",""confidence"":0.99,""type"":""text"",""required"":true,""source"":{""page"":1,""bbox"":[146,640,380,652]}},{""id"":""underwriter_email"",""label"":""Underwriter Email"",""value"":"""",""confidence"":0,""type"":""text"",""required"":false,""source"":{""page"":1,""bbox"":[146,620,380,632]}},{""id"":""target_premium"",""label"":""Target Premium"",""value"":""2000.0"",""confidence"":0.94,""type"":""text"",""required"":true,""source"":{""page"":1,""bbox"":[146,600,240,612]}},{""id"":""previous_insurer"",""label"":""Previous Insurer"",""value"":""Aviva"",""confidence"":0.95,""type"":""select"",""required"":false,""options"":[""Aviva"",""AXA"",""Allianz"",""RSA"",""Zurich"",""Hiscox"",""Beazley"",""None""],""source"":{""page"":1,""bbox"":[146,580,280,592]}},{""id"":""quote_effective_date"",""label"":""Quote Effective Date"",""value"":""31/05/2026"",""confidence"":0.98,""type"":""text"",""required"":true,""source"":{""page"":1,""bbox"":[146,560,240,572]}},{""id"":""due_date_quote_deadline"",""label"":""Due Date/Quote Deadline"",""value"":""12/05/2025"",""confidence"":0.96,""type"":""text"",""required"":true,""source"":{""page"":1,""bbox"":[146,540,240,552]}},{""id"":""business_description"",""label"":""Business Description"",""value"":""and Pipe Fitting in a variety of Grade including nickel alloys for corrosion heat resisting and other application"",""confidence"":0.91,""type"":""textarea"",""required"":true,""source"":{""page"":1,""bbox"":[146,500,540,532]}},{""id"":""primary_trade"",""label"":""Primary Trade"",""value"":""Metalworking"",""confidence"":0.95,""type"":""select"",""required"":true,""options"":[""Metalworking"",""Construction"",""Manufacturing"",""Logistics & Warehousing"",""Retail"",""Hospitality"",""Professional Services"",""Healthcare"",""Education"",""Other""],""source"":{""page"":1,""bbox"":[146,480,320,492]}},{""id"":""source"",""label"":""Source"",""value"":""Key value long description inferencing"",""confidence"":0.92,""type"":""text"",""required"":false,""source"":{""page"":1,""bbox"":[146,460,420,472]}},{""id"":""previous_decline"",""label"":""Proposer has previously had insurance declined/cancelled?"",""value"":""No"",""confidence"":0.97,""type"":""select"",""required"":true,""options"":[""Yes"",""No""],""source"":{""page"":1,""bbox"":[146,440,200,452]}},{""id"":""previous_convictions"",""label"":""Proposer has convictions in the past?"",""value"":""No"",""confidence"":0.97,""type"":""select"",""required"":true,""options"":[""Yes"",""No""],""source"":{""page"":1,""bbox"":[146,420,200,432]}},{""id"":""director_disqualified"",""label"":""Directors, partners, board members disqualified from acting as a director of a ltd company or LLP"",""value"":""No"",""confidence"":0.96,""type"":""select"",""required"":true,""options"":[""Yes"",""No""],""source"":{""page"":1,""bbox"":[146,400,200,412]}},{""id"":""insolvency_history"",""label"":""Within the past 10 years, have any of your partners, directors or other board members, or any entities been the subject of an insolvency process?"",""value"":""No"",""confidence"":0.95,""type"":""select"",""required"":true,""options"":[""Yes"",""No""],""source"":{""page"":1,""bbox"":[146,380,200,392]}}]},{""id"":""policy_holders"",""title"":""Policy Holders"",""fields"":[{""id"":""company_name"",""label"":""Company Name"",""value"":""Pure Steel Manufacturing Ltd"",""confidence"":0.99,""type"":""text"",""required"":true,""source"":{""page"":2,""bbox"":[146,700,380,712]}},{""id"":""company_number"",""label"":""Company Number"",""value"":""02306126"",""confidence"":0.98,""type"":""text"",""required"":true,""source"":{""page"":2,""bbox"":[146,680,240,692]}},{""id"":""company_date_established"",""label"":""Company Date Established"",""value"":""17/10/1999"",""confidence"":0.97,""type"":""text"",""required"":true,""source"":{""page"":2,""bbox"":[146,660,240,672]}},{""id"":""company_website"",""label"":""Company Website"",""value"":""www.puresteelmanufacturingltd.com"",""confidence"":0.95,""type"":""text"",""required"":false,""source"":{""page"":2,""bbox"":[146,640,420,652]}},{""id"":""organisation_type"",""label"":""Organisation Type"",""value"":""Limited company"",""confidence"":0.99,""type"":""select"",""required"":true,""options"":[""Limited company"",""PLC"",""LLP"",""Partnership"",""Sole trader"",""Charity"",""Other""],""source"":{""page"":2,""bbox"":[146,620,320,632]}},{""id"":""turnover"",""label"":""Turnover"",""value"":""3800000"",""confidence"":0.96,""type"":""text"",""required"":true,""source"":{""page"":2,""bbox"":[146,600,280,612]}},{""id"":""ph_house_number"",""label"":""House Number"",""value"":""78"",""confidence"":0.98,""type"":""text"",""required"":true,""source"":{""page"":2,""bbox"":[146,580,200,592]}},{""id"":""ph_house_name"",""label"":""House Name"",""value"":""Ginda House"",""confidence"":0.94,""type"":""text"",""required"":false,""source"":{""page"":2,""bbox"":[220,580,360,592]}},{""id"":""ph_address_line_1"",""label"":""Address Line 1"",""value"":""Station Road"",""confidence"":0.95,""type"":""text"",""required"":true,""source"":{""page"":2,""bbox"":[146,560,320,572]}},{""id"":""ph_postcode"",""label"":""Postcode"",""value"":""10065"",""confidence"":0.97,""type"":""text"",""required"":true,""source"":{""page"":2,""bbox"":[146,540,240,552]}}]},{""id"":""covers"",""title"":""Covers"",""fields"":[{""id"":""cover_public_products_liability"",""label"":""Public and Products Liability — Limit of Indemnity (£)"",""value"":""5000000"",""confidence"":0.98,""type"":""text"",""required"":true,""source"":{""page"":3,""bbox"":[146,700,320,712]}},{""id"":""cover_legal_protection"",""label"":""Legal Protection — Limit of Indemnity (£)"",""value"":""250000"",""confidence"":0.97,""type"":""text"",""required"":true,""source"":{""page"":3,""bbox"":[146,680,320,692]}},{""id"":""cover_employers_liability"",""label"":""Employers Liability — Limit of Indemnity (£)"",""value"":""10000000"",""confidence"":0.99,""type"":""text"",""required"":true,""source"":{""page"":3,""bbox"":[146,660,320,672]}}]},{""id"":""jurisdictional_splits"",""title"":""Jurisdictional Splits"",""fields"":[{""id"":""juris_uk"",""label"":""UK %"",""value"":""0"",""confidence"":0.99,""type"":""text"",""required"":true,""source"":{""page"":3,""bbox"":[146,620,200,632]}},{""id"":""juris_roi"",""label"":""Republic of Ireland %"",""value"":""0"",""confidence"":0.99,""type"":""text"",""required"":true,""source"":{""page"":3,""bbox"":[146,600,200,612]}},{""id"":""juris_europe"",""label"":""Europe (excl UK and Republic of Ireland) %"",""value"":""7.89"",""confidence"":0.96,""type"":""text"",""required"":true,""source"":{""page"":3,""bbox"":[146,580,200,592]}},{""id"":""juris_usa_canada"",""label"":""USA and Canada %"",""value"":""92.11"",""confidence"":0.97,""type"":""text"",""required"":true,""source"":{""page"":3,""bbox"":[146,560,200,572]}},{""id"":""juris_row"",""label"":""Rest of the World %"",""value"":""0"",""confidence"":0.99,""type"":""text"",""required"":true,""source"":{""page"":3,""bbox"":[146,540,200,552]}},{""id"":""juris_unknown"",""label"":""Unknown %"",""value"":""0"",""confidence"":0.99,""type"":""text"",""required"":false,""source"":{""page"":3,""bbox"":[146,520,200,532]}}]},{""id"":""wage_roll"",""title"":""Wage Roll"",""fields"":[{""id"":""wage_manual"",""label"":""Manual Work — Wage Roll (£)"",""value"":""75000"",""confidence"":0.95,""type"":""text"",""required"":true,""source"":{""page"":3,""bbox"":[146,480,280,492]}},{""id"":""wage_clerical"",""label"":""Clerical / Non-Manual — Wage Roll (£)"",""value"":""265000"",""confidence"":0.95,""type"":""text"",""required"":true,""source"":{""page"":3,""bbox"":[146,460,280,472]}}]},{""id"":""claim_1"",""title"":""Claim 1"",""fields"":[{""id"":""claim1_date"",""label"":""Claim Date"",""value"":""15/06/2020"",""confidence"":0.99,""type"":""text"",""required"":true,""source"":{""page"":4,""bbox"":[146,700,240,712]}},{""id"":""claim1_status"",""label"":""Claim Status"",""value"":""Closed"",""confidence"":0.99,""type"":""select"",""required"":true,""options"":[""Open"",""Closed"",""In Review"",""Subrogated""],""source"":{""page"":4,""bbox"":[146,680,240,692]}},{""id"":""claim1_description"",""label"":""Claim Description"",""value"":""Burst pipe due to freezing"",""confidence"":0.94,""type"":""textarea"",""required"":true,""source"":{""page"":4,""bbox"":[146,640,420,672]}},{""id"":""claim1_value"",""label"":""Claim Value (£)"",""value"":""2217.67"",""confidence"":0.97,""type"":""text"",""required"":true,""source"":{""page"":4,""bbox"":[146,620,240,632]}},{""id"":""claim1_cause"",""label"":""Claim Cause"",""value"":""Water damage"",""confidence"":0.95,""type"":""select"",""required"":true,""options"":[""Water damage"",""Fire"",""Theft"",""Storm Damage"",""Liability"",""Subsidence"",""Accidental Damage"",""Other""],""source"":{""page"":4,""bbox"":[146,600,280,612]}}]},{""id"":""claim_2"",""title"":""Claim 2"",""fields"":[{""id"":""claim2_date"",""label"":""Claim Date"",""value"":""15/10/2023"",""confidence"":0.99,""type"":""text"",""required"":true,""source"":{""page"":4,""bbox"":[146,560,240,572]}},{""id"":""claim2_status"",""label"":""Claim Status"",""value"":""Open"",""confidence"":0.99,""type"":""select"",""required"":true,""options"":[""Open"",""Closed"",""In Review"",""Subrogated""],""source"":{""page"":4,""bbox"":[146,540,240,552]}},{""id"":""claim2_description"",""label"":""Claim Description"",""value"":""Complaint of concealed roof defect following a Level 2 survey"",""confidence"":0.92,""type"":""textarea"",""required"":true,""source"":{""page"":4,""bbox"":[146,500,540,532]}},{""id"":""claim2_value"",""label"":""Claim Value (£)"",""value"":""1727.18"",""confidence"":0.97,""type"":""text"",""required"":true,""source"":{""page"":4,""bbox"":[146,480,240,492]}},{""id"":""claim2_cause"",""label"":""Claim Cause"",""value"":""Other"",""confidence"":0.9,""type"":""select"",""required"":true,""options"":[""Water damage"",""Fire"",""Theft"",""Storm Damage"",""Liability"",""Subsidence"",""Accidental Damage"",""Other""],""source"":{""page"":4,""bbox"":[146,460,280,472]}}]},{""id"":""property_information"",""title"":""Property Information"",""fields"":[{""id"":""property_order"",""label"":""Property Order"",""value"":""1"",""confidence"":0.99,""type"":""text"",""required"":true,""source"":{""page"":5,""bbox"":[146,700,200,712]}},{""id"":""property_house_number"",""label"":""House Number"",""value"":""122"",""confidence"":0.98,""type"":""text"",""required"":true,""source"":{""page"":5,""bbox"":[146,680,200,692]}},{""id"":""property_house_name"",""label"":""House Name"",""value"":""Hamilton House"",""confidence"":0.94,""type"":""text"",""required"":false,""source"":{""page"":5,""bbox"":[220,680,380,692]}},{""id"":""property_address_line1"",""label"":""Address Line 1"",""value"":""Princess Road"",""confidence"":0.95,""type"":""text"",""required"":true,""source"":{""page"":5,""bbox"":[146,660,320,672]}},{""id"":""property_city"",""label"":""City"",""value"":""Los Angeles"",""confidence"":0.97,""type"":""text"",""required"":true,""source"":{""page"":5,""bbox"":[146,640,280,652]}},{""id"":""property_country"",""label"":""Country"",""value"":""USA"",""confidence"":0.99,""type"":""text"",""required"":true,""source"":{""page"":5,""bbox"":[146,620,240,632]}},{""id"":""property_postcode"",""label"":""Postcode"",""value"":""90015"",""confidence"":0.97,""type"":""text"",""required"":true,""source"":{""page"":5,""bbox"":[146,600,240,612]}}]},{""id"":""property_limits"",""title"":""Property Limits / Sum Insured"",""fields"":[{""id"":""plimit_buildings"",""label"":""Buildings — Limit of Indemnity (£)"",""value"":"""",""confidence"":0,""type"":""text"",""required"":false,""source"":{""page"":5,""bbox"":[146,560,320,572]}},{""id"":""plimit_contents"",""label"":""Contents — Limit of Indemnity (£)"",""value"":"""",""confidence"":0,""type"":""text"",""required"":false,""source"":{""page"":5,""bbox"":[146,540,320,552]}},{""id"":""plimit_stock"",""label"":""Stock — Limit of Indemnity (£)"",""value"":"""",""confidence"":0,""type"":""text"",""required"":false,""source"":{""page"":5,""bbox"":[146,520,320,532]}},{""id"":""plimit_deterioration_of_stock"",""label"":""Deterioration of Stock — Limit of Indemnity (£)"",""value"":"""",""confidence"":0,""type"":""text"",""required"":false,""source"":{""page"":5,""bbox"":[146,500,320,512]}},{""id"":""plimit_business_interruption"",""label"":""Business Interruption — Limit of Indemnity (£)"",""value"":"""",""confidence"":0,""type"":""text"",""required"":false,""source"":{""page"":5,""bbox"":[146,480,320,492]}},{""id"":""plimit_property_away_in_transit"",""label"":""Property Away & In Transit — Limit of Indemnity (£)"",""value"":""3286.0"",""confidence"":0.94,""type"":""text"",""required"":true,""source"":{""page"":5,""bbox"":[146,460,320,472]}},{""id"":""plimit_money"",""label"":""Money — Limit of Indemnity (£)"",""value"":""2600.0"",""confidence"":0.95,""type"":""text"",""required"":true,""source"":{""page"":5,""bbox"":[146,440,320,452]}},{""id"":""plimit_computer_breakdown"",""label"":""Computer Breakdown — Limit of Indemnity (£)"",""value"":"""",""confidence"":0,""type"":""text"",""required"":false,""source"":{""page"":5,""bbox"":[146,420,320,432]}}]}]},""_formAgentType"":""submissions_extractor""}",{}
PRE-1778234018686-15g8gl1e,Pre-Bind Submission — PRB-2026-001,pre_bind,running,1,7,PRB-2026-001-archived-1778234211288,2026-05-08T09:53:38.686Z,2026-05-08T09:56:51.288Z,{},{}
PRE-1778234211299-qybrc51m,Verify DCC business activities,pre_bind,running,0,7,PRB-2026-001-archived-1778234287409,2026-05-08T09:56:51.299Z,2026-05-08T09:58:07.409Z,{},{}
PRE-1778234287448-vje9by8c,Pre-Bind Submission — PRB-2026-001,pre_bind,running,1,7,PRB-2026-001-archived-1778234852293,2026-05-08T09:58:07.449Z,2026-05-08T10:07:32.293Z,{},{}
PRE-1778234852306-a7pcu6s9,Pre-Bind Submission — PRB-2026-001,pre_bind,running,0,7,PRB-2026-001-archived-1778234867261,2026-05-08T10:07:32.308Z,2026-05-08T10:07:47.261Z,{},{}
PRE-1778234867269-vdfjyi3d,Verify chips,pre_bind,running,0,7,PRB-2026-001-archived-1778234910964,2026-05-08T10:07:47.269Z,2026-05-08T10:08:30.964Z,{},{}
PRE-1778234910978-ibdng7cn,Verify chips,pre_bind,running,0,7,PRB-2026-001-archived-1778235235322,2026-05-08T10:08:30.978Z,2026-05-08T10:13:55.322Z,{},{}
PRE-1778235235342-31rxr72g,Verify security,pre_bind,running,0,7,PRB-2026-001-archived-1778235674074,2026-05-08T10:13:55.342Z,2026-05-08T10:21:14.074Z,{},{}
PRE-1778235674109-xtxvkltp,Verify security narrative,pre_bind,running,0,7,PRB-2026-001-archived-1778236174162,2026-05-08T10:21:14.110Z,2026-05-08T10:29:34.162Z,{},{}
PRE-1778236174174-kbreydxj,Pre-Bind Submission — PRB-2026-001,pre_bind,running,0,7,PRB-2026-001-archived-1778237836114,2026-05-08T10:29:34.174Z,2026-05-08T10:57:16.114Z,{},{}
PRE-1778237836139-raiilx0l,Verify decision,pre_bind,running,1,7,PRB-2026-001-archived-1778237931112,2026-05-08T10:57:16.140Z,2026-05-08T10:58:51.112Z,{},{}
PRE-1778237931143-o08say8f,Pre-Bind Submission — PRB-2026-001,pre_bind,running,2,7,PRB-2026-001,2026-05-08T10:58:51.144Z,2026-05-08T17:20:14.471Z,{},{}